ligand,pK(ad42)
1afk_ligand,6.0848
1afl_ligand,3.3216
1a30_ligand,1.2804
1a9m_ligand,5.6202
1a1e_ligand,5.7828
1aaq_ligand,4.4203
1a28_ligand,8.1603
1adl_ligand,3.6979
1a94_ligand,6.7087
1a4w_ligand,6.5667
1a4r_ligand,5.2479
1aid_ligand,3.6864
1ajx_ligand,7.4856
1ajv_ligand,8.6663
1a99_ligand,5.1771
1alw_ligand,2.2328
1aj7_ligand,4.4514
1a9q_ligand,2.8207
1amk_ligand,-1.1669
1apv_ligand,5.3323
1amw_ligand,1.8278
1ai4_ligand,2.994
1ai7_ligand,2.6171
1atr_ligand,2.1026
1ax0_ligand,2.104
1ajp_ligand,2.5938
1ajq_ligand,3.8624
1b0h_ligand,12.09
1b1h_ligand,10.5843
1b2h_ligand,9.7397
1a69_ligand,2.8872
1ado_ligand,2.4535
1b3g_ligand,9.6336
1b3f_ligand,9.3375
1b3h_ligand,10.3165
1b3l_ligand,8.4158
1b6k_ligand,9.7954
1b6j_ligand,9.8048
1b4z_ligand,8.4498
1b4h_ligand,8.3483
1b5h_ligand,8.5556
1b6l_ligand,7.9357
1b5i_ligand,8.4492
1b5j_ligand,9.8469
1b05_ligand,8.7479
1b8n_ligand,4.9724
1b8o_ligand,4.2996
1b6h_ligand,9.4534
1b38_ligand,4.6669
1bdq_ligand,6.7746
1b7h_ligand,9.5518
1bcu_ligand,3.4746
1bhf_ligand,4.9198
1b9j_ligand,9.741
1bai_ligand,5.7128
1b32_ligand,9.4672
1b51_ligand,8.259
1b46_ligand,9.8226
1b40_ligand,10.4862
1b52_ligand,8.7732
1b58_ligand,10.1889
1bju_ligand,5.0393
1bjv_ligand,4.7677
1bhx_ligand,6.9549
1bma_ligand,5.7467
1bgq_ligand,4.636
1bty_ligand,3.7504
1br6_ligand,5.547
1bm7_ligand,4.1631
1bv9_ligand,12.0055
1bv7_ligand,11.6405
1bwa_ligand,11.5117
1bwb_ligand,13.0829
1bxo_ligand,6.3466
1bxq_ligand,4.243
1bzj_ligand,5.7081
1bp0_ligand,5.5198
1c4u_ligand,7.2712
1c5p_ligand,3.6201
1c5q_ligand,4.9707
1c5s_ligand,4.6545
1c5n_ligand,4.4141
1c5o_ligand,3.3312
1c5t_ligand,4.2238
1c5x_ligand,5.4688
1c5c_ligand,7.8915
1c5y_ligand,4.5284
1c70_ligand,9.371
1bq4_ligand,6.2866
1ceb_ligand,4.8688
1c3x_ligand,2.4316
1c83_ligand,6.6032
1c84_ligand,5.7523
1c86_ligand,7.6021
1bzy_ligand,8.0183
1c88_ligand,7.9288
1c87_ligand,6.615
1d4h_ligand,8.7644
1d4i_ligand,9.0727
1d4j_ligand,8.225
1d3d_ligand,6.6919
1d3p_ligand,6.0661
1bxr_ligand,-6.9151
1d4k_ligand,9.3709
1d7j_ligand,1.7332
1d7i_ligand,2.3163
1d4l_ligand,8.0887
1det_ligand,3.2468
1d4y_ligand,8.2273
1d4p_ligand,6.6984
1d6w_ligand,6.7353
1d9i_ligand,5.3469
1dif_ligand,8.0317
1dl7_ligand,3.3974
1dmp_ligand,8.1778
1dhi_ligand,5.3243
1dgm_ligand,1.7647
1dhj_ligand,5.8833
1df8_ligand,6.2348
1dar_ligand,4.9465
1dud_ligand,4.1973
1e1v_ligand,1.6652
1dqn_ligand,6.0939
1e1x_ligand,4.0692
1e3g_ligand,8.058
1cet_ligand,2.6655
1e3v_ligand,1.5635
1e5j_ligand,1.2193
1eb2_ligand,6.2814
1ebw_ligand,7.9625
1eby_ligand,8.7206
1e4h_ligand,3.835
1ebz_ligand,8.5253
1ec0_ligand,9.0911
1e2l_ligand,4.8766
1ec1_ligand,8.8272
1e2k_ligand,4.9894
1ec2_ligand,8.6105
1d2e_ligand,6.3538
1ec3_ligand,7.7729
1drv_ligand,5.2351
1duv_ligand,9.2026
1ejn_ligand,8.2419
1ela_ligand,4.6876
1elb_ligand,2.8411
1ecv_ligand,6.702
1elc_ligand,5.2453
1eld_ligand,-1.2311
1efy_ligand,5.3373
1ele_ligand,4.5944
1ex8_ligand,9.835
1epo_ligand,7.2158
1f0u_ligand,6.9458
1f0t_ligand,5.6448
1ezq_ligand,8.2586
1e66_ligand,7.4856
1f0r_ligand,5.2469
1f0s_ligand,6.0847
1ez9_ligand,-0.9663
1egh_ligand,3.3004
1f5k_ligand,3.6331
1f4x_ligand,2.9077
1f4e_ligand,2.8602
1f5l_ligand,4.4024
1fao_ligand,11.0825
1f4f_ligand,2.8819
1f4g_ligand,3.9548
1fcx_ligand,10.0566
1fcy_ligand,10.6912
1fcz_ligand,10.3748
1fch_ligand,5.3185
1fd0_ligand,8.8318
1fh7_ligand,4.6988
1fh8_ligand,4.7965
1fkb_ligand,6.9333
1fkg_ligand,4.8793
1fh9_ligand,1.4927
1fiv_ligand,8.572
1fhd_ligand,4.3766
1ec9_ligand,-4.2287
1ecq_ligand,0.0458
1fkf_ligand,7.3568
1fkh_ligand,5.3029
1fjs_ligand,5.8716
1fki_ligand,6.6089
1f74_ligand,3.0407
1f73_ligand,1.4404
1fpc_ligand,5.4677
1fq5_ligand,11.0758
1fl3_ligand,5.6243
1flr_ligand,7.5658
1fkn_ligand,5.2806
1f8b_ligand,2.2882
1fm9_ligand,9.704
1f8c_ligand,4.4117
1f8d_ligand,3.6889
1f8e_ligand,5.1632
1fzq_ligand,8.5424
1fzj_ligand,8.9568
1g2k_ligand,8.685
1g2l_ligand,6.5196
1g3d_ligand,3.3949
1fzk_ligand,9.3111
1fzo_ligand,9.228
1g3e_ligand,3.3854
1fzm_ligand,8.6506
1fo0_ligand,12.2302
1g7f_ligand,7.0806
1g7v_ligand,-1.6633
1g35_ligand,8.4479
1g32_ligand,6.6417
1g30_ligand,5.814
1g7g_ligand,6.3635
1g74_ligand,2.8182
1g36_ligand,5.8606
1g7q_ligand,4.5826
1g85_ligand,1.999
1g2o_ligand,4.5386
1ghz_ligand,4.3846
1gnm_ligand,5.3175
1gj6_ligand,6.6993
1gi7_ligand,4.191
1gjc_ligand,-3.6762
1gfy_ligand,6.7847
1ghv_ligand,4.1748
1gaf_ligand,5.3591
1gnn_ligand,1.8107
1gai_ligand,4.3424
1gar_ligand,8.6718
1gno_ligand,2.4176
1gyx_ligand,4.3362
1gyy_ligand,4.0059
1h0a_ligand,8.5222
1gwv_ligand,1.3846
1h4w_ligand,3.8952
1gx8_ligand,4.3455
1gvw_ligand,4.6795
1h6h_ligand,4.3402
1gvx_ligand,8.1944
1gpk_ligand,6.1674
1gpn_ligand,6.4155
1h5v_ligand,1.2598
1hi3_ligand,2.0911
1hi4_ligand,5.0922
1hbv_ligand,5.9167
1hi5_ligand,2.7445
1h1s_ligand,6.9323
1g98_ligand,1.6553
1hih_ligand,7.803
1hmr_ligand,3.6108
1hii_ligand,8.4166
1grp_ligand,2.8688
1hms_ligand,3.7227
1hmt_ligand,3.7255
1h22_ligand,7.6548
1h46_ligand,3.3977
1h23_ligand,7.8812
1hos_ligand,5.6768
1hpo_ligand,6.8189
1hn4_ligand,4.0062
1hps_ligand,6.8805
1hpv_ligand,5.6784
1hsh_ligand,7.9729
1hpx_ligand,6.1081
1h2t_ligand,1.7876
1hvi_ligand,7.8773
1hvj_ligand,8.2349
1hvh_ligand,5.1544
1hvk_ligand,8.5411
1hk4_ligand,4.6056
1hvl_ligand,7.6139
1hvr_ligand,9.8023
1hp5_ligand,3.9562
1hvs_ligand,7.3102
1hwr_ligand,5.6921
1hxb_ligand,9.1626
1hxw_ligand,7.5839
1ikt_ligand,4.5062
1ie9_ligand,9.2898
1iiq_ligand,9.7812
1j4r_ligand,4.7573
1izh_ligand,8.5657
1izi_ligand,8.1595
1ivp_ligand,6.3974
1i7z_ligand,5.7188
1ii5_ligand,5.1718
1j01_ligand,1.9082
1i2s_ligand,1.3625
1iih_ligand,4.214
1j14_ligand,3.9041
1j16_ligand,3.7074
1j17_ligand,7.9639
1jn4_ligand,5.5628
1jq8_ligand,1.9036
1jvu_ligand,3.8861
1i5r_ligand,10.5929
1igj_ligand,4.7663
1jak_ligand,5.2067
1jgl_ligand,3.7478
1ik4_ligand,4.3334
1jet_ligand,8.3782
1jeu_ligand,8.6673
1jev_ligand,11.6882
1jyq_ligand,10.2698
1k1i_ligand,5.4333
1k1j_ligand,6.5416
1jqy_ligand,-0.4265
1k1l_ligand,6.3793
1k1m_ligand,6.5812
1k1n_ligand,5.2853
1jmf_ligand,3.8496
1jmg_ligand,4.7644
1jys_ligand,3.0977
1k1o_ligand,6.2732
1k6c_ligand,7.2776
1k6p_ligand,7.475
1k6t_ligand,7.2983
1kjr_ligand,2.1133
1jlr_ligand,6.507
1k6v_ligand,7.5557
1kpm_ligand,4.6702
1k21_ligand,6.9036
1k22_ligand,7.3551
1kav_ligand,3.619
1kdk_ligand,7.5995
1k1y_ligand,4.2443
1kel_ligand,6.5195
1km3_ligand,4.7737
1kzn_ligand,4.7867
1kzk_ligand,7.9581
1ksn_ligand,8.0315
1l83_ligand,2.7845
1kv1_ligand,6.5231
1laf_ligand,7.1475
1kv5_ligand,3.88
1lah_ligand,6.6854
1l8g_ligand,7.868
1lag_ligand,5.6239
1k27_ligand,5.8966
1lgw_ligand,2.6501
1lbf_ligand,7.2112
1lee_ligand,6.0845
1li2_ligand,2.9875
1lf2_ligand,5.9271
1li6_ligand,2.0272
1li3_ligand,3.1775
1lke_ligand,7.3688
1lkk_ligand,7.0332
1kyv_ligand,6.5703
1lbk_ligand,5.56
1lkl_ligand,6.5901
1lnm_ligand,7.4365
1lhu_ligand,6.5348
1koj_ligand,3.7606
1lpg_ligand,7.19
1lpk_ligand,6.5645
1lzq_ligand,8.4136
1lst_ligand,6.2448
1k9s_ligand,3.5353
1lpz_ligand,7.7388
1m0b_ligand,8.1425
1loq_ligand,0.9785
1lyb_ligand,5.3282
1lyx_ligand,2.5967
1kc7_ligand,-0.186
1m2p_ligand,4.0743
1m2r_ligand,4.9091
1m2q_ligand,4.5361
1m48_ligand,6.832
1m7d_ligand,3.3649
1mai_ligand,9.5578
1m7i_ligand,1.1954
1m4h_ligand,7.2406
1mfa_ligand,1.6607
1met_ligand,7.7199
1mes_ligand,7.4018
1mfd_ligand,2.054
1mfi_ligand,5.2528
1mh5_ligand,2.7366
1mq5_ligand,9.1857
1mq6_ligand,8.2366
1m83_ligand,10.2006
1m7y_ligand,8.4324
1m1b_ligand,1.3523
1mjj_ligand,6.6454
1mrw_ligand,7.3635
1msm_ligand,8.9567
1mrx_ligand,7.6675
1msn_ligand,8.817
1mtr_ligand,9.6857
1lvu_ligand,5.5299
1mrs_ligand,4.063
1mrn_ligand,3.4372
1moq_ligand,3.1948
1mu6_ligand,5.4673
1m0n_ligand,5.349
1m0o_ligand,4.671
1mu8_ligand,5.9161
1n0s_ligand,-6.2951
1m0q_ligand,6.1745
1n4h_ligand,6.6229
1mue_ligand,5.7801
1n4k_ligand,8.814
1m5w_ligand,-0.4946
1nfu_ligand,7.0245
1nf8_ligand,7.3691
1nfw_ligand,7.1032
1nc1_ligand,5.8495
1n46_ligand,7.4684
1nh0_ligand,7.4467
1nfx_ligand,7.4094
1nc3_ligand,6.4068
1nfy_ligand,7.1872
1n3i_ligand,2.3508
1nhz_ligand,8.4463
1njs_ligand,8.0233
1nhu_ligand,4.3556
1nki_ligand,1.3493
1nli_ligand,0.9845
1nl9_ligand,7.1414
1nm6_ligand,8.7862
1n5r_ligand,3.2205
1no6_ligand,5.3263
1nny_ligand,9.0879
1nq7_ligand,7.2587
1nja_ligand,4.8192
1nvq_ligand,8.8266
1nt1_ligand,9.4621
1njc_ligand,5.3326
1nvr_ligand,9.085
1njd_ligand,5.6585
1nje_ligand,5.5295
1nvs_ligand,3.7765
1o0f_ligand,4.0707
1n1m_ligand,6.9428
1o0h_ligand,5.418
1o0m_ligand,4.1232
1o0n_ligand,3.1887
1nw5_ligand,7.029
1nw7_ligand,5.1306
1o2h_ligand,-13.2386
1o2n_ligand,-0.8021
1o2o_ligand,3.4654
1nz7_ligand,6.546
1o2q_ligand,6.2348
1o2z_ligand,4.4958
1o3d_ligand,3.9054
1o3i_ligand,4.0677
1o3l_ligand,5.2889
1o5a_ligand,0.5964
1n51_ligand,7.8155
1o30_ligand,-14.4569
1o33_ligand,3.8107
1np0_ligand,3.2783
1o38_ligand,-0.4364
1o7o_ligand,4.6116
1oar_ligand,6.6354
1oau_ligand,5.0894
1o5e_ligand,-0.1471
1ocq_ligand,5.0087
1oba_ligand,1.2227
1od8_ligand,1.3198
1ohr_ligand,8.115
1ogx_ligand,5.1741
1ogz_ligand,3.5592
1oe8_ligand,5.5264
1oif_ligand,3.5511
1ony_ligand,6.6038
1nw4_ligand,3.5944
1om1_ligand,6.0556
1onz_ligand,3.9471
1oss_ligand,3.4112
1ork_ligand,6.495
1oxr_ligand,1.8686
1owe_ligand,5.0271
1os5_ligand,4.9565
1oyq_ligand,5.1232
1owh_ligand,5.4727
1oyt_ligand,7.1287
1ogg_ligand,5.6191
1ogd_ligand,1.8662
1pa9_ligand,6.4193
1pb8_ligand,4.0762
1pb9_ligand,4.6985
1odi_ligand,4.2863
1p19_ligand,0.5678
1p1n_ligand,6.0641
1odj_ligand,4.2736
1p1o_ligand,7.1351
1olu_ligand,6.3831
1ols_ligand,7.3953
1pbq_ligand,5.5658
1ppc_ligand,6.1413
1pph_ligand,5.8413
1pot_ligand,7.5812
1pme_ligand,5.499
1olx_ligand,7.8726
1ppk_ligand,2.9001
1pro_ligand,9.4785
1pdz_ligand,1.0688
1ppl_ligand,4.0514
1ppm_ligand,3.8581
1ppi_ligand,5.5507
1pxn_ligand,5.3299
1pxo_ligand,4.2154
1oz0_ligand,2.1223
1pxp_ligand,6.0341
1pgp_ligand,2.6982
1pyn_ligand,7.3436
1pzp_ligand,3.3809
1q7a_ligand,3.3733
1phw_ligand,-1.8911
1pz5_ligand,1.6042
1pzi_ligand,0.7687
1pkx_ligand,10.4306
1q91_ligand,6.3743
1q8t_ligand,4.6092
1qan_ligand,6.2911
1q8w_ligand,5.9773
1q8u_ligand,5.7301
1q72_ligand,4.2892
1qb1_ligand,3.5768
1q5k_ligand,4.2963
1qb9_ligand,5.7811
1qb6_ligand,4.6351
1qbn_ligand,5.8115
1qbo_ligand,5.9621
1qbs_ligand,7.7882
1qbr_ligand,11.6805
1qbu_ligand,7.8776
1qhc_ligand,6.6185
1pr5_ligand,2.6938
1qbt_ligand,13.926
1qft_ligand,5.1824
1qbv_ligand,5.9085
1pvn_ligand,6.1567
1qaw_ligand,4.283
1ql7_ligand,7.2982
1ql9_ligand,8.0144
1qxk_ligand,6.6254
1rbp_ligand,6.3045
1r0p_ligand,7.7861
1q84_ligand,11.9727
1r9l_ligand,3.1301
1rd4_ligand,6.0977
1qka_ligand,11.1694
1q1g_ligand,4.128
1qkt_ligand,6.3498
1qyg_ligand,5.8471
1qkb_ligand,9.8327
1rnm_ligand,1.637
1rnt_ligand,2.5595
1rjk_ligand,6.8355
1rpf_ligand,2.7867
1qk3_ligand,4.2782
1rtf_ligand,3.5557
1qk4_ligand,4.6123
1sbg_ligand,5.9688
1sdt_ligand,8.4977
1s19_ligand,4.7265
1sdu_ligand,7.8068
1sdv_ligand,8.2431
1sgu_ligand,7.7127
1sb1_ligand,6.8074
1rql_ligand,0.8154
1siv_ligand,8.739
1sh9_ligand,5.8737
1sqo_ligand,5.5494
1sqa_ligand,5.4927
1sqt_ligand,5.1749
1sl3_ligand,8.313
1sv3_ligand,2.1519
1sld_ligand,4.7968
1rr6_ligand,4.227
1s5z_ligand,3.0391
1s89_ligand,4.1709
1srg_ligand,1.9638
1stc_ligand,8.9813
1sr7_ligand,9.6336
1sw2_ligand,3.7229
1str_ligand,2.0755
1t7j_ligand,5.2771
1t7d_ligand,4.4456
1swg_ligand,-6.2862
1swr_ligand,6.6535
1t4v_ligand,5.9238
1td7_ligand,2.5504
1t32_ligand,9.587
1tcx_ligand,6.012
1syh_ligand,9.5282
1syi_ligand,8.5948
1ta6_ligand,7.8084
1tng_ligand,4.2329
1tni_ligand,3.6691
1tnh_ligand,4.0616
1rp7_ligand,5.4499
1tom_ligand,7.4315
1trd_ligand,4.077
1tx7_ligand,3.5125
1u1b_ligand,5.9842
1tq4_ligand,6.9532
1t5f_ligand,0.233
1tpw_ligand,4.6521
1u71_ligand,5.1313
1ssq_ligand,3.724
1ui0_ligand,3.7709
1tsy_ligand,5.4743
1uj5_ligand,2.8891
1u1w_ligand,3.9799
1u33_ligand,2.0932
1ua4_ligand,0.5268
1ugx_ligand,1.7581
1thz_ligand,5.7439
1utj_ligand,4.4021
1utl_ligand,2.9007
1utm_ligand,2.7828
1utn_ligand,4.4673
1tjp_ligand,4.8983
1uto_ligand,2.5422
1ucn_ligand,-2.5887
1tkb_ligand,4.8785
1u0g_ligand,3.1725
1uwf_ligand,2.0491
1uou_ligand,4.6499
1usi_ligand,6.7305
1uvt_ligand,6.3513
1upf_ligand,2.1703
1v0k_ligand,4.3935
1v0l_ligand,3.3063
1ur9_ligand,6.6209
1uz8_ligand,3.0646
1uz4_ligand,3.6775
1v2j_ligand,3.7984
1uz1_ligand,3.6339
1v2k_ligand,7.7883
1v2l_ligand,3.5639
1v2n_ligand,5.8147
1v2o_ligand,3.5511
1v2s_ligand,3.8679
1v2r_ligand,3.7091
1v2t_ligand,3.6707
1v2u_ligand,3.8155
1uv6_ligand,2.5602
1v2w_ligand,3.506
1usk_ligand,5.6525
1vyf_ligand,2.8276
1vyg_ligand,5.4676
1uw6_ligand,5.5084
1w0z_ligand,5.7581
1vzq_ligand,7.4763
1w4o_ligand,3.8578
1w4p_ligand,4.1273
1w4q_ligand,4.2326
1w3l_ligand,3.1672
1w3k_ligand,1.762
1vso_ligand,5.1591
1w3j_ligand,4.6257
1w5v_ligand,9.0224
1w5w_ligand,9.1021
1w5y_ligand,8.8072
1w5x_ligand,9.2281
1w7g_ligand,2.5534
1w11_ligand,6.8555
1w9v_ligand,6.8599
1w9u_ligand,-3.5558
1v1m_ligand,6.9315
1w13_ligand,7.7554
1wdn_ligand,6.1411
1uwt_ligand,3.3547
1v1j_ligand,3.1682
1wc1_ligand,2.0689
1uwu_ligand,5.6698
1w96_ligand,7.3084
1wm1_ligand,6.4177
1wcq_ligand,5.6186
1x1z_ligand,2.4186
1v11_ligand,6.493
1v16_ligand,7.0744
1ws4_ligand,2.5936
1x8t_ligand,7.365
1wvj_ligand,8.7603
1xap_ligand,9.5622
1xbo_ligand,7.8411
1wht_ligand,1.1471
1x8j_ligand,5.1809
1x39_ligand,4.3519
1xgi_ligand,2.1063
1x38_ligand,4.9422
1xk5_ligand,2.8734
1xk9_ligand,-0.37
1xff_ligand,6.7999
1xh4_ligand,11.6746
1xd0_ligand,5.5864
1xh9_ligand,11.1317
1xjd_ligand,7.1921
1xh5_ligand,11.2843
1xow_ligand,7.9297
1xka_ligand,5.8268
1xkk_ligand,8.3239
1xhy_ligand,7.0595
1xt8_ligand,4.9397
1xws_ligand,7.036
1y3v_ligand,6.7334
1y3x_ligand,6.6298
1y1z_ligand,6.1094
1y0l_ligand,4.779
1yc1_ligand,4.8333
1yc4_ligand,4.2043
1y20_ligand,5.1259
1xr9_ligand,12.4287
1y3n_ligand,2.5882
1y3p_ligand,1.654
1y6q_ligand,6.5548
1y6r_ligand,7.7844
1yet_ligand,6.0547
1ydr_ligand,5.6013
1yp9_ligand,6.5852
1yds_ligand,5.7999
1ydk_ligand,6.3488
1ydt_ligand,7.276
1z6s_ligand,3.7191
1ype_ligand,8.1049
1z1h_ligand,7.5227
1z4o_ligand,5.3238
1ypg_ligand,7.845
1ypj_ligand,7.8988
1z6e_ligand,8.0218
1yqj_ligand,9.1482
1yfz_ligand,1.8394
1z95_ligand,6.9801
1z71_ligand,7.8004
1zsf_ligand,7.5259
1zgi_ligand,5.6366
1zp8_ligand,5.9533
1zc9_ligand,-0.0548
1yq7_ligand,-10.19
1zea_ligand,0.4999
1zhy_ligand,7.1155
2a5s_ligand,4.8954
2a14_ligand,6.9088
2aac_ligand,2.7093
1zoe_ligand,4.6359
2a5b_ligand,1.8504
1zoh_ligand,5.3585
1zog_ligand,5.1295
2aoc_ligand,9.1359
2ans_ligand,3.6368
2a5c_ligand,2.9023
2a8g_ligand,1.5555
2a4m_ligand,0.6353
2aod_ligand,9.1353
2am4_ligand,3.7515
2aog_ligand,8.9268
2arm_ligand,2.154
2aqu_ligand,8.7948
2al5_ligand,7.4944
2aoe_ligand,7.2851
2avo_ligand,7.0533
2avq_ligand,8.7744
2avm_ligand,9.3459
2avs_ligand,7.8844
2ayr_ligand,9.3078
2ax9_ligand,4.8698
2azr_ligand,6.1897
2b4l_ligand,3.1852
2b07_ligand,7.3746
2bes_ligand,3.9409
2bfr_ligand,5.3857
2bfq_ligand,2.7576
2bet_ligand,2.7444
2baj_ligand,8.8686
2b9a_ligand,-2.9607
2bal_ligand,5.596
2bak_ligand,8.8773
2b7d_ligand,6.5176
2bmk_ligand,2.4783
2bpv_ligand,6.8796
2bqv_ligand,8.3315
2boh_ligand,7.0383
2bpy_ligand,7.1848
2bok_ligand,5.9143
2bq7_ligand,6.3349
2brb_ligand,4.8576
2brm_ligand,4.0595
2br1_ligand,4.5406
2aj8_ligand,6.9784
2boj_ligand,0.3712
2bt9_ligand,3.5151
2b1g_ligand,6.0106
2bvd_ligand,5.874
2b1i_ligand,1.0685
2bza_ligand,3.9173
2bvr_ligand,4.8883
2bvs_ligand,3.9504
2bz6_ligand,5.3355
2c3l_ligand,4.4683
2c3i_ligand,5.4158
2c1p_ligand,4.8603
2c80_ligand,7.5288
2cbz_ligand,5.5802
2ca8_ligand,6.55
2cbu_ligand,4.665
2ccb_ligand,2.5552
2cbv_ligand,5.7609
2cej_ligand,9.5227
2c92_ligand,8.0717
2cbj_ligand,4.0692
2c97_ligand,5.0813
2c94_ligand,5.884
2bo4_ligand,1.9721
2bys_ligand,8.9803
2byr_ligand,7.5334
2cen_ligand,9.6168
2cc7_ligand,4.3416
2ce9_ligand,4.7751
2cf8_ligand,7.9378
2cf9_ligand,7.5408
2ccc_ligand,4.4962
2ces_ligand,3.7584
2ceq_ligand,3.4573
2cer_ligand,4.1315
2cet_ligand,4.1466
2cgr_ligand,7.8368
2cgf_ligand,4.2154
2d0k_ligand,5.9977
2cn0_ligand,7.1381
2drc_ligand,6.7191
2e9u_ligand,6.6298
2e27_ligand,6.1625
2e2r_ligand,5.4179
2d3u_ligand,6.3578
2csn_ligand,3.7221
2d3z_ligand,5.9626
2e2p_ligand,4.0842
2e7f_ligand,6.1856
2dw7_ligand,1.2738
2cle_ligand,3.9032
2clh_ligand,7.5004
2f1g_ligand,4.5677
2cli_ligand,5.8435
2ewa_ligand,7.4226
2cht_ligand,4.5864
2exm_ligand,3.0674
2erz_ligand,5.6768
2clk_ligand,3.5437
2e91_ligand,0.6839
2ews_ligand,6.3517
2f6t_ligand,7.418
2e92_ligand,1.1875
2f8g_ligand,7.2825
2e94_ligand,2.4192
2f80_ligand,6.3418
2f34_ligand,4.7913
2f35_ligand,4.5487
2fgu_ligand,9.4418
2f81_ligand,6.2371
2fgv_ligand,9.5021
2fle_ligand,8.6439
2f7i_ligand,5.3497
2fmb_ligand,9.4277
2fdp_ligand,10.9305
2fqw_ligand,3.7656
2fqx_ligand,4.9566
2fx6_ligand,3.8161
2fxs_ligand,0.6018
2fvd_ligand,6.4407
2fqy_ligand,3.3279
2flr_ligand,6.7309
2fxu_ligand,6.5702
2gj5_ligand,3.417
2fxv_ligand,4.376
2epn_ligand,3.919
2gh9_ligand,4.0506
2g5u_ligand,4.1927
2g94_ligand,8.8795
2gv6_ligand,5.5652
2gv7_ligand,7.6729
2gss_ligand,2.5896
2fpz_ligand,4.4219
2gvv_ligand,3.5794
2gst_ligand,10.2065
2h4g_ligand,5.8924
2h4k_ligand,5.9483
2h21_ligand,6.1951
2hah_ligand,5.4336
2fw6_ligand,3.8963
2hb3_ligand,6.779
2gz2_ligand,3.1742
2hb1_ligand,5.5309
2hhn_ligand,4.379
2glp_ligand,5.7827
2gl0_ligand,2.9827
2hnx_ligand,3.2933
2haw_ligand,1.4442
2hs1_ligand,6.9049
2hxm_ligand,5.8839
2i0a_ligand,6.6763
2hkf_ligand,7.3485
2ha2_ligand,2.943
2i4d_ligand,7.1589
2ha6_ligand,3.4953
2i4u_ligand,7.2584
2ha3_ligand,1.8963
2i4v_ligand,7.2223
2i4w_ligand,7.4705
2hjb_ligand,4.3075
2hzl_ligand,2.4249
2gyi_ligand,1.2218
2i4x_ligand,7.5706
2idw_ligand,6.6098
2i6b_ligand,4.3062
2i4j_ligand,4.5689
2ihq_ligand,5.613
2hmu_ligand,5.9806
2hmv_ligand,5.3849
2iwx_ligand,4.2733
2ihj_ligand,1.1096
2i4z_ligand,5.6412
2j2u_ligand,7.068
2iuz_ligand,6.0537
2i2c_ligand,4.6856
2j4i_ligand,7.6812
2izl_ligand,4.8306
2i19_ligand,-0.363
2j7b_ligand,3.3506
2j7d_ligand,3.3339
2j4g_ligand,3.752
2j7e_ligand,2.6854
2j34_ligand,7.0457
2j7h_ligand,5.2057
2j7f_ligand,2.6678
2j7g_ligand,3.2039
2j27_ligand,3.287
2j75_ligand,5.5823
2j77_ligand,4.1166
2j47_ligand,5.0804
2j94_ligand,6.4062
2j78_ligand,2.6243
2j95_ligand,6.6609
2j79_ligand,3.0977
2jdm_ligand,0.6181
2jdp_ligand,0.6515
2jdu_ligand,0.7484
2jds_ligand,7.2171
2jfz_ligand,7.0674
2jg0_ligand,2.3834
2jh0_ligand,6.6818
2jh5_ligand,6.3556
2jh6_ligand,6.149
2jgs_ligand,4.7212
2jkh_ligand,6.2883
2nmz_ligand,8.0438
2j62_ligand,6.4475
2jxr_ligand,6.2729
2jiw_ligand,5.154
2iko_ligand,6.8517
2nta_ligand,6.4809
2nt7_ligand,7.3827
2o4j_ligand,8.7936
2o4k_ligand,9.0656
2o4l_ligand,8.4189
2o4n_ligand,8.8535
2o0u_ligand,7.9783
2jkp_ligand,1.5504
2o4r_ligand,9.4218
2jjb_ligand,3.8778
2oax_ligand,9.8546
2oiq_ligand,9.7598
2ojg_ligand,5.5229
2ojj_ligand,6.735
2mas_ligand,4.8345
2oi2_ligand,0.2219
2ogy_ligand,4.9716
2olb_ligand,10.2677
2oxd_ligand,4.9465
2jke_ligand,2.9361
2nsl_ligand,3.718
2nsj_ligand,4.0293
2oxn_ligand,2.3084
2oxx_ligand,4.9507
2oxy_ligand,4.4762
2p3i_ligand,1.8543
2p3a_ligand,3.9413
2p3c_ligand,7.5031
2p3b_ligand,1.4202
2oym_ligand,6.752
2on6_ligand,0.5089
2p7a_ligand,3.2927
2p7g_ligand,5.7462
2p7z_ligand,7.6856
2p2a_ligand,10.7187
2p4j_ligand,10.0526
2p16_ligand,8.2826
2p4y_ligand,7.7738
2p95_ligand,7.7523
2pk6_ligand,9.6248
2pk5_ligand,11.0138
2p15_ligand,9.1054
2pcp_ligand,7.0735
2oag_ligand,7.9639
2pbw_ligand,6.7739
2ole_ligand,5.2562
2ot1_ligand,3.4059
2pql_ligand,6.061
2pog_ligand,5.7099
2p4s_ligand,4.9435
2pqz_ligand,10.3
2psu_ligand,6.0961
2pv1_ligand,3.6434
2psv_ligand,5.601
2pq9_ligand,11.6061
2pqb_ligand,7.6093
2pqc_ligand,7.0587
2pvu_ligand,7.2539
2pu2_ligand,4.1336
2pwc_ligand,9.6554
2pvh_ligand,5.0562
2pwr_ligand,12.1085
2pvj_ligand,5.76
2pvm_ligand,4.9718
2pvk_ligand,5.8956
2pvl_ligand,5.4155
2pyn_ligand,3.6773
2q5k_ligand,7.6938
2pgz_ligand,6.1087
2q2a_ligand,9.0567
2py4_ligand,8.487
2q54_ligand,7.4019
2q55_ligand,8.254
2q64_ligand,3.7388
2pwd_ligand,1.9861
2q63_ligand,7.9622
2pwg_ligand,4.1136
2pyy_ligand,5.6864
2qbp_ligand,7.1526
2qbw_ligand,9.8508
2qbq_ligand,7.0552
2qbr_ligand,6.7206
2qci_ligand,7.0016
2qd7_ligand,7.0765
2qd8_ligand,6.6893
2qd6_ligand,6.7397
2qbs_ligand,7.1043
2q6f_ligand,2.1311
2q8z_ligand,4.4626
2qbu_ligand,6.957
2qe4_ligand,5.8304
2qg2_ligand,6.1027
2qi3_ligand,4.9614
2qi1_ligand,6.952
2qi5_ligand,7.5805
2qhz_ligand,5.8917
2qi4_ligand,6.9889
2qhy_ligand,6.8276
2qi0_ligand,7.2083
2qi6_ligand,7.2498
2qi7_ligand,4.0806
2q7q_ligand,4.6548
2qg0_ligand,5.275
2qnn_ligand,11.5728
2qnp_ligand,11.7433
2qm9_ligand,5.195
2qnq_ligand,10.0876
2qpq_ligand,1.4842
2qmg_ligand,10.1885
2qpu_ligand,-0.1983
2qw1_ligand,-0.1402
2qrl_ligand,2.3476
2qrk_ligand,4.5243
2qtn_ligand,2.4087
2qu6_ligand,9.0581
2qtg_ligand,4.601
2qtt_ligand,4.9905
2r3t_ligand,11.2979
2r2w_ligand,6.8909
2r3w_ligand,10.0969
2r2m_ligand,6.3327
2r5a_ligand,1.325
2r5p_ligand,8.1913
2r0z_ligand,4.0672
2r0h_ligand,1.0681
2r9w_ligand,4.9971
2r38_ligand,11.2222
2r43_ligand,9.7917
2r58_ligand,2.1613
2r9x_ligand,4.1696
2r75_ligand,7.5084
2ra0_ligand,7.8062
2rcb_ligand,4.2287
2rin_ligand,3.9098
2reg_ligand,3.5787
2ri9_ligand,0.4979
2rkf_ligand,6.7035
2rkg_ligand,6.3262
2qta_ligand,6.1597
2qwb_ligand,1.6714
2qwd_ligand,4.1609
2qwc_ligand,2.5218
2rk8_ligand,3.7925
2qwe_ligand,5.2701
2rka_ligand,3.3076
2rkd_ligand,0.8929
2qwf_ligand,5.6798
2rio_ligand,3.2807
2rke_ligand,4.8682
2tpi_ligand,6.4191
2sim_ligand,3.9982
2rkm_ligand,6.8501
2uwl_ligand,6.5153
2uwo_ligand,7.4047
2uxz_ligand,9.5309
2uy0_ligand,9.5273
2std_ligand,5.6683
2uwp_ligand,6.3384
2uwd_ligand,4.682
2uy3_ligand,3.8287
2uy4_ligand,3.4595
2uy5_ligand,4.0906
2uxi_ligand,-5.1845
2uyq_ligand,3.6446
2uyn_ligand,3.5213
2v2q_ligand,3.0259
2v00_ligand,5.2629
2v2v_ligand,3.191
2v3u_ligand,4.6912
2v7a_ligand,6.9832
2v2c_ligand,3.8416
2v57_ligand,4.4614
2v8w_ligand,7.2478
2v3d_ligand,3.6803
2v54_ligand,4.6222
2v95_ligand,6.1002
2v58_ligand,6.1826
2vfk_ligand,2.1031
2v2h_ligand,4.5151
2v59_ligand,5.1762
2vh0_ligand,7.7974
2vh6_ligand,8.3247
2vk2_ligand,4.9813
2rd6_ligand,5.3394
2vnt_ligand,7.8119
2vk6_ligand,5.2114
2vb8_ligand,4.8489
2vkm_ligand,10.8576
2vba_ligand,4.687
2vc9_ligand,3.7419
2vo4_ligand,1.9472
2vpn_ligand,4.7399
2vpo_ligand,4.4089
2vjx_ligand,3.8182
2vmc_ligand,0.1872
2vl4_ligand,5.0735
2vt3_ligand,4.3443
2vvc_ligand,8.1387
2vmf_ligand,3.8798
2vrj_ligand,4.3761
2vvu_ligand,7.913
2vo5_ligand,6.4129
2vw5_ligand,5.6162
2vot_ligand,3.735
2vwc_ligand,5.5284
2vvv_ligand,8.3045
2vwl_ligand,8.0789
2vvs_ligand,4.8264
2vqt_ligand,4.7606
2vwn_ligand,7.904
2vzr_ligand,1.7248
2vwm_ligand,8.2834
2vvn_ligand,4.4485
2w5g_ligand,3.4705
2vyt_ligand,1.2474
2vwo_ligand,8.0288
2vw1_ligand,4.1392
2w47_ligand,1.1589
2vw2_ligand,5.5967
2vhj_ligand,-7.2538
2w9h_ligand,4.6999
2vxn_ligand,4.6642
2w8y_ligand,7.4677
2w26_ligand,7.8155
2w4x_ligand,3.0313
2we3_ligand,4.7435
2wc3_ligand,4.2048
2wc4_ligand,4.2615
2wb5_ligand,4.2522
2w66_ligand,3.2826
2w8j_ligand,3.6891
2w67_ligand,3.8483
2w8w_ligand,2.314
2wca_ligand,3.1324
2wf5_ligand,5.1484
2weq_ligand,2.0783
2web_ligand,3.5056
2wjg_ligand,6.5737
2wec_ligand,4.0149
2wed_ligand,3.814
2w08_ligand,-0.7405
2wer_ligand,4.7427
2wbg_ligand,3.7028
2wkz_ligand,9.7465
2wgj_ligand,6.512
2wl0_ligand,9.4435
2whp_ligand,3.9461
2wyf_ligand,1.6875
2wky_ligand,7.1509
2wtv_ligand,7.2192
2wyg_ligand,7.1662
2wm0_ligand,5.204
2wly_ligand,3.5484
2wlz_ligand,3.8978
2wk6_ligand,3.8239
2wyj_ligand,6.7848
2wzm_ligand,7.8787
2wr8_ligand,8.1156
2wvz_ligand,2.5606
2x4z_ligand,8.07
2wzf_ligand,3.1845
2xab_ligand,4.611
2wvt_ligand,3.065
2wn9_ligand,4.7057
2wnj_ligand,5.9857
2xb7_ligand,6.7836
2wnc_ligand,6.0158
2wzs_ligand,2.2229
2xde_ligand,5.723
2xbv_ligand,7.9691
2xbx_ligand,9.4096
2xbw_ligand,10.085
2xbp_ligand,10.2878
2xc0_ligand,8.1461
2xc4_ligand,8.6421
2xdk_ligand,3.0537
2x2r_ligand,6.0095
2xdx_ligand,4.1197
2xht_ligand,4.5408
2x00_ligand,8.5645
2x0y_ligand,3.4032
2xdl_ligand,3.1269
2xib_ligand,4.6556
2xj1_ligand,7.1431
2xg9_ligand,2.2515
2xii_ligand,6.564
2xjg_ligand,4.6655
2xjj_ligand,5.022
2xj2_ligand,6.7104
2xjx_ligand,4.404
2xog_ligand,2.372
2xp7_ligand,7.4929
2xmy_ligand,6.135
2xn3_ligand,4.6919
2xnb_ligand,6.7867
2xn5_ligand,5.1865
2x6x_ligand,0.1279
2xm1_ligand,3.5882
2xm2_ligand,3.283
2xxr_ligand,4.9861
2xye_ligand,8.2485
2xyf_ligand,7.863
2xb8_ligand,4.9501
2xxt_ligand,6.4154
2xxx_ligand,4.8955
2y5f_ligand,6.4462
2y5g_ligand,6.8669
2xd9_ligand,5.6523
2xda_ligand,5.3036
2y7x_ligand,8.5414
2y5h_ligand,6.123
2y7z_ligand,8.4155
2y80_ligand,8.3106
2xj7_ligand,4.4746
2y8c_ligand,4.3861
2y81_ligand,8.6273
2y82_ligand,8.4364
2xpk_ligand,5.6098
2yel_ligand,6.177
2ydw_ligand,5.741
2yek_ligand,5.492
2ya6_ligand,5.2443
2xys_ligand,7.2765
2ydt_ligand,4.1765
2yfe_ligand,4.8003
2ya7_ligand,7.63
2ya8_ligand,7.1803
2xyt_ligand,5.7793
2yay_ligand,2.7482
2yfx_ligand,5.2663
2yge_ligand,4.9946
2yb0_ligand,4.241
2yaz_ligand,6.3567
2ygf_ligand,5.5183
2yki_ligand,10.0675
2yxj_ligand,7.6106
2yi0_ligand,4.5761
2yix_ligand,8.7723
2z4o_ligand,6.8403
2yi7_ligand,4.2458
2yk1_ligand,5.4881
2ylc_ligand,3.0109
2zc9_ligand,7.5625
2zb1_ligand,7.1787
2ypi_ligand,0.5725
2zdk_ligand,6.7683
2zdl_ligand,6.2916
2zdm_ligand,6.3808
2zcq_ligand,1.3662
2zcr_ligand,3.3884
2zda_ligand,7.4259
2zdn_ligand,6.1964
2zcs_ligand,3.5131
2zfs_ligand,6.465
2zft_ligand,5.9114
2zfp_ligand,5.3721
2zgx_ligand,6.3576
2zq2_ligand,7.5095
2zjw_ligand,0.5167
2zn7_ligand,7.0658
2zmm_ligand,7.7122
2za5_ligand,9.303
2yme_ligand,5.3584
2zy1_ligand,5.1535
2zkj_ligand,5.0987
2zym_ligand,2.9979
2zz1_ligand,5.8595
2zz2_ligand,5.1542
3a1d_ligand,2.9637
3a1c_ligand,2.0254
3a2o_ligand,7.031
3a6t_ligand,5.1679
2ypo_ligand,4.7631
3aau_ligand,3.474
3a1e_ligand,2.6661
3aaq_ligand,-6.2772
3acw_ligand,6.4625
3acx_ligand,5.913
2ymd_ligand,6.8485
2zq0_ligand,4.2578
3a5y_ligand,8.1219
3ap4_ligand,1.2374
3aid_ligand,5.4391
3ai8_ligand,1.3271
3ag9_ligand,2.9578
3agl_ligand,9.0938
3b1m_ligand,7.2895
3alt_ligand,-0.203
3arp_ligand,4.6133
3arq_ligand,4.9355
3axz_ligand,5.2995
3b4p_ligand,5.2023
3arw_ligand,4.1694
3arx_ligand,3.4232
3b3x_ligand,0.7467
3b5r_ligand,7.2685
3b24_ligand,2.601
3b25_ligand,4.453
3b26_ligand,4.951
3b27_ligand,3.9161
3b65_ligand,7.7614
3b66_ligand,7.2344
3b2q_ligand,0.1218
3b67_ligand,5.9114
3b68_ligand,7.75
2zwz_ligand,6.4689
3bgb_ligand,6.4638
3bgc_ligand,8.4799
3be9_ligand,7.7357
2zx7_ligand,6.2136
3b7j_ligand,2.9545
2zx8_ligand,7.3209
2zx6_ligand,6.9773
3bgq_ligand,5.2225
3bex_ligand,3.064
2zxd_ligand,4.5438
3bu1_ligand,3.1514
3brn_ligand,4.7156
3bgz_ligand,6.1791
3bfu_ligand,6.0238
3bqc_ligand,4.5021
3bra_ligand,2.0073
3bbb_ligand,1.701
3bv9_ligand,5.2882
3bvb_ligand,7.0836
3bva_ligand,7.8823
3buf_ligand,2.6014
3bug_ligand,2.7726
3buh_ligand,3.9664
3bbf_ligand,4.2756
3bgs_ligand,4.3524
3bwj_ligand,7.2068
3bxf_ligand,6.9629
3bxe_ligand,4.574
3bxg_ligand,6.3378
3c4h_ligand,3.7844
3bxh_ligand,5.3416
3c39_ligand,5.5444
3bzf_ligand,9.0982
3cfn_ligand,5.2108
3c84_ligand,5.7212
3cf8_ligand,2.9615
3c2f_ligand,3.346
3c2o_ligand,4.4992
3c2r_ligand,4.5997
3cft_ligand,4.1519
3cct_ligand,5.801
3cj5_ligand,5.5131
3ccw_ligand,6.1287
3ccz_ligand,5.1676
3ckb_ligand,-0.0429
3cd7_ligand,6.7984
3ckp_ligand,7.1522
3cd0_ligand,6.5317
3cd5_ligand,7.6275
3cda_ligand,4.1531
3cdb_ligand,3.5581
3c2u_ligand,3.0294
3cyw_ligand,3.919
3cs7_ligand,7.283
3cyx_ligand,8.9889
3cyz_ligand,1.4924
3cow_ligand,7.8458
3d0b_ligand,6.2801
3cz1_ligand,3.5757
3coy_ligand,8.0174
3d1x_ligand,9.112
3d6o_ligand,1.4955
3coz_ligand,7.1257
3d6p_ligand,1.2878
3d1y_ligand,9.4387
3d8z_ligand,1.6785
3d1z_ligand,5.9952
3d78_ligand,3.852
3cke_ligand,1.4913
3djk_ligand,6.7334
3d7z_ligand,7.8658
3d0e_ligand,9.7188
3ctt_ligand,3.4188
3da9_ligand,5.8735
3djo_ligand,3.0061
3djq_ligand,2.8551
3djp_ligand,3.6495
3d83_ligand,8.6504
3d91_ligand,7.2859
3dk1_ligand,6.5435
3ckz_ligand,5.8641
3djv_ligand,4.0177
3djx_ligand,2.8618
3dsz_ligand,3.2236
3cl0_ligand,5.7013
3e3c_ligand,2.104
3dne_ligand,4.9916
3dnd_ligand,3.5024
3dzt_ligand,6.9257
3dp9_ligand,7.9668
3eax_ligand,0.6424
3dri_ligand,1.6692
3eb1_ligand,2.001
3e92_ligand,8.6985
3e93_ligand,10.9866
3eeb_ligand,16.6876
3ebl_ligand,6.4545
3e6y_ligand,2.4738
3drf_ligand,6.0592
3drg_ligand,9.4762
3eko_ligand,2.8427
3ekp_ligand,5.8853
3ekr_ligand,4.3216
3ekt_ligand,6.5994
3ekv_ligand,6.3367
3ekx_ligand,8.1847
3ekw_ligand,8.838
3el1_ligand,8.4391
3el4_ligand,8.8971
3el5_ligand,7.9474
3el9_ligand,8.2113
3eqr_ligand,7.3757
3evd_ligand,4.8784
3egt_ligand,0.044
3ery_ligand,7.6427
3ed0_ligand,3.2304
3f8c_ligand,6.3223
3f78_ligand,1.6149
3d7k_ligand,5.0504
3f8f_ligand,5.5172
3f68_ligand,7.0103
3ffg_ligand,9.6049
3f3c_ligand,5.4323
3ebo_ligand,4.586
3f3e_ligand,4.6084
3f3d_ligand,4.3035
3ebp_ligand,4.9136
3fhb_ligand,3.1833
3f70_ligand,2.9832
3fas_ligand,5.783
3fat_ligand,6.6527
3f48_ligand,3.6467
3exh_ligand,5.8665
3fqe_ligand,6.9951
3exe_ligand,6.365
3fl5_ligand,5.5405
3fuz_ligand,5.4343
3fj7_ligand,4.2867
3fur_ligand,8.9269
3fv1_ligand,7.8523
3f80_ligand,-0.8337
3fv2_ligand,7.7245
3fjg_ligand,3.3945
3fql_ligand,7.718
3fzy_ligand,17.2776
3fvh_ligand,5.1135
3fvk_ligand,7.5361
3fvn_ligand,7.2776
3g19_ligand,3.8982
3g0w_ligand,6.509
3g0e_ligand,5.9293
3fv3_ligand,5.0837
3g2y_ligand,2.2778
3fuc_ligand,6.2975
3g1v_ligand,1.1039
3g1d_ligand,0.6073
3g31_ligand,1.9933
3g30_ligand,-8.7303
3g3r_ligand,11.6957
3g34_ligand,1.8433
3g35_ligand,-1.7277
3f6e_ligand,8.5246
3ga5_ligand,1.1907
3gba_ligand,9.2754
3gbb_ligand,6.8643
3g0i_ligand,3.2062
3gi4_ligand,6.0897
3gi5_ligand,6.6311
3ggu_ligand,6.0666
3gcp_ligand,6.852
3gk1_ligand,1.3809
3gcs_ligand,6.9304
3gi6_ligand,5.8243
3gkz_ligand,5.1012
3gm0_ligand,5.3592
3gbe_ligand,3.3762
3gdt_ligand,2.6432
3gjw_ligand,4.2488
3gcu_ligand,9.8369
3gs6_ligand,1.7224
3gqz_ligand,3.8072
3gsm_ligand,1.1167
3gr2_ligand,2.6141
3gy2_ligand,4.4614
3gy3_ligand,4.4458
3gv9_ligand,2.94
3gvb_ligand,5.1738
3gnw_ligand,7.3635
3gvu_ligand,11.4011
3h1x_ligand,2.093
3gss_ligand,7.1217
3gst_ligand,9.8845
3gy4_ligand,3.5641
3gx0_ligand,4.598
3gy7_ligand,3.8155
3h5b_ligand,6.8352
3h8b_ligand,7.1631
3hk1_ligand,3.3267
3hcm_ligand,2.1595
3h89_ligand,7.4913
3hit_ligand,3.0061
3h30_ligand,2.9254
3fzn_ligand,7.0309
3hl7_ligand,5.4674
3hmo_ligand,5.4532
3hll_ligand,6.4993
3hek_ligand,4.8443
3hb4_ligand,7.6337
3hmp_ligand,3.6817
3hl8_ligand,4.2433
3h78_ligand,2.6946
3hkw_ligand,5.3984
3hky_ligand,5.1269
3hp9_ligand,3.5179
3huc_ligand,5.885
3hv8_ligand,9.4243
3hub_ligand,7.4399
3hvi_ligand,10.4633
3hvj_ligand,9.5844
3i6o_ligand,9.1271
3i7e_ligand,6.1621
3i5z_ligand,6.9383
3ikd_ligand,6.2965
3ikg_ligand,6.8432
3i60_ligand,7.1545
3i9g_ligand,3.8628
3i25_ligand,11.3298
3ijh_ligand,1.0859
3i4b_ligand,6.8061
3ies_ligand,8.5325
3ifl_ligand,4.2863
3ime_ligand,2.991
3imc_ligand,3.8639
3ip8_ligand,3.7552
3ip5_ligand,4.6576
3ip6_ligand,5.3085
3hww_ligand,0.7988
3iob_ligand,4.5887
3ioc_ligand,6.3565
3ip9_ligand,3.1877
3ioe_ligand,5.2755
3iph_ligand,7.3891
3isj_ligand,4.6819
3ipq_ligand,10.9944
3iqu_ligand,3.5795
3iss_ligand,5.1778
3jrs_ligand,4.3139
3iw5_ligand,5.626
3ipu_ligand,6.4796
3iw6_ligand,5.5144
3ivc_ligand,6.237
3iub_ligand,5.8945
3iue_ligand,7.129
3ivg_ligand,6.782
3ivx_ligand,7.8265
3juo_ligand,5.8278
3jvs_ligand,5.276
3jvr_ligand,4.86
3jup_ligand,6.0551
3jrx_ligand,7.6138
3jy0_ligand,5.0953
3jya_ligand,4.6983
3jdw_ligand,-0.1677
3jyr_ligand,3.7477
3jzh_ligand,0.3346
3jzj_ligand,-4.5668
3k00_ligand,-9.8721
3k5v_ligand,4.1426
3k97_ligand,3.9194
3k02_ligand,-1.5955
3iae_ligand,4.1364
3k99_ligand,4.9413
3k4q_ligand,1.8506
3kdb_ligand,8.9895
3kdc_ligand,8.6759
3hu3_ligand,7.0174
3kiv_ligand,3.9059
3k8c_ligand,2.9853
3kdd_ligand,7.9592
3kgp_ligand,2.7076
3kku_ligand,3.8578
3kdm_ligand,6.7196
3kgu_ligand,3.3323
3kgt_ligand,3.8427
3kjd_ligand,5.2206
3k8o_ligand,2.935
3k8q_ligand,3.5419
3kyq_ligand,0.9333
3l3m_ligand,7.2331
3kmx_ligand,3.9114
3kmy_ligand,3.475
3l59_ligand,4.1114
3kv2_ligand,4.6203
3k37_ligand,7.288
3ldp_ligand,1.9578
3kqr_ligand,-0.6345
3l4u_ligand,0.073
3liw_ligand,7.2972
3l4v_ligand,-1.1632
3l4w_ligand,3.7779
3l4x_ligand,-1.0059
3l4z_ligand,-0.0064
3l4y_ligand,-0.7773
3ljo_ligand,5.9142
3ldq_ligand,1.2113
3lgs_ligand,4.3366
3lzs_ligand,5.4108
3lzu_ligand,6.6905
3lxk_ligand,6.0944
3k4d_ligand,0.8989
3lzz_ligand,0.5644
3lmk_ligand,5.175
3m3c_ligand,1.1085
3m35_ligand,7.161
3lp4_ligand,3.0424
3lp7_ligand,4.3503
3lpi_ligand,9.8683
3lpk_ligand,11.5309
3lvw_ligand,4.5625
3m36_ligand,9.446
3lpp_ligand,0.3207
3m37_ligand,8.9784
3mam_ligand,1.4435
3m8u_ligand,9.6172
3mhw_ligand,3.3928
3miy_ligand,5.1328
3k1j_ligand,7.7615
3mxd_ligand,7.4523
3ms9_ligand,3.282
3mss_ligand,3.0328
3mxe_ligand,7.101
3myg_ligand,3.9654
3n3g_ligand,2.9387
3mof_ligand,2.8192
3n35_ligand,2.1597
3n7o_ligand,8.1139
3lpl_ligand,0.2449
3lq2_ligand,5.6056
3mfv_ligand,2.7891
3mfw_ligand,3.2542
3mjl_ligand,1.8023
3mf5_ligand,6.8865
3nee_ligand,2.9319
3neo_ligand,4.2012
3nkk_ligand,4.1907
3nes_ligand,3.0722
3nhi_ligand,7.6611
3nex_ligand,4.2452
3nht_ligand,5.1438
3nq3_ligand,2.2004
3nq9_ligand,0.955
3n1c_ligand,-18.4319
3npc_ligand,11.5248
3nu3_ligand,6.5139
3nu4_ligand,6.2353
3nu5_ligand,6.3575
3nu6_ligand,6.3653
3ng4_ligand,0.0869
3nu9_ligand,5.5643
3nuj_ligand,2.1619
3nuo_ligand,6.313
3o5x_ligand,1.6768
3nyx_ligand,6.0917
3o9a_ligand,7.2863
3n7a_ligand,3.2791
3o9d_ligand,7.9718
3n8k_ligand,3.8905
3o8p_ligand,7.0824
3o9e_ligand,7.0958
3nyd_ligand,3.8607
3n76_ligand,5.5431
3n86_ligand,6.7798
3o9i_ligand,7.9843
3nw3_ligand,3.1648
3o99_ligand,6.9135
3oaf_ligand,5.4067
3o5n_ligand,7.2092
3ov1_ligand,6.587
3ove_ligand,7.0504
3o4k_ligand,5.0604
3ocp_ligand,5.4391
3ok9_ligand,6.2062
3oe4_ligand,7.3905
3oe5_ligand,7.0251
3o84_ligand,5.6795
3nsn_ligand,3.5807
3nox_ligand,5.9251
3oy8_ligand,0.5339
3ocz_ligand,2.2291
3ozj_ligand,4.342
3oyw_ligand,1.5228
3p5o_ligand,5.6917
3owj_ligand,5.0471
3own_ligand,8.7098
3ozr_ligand,2.59
3ozt_ligand,6.8154
3p2e_ligand,6.488
3ozs_ligand,6.1288
3old_ligand,4.9086
3p8o_ligand,7.5961
3p8n_ligand,8.5919
3p3t_ligand,3.4589
3p8p_ligand,3.1808
3p8z_ligand,6.7846
3p17_ligand,6.1517
3pe2_ligand,7.6685
3pe1_ligand,7.6837
3p7i_ligand,4.3957
3p9l_ligand,6.9026
3p9m_ligand,8.068
3pd9_ligand,6.5305
3po1_ligand,4.7746
3ozg_ligand,6.7188
3pn1_ligand,4.8335
3ppp_ligand,1.955
3ppq_ligand,1.9136
3ppr_ligand,3.4542
3prs_ligand,7.0148
3pwm_ligand,7.1886
3pju_ligand,9.4856
3ozp_ligand,4.5158
3q7q_ligand,5.6104
3q6z_ligand,4.6795
3pyy_ligand,5.9484
3pww_ligand,9.2229
3q6w_ligand,8.5443
3qbc_ligand,1.3037
3q71_ligand,6.6004
3qaa_ligand,6.6282
3qdd_ligand,5.1542
3qgw_ligand,-4.8504
3q2j_ligand,6.236
3pwk_ligand,3.7276
3qkd_ligand,7.8209
3qgy_ligand,-54.1663
3ppm_ligand,6.4463
3q1x_ligand,3.1436
3qfd_ligand,7.4977
3qqs_ligand,5.6792
3qox_ligand,8.5765
3qps_ligand,3.8639
3qxt_ligand,7.498
3qx9_ligand,6.8909
3qto_ligand,6.7576
3qtv_ligand,6.7523
3qxv_ligand,6.3042
3r1v_ligand,4.3628
3qwc_ligand,6.5128
3qx5_ligand,7.292
3r4m_ligand,3.4646
3r4n_ligand,3.3957
3rdo_ligand,5.4161
3rdq_ligand,5.2523
3qt6_ligand,7.1093
3r4p_ligand,5.754
3r5t_ligand,2.9185
3r6u_ligand,2.2275
3pfp_ligand,7.7792
3r7o_ligand,8.7341
3re4_ligand,3.8556
3rlb_ligand,5.471
3rlp_ligand,4.2633
3rlq_ligand,4.8169
3rlr_ligand,5.5499
3s0b_ligand,5.6565
3rm9_ligand,5.0052
3r88_ligand,3.2493
3rux_ligand,11.0397
3s0e_ligand,3.4867
3rsx_ligand,4.3726
3roc_ligand,5.4927
3ru1_ligand,3.8519
3rwp_ligand,6.1043
3s8l_ligand,6.5019
3rv8_ligand,3.7868
3s8o_ligand,6.8414
3s8n_ligand,6.948
3qfy_ligand,2.3922
3s43_ligand,3.008
3qfz_ligand,-2.5447
3s54_ligand,3.2886
3sha_ligand,6.2279
3shc_ligand,6.8293
3si3_ligand,5.9271
3si4_ligand,6.2446
3sk2_ligand,4.5861
3spf_ligand,2.0752
3s2v_ligand,7.0172
3s9e_ligand,5.4292
3rv4_ligand,6.5124
3sm2_ligand,6.179
3slz_ligand,10.9338
3st5_ligand,6.7702
3sr4_ligand,8.4015
3sv2_ligand,6.236
3t0x_ligand,8.6161
3std_ligand,7.7426
3sut_ligand,3.8059
3sur_ligand,3.26
3sfg_ligand,-2.9032
3suu_ligand,1.1791
3sus_ligand,5.3989
3suv_ligand,4.6326
3suw_ligand,4.7854
3s6t_ligand,3.712
3t1m_ligand,3.3501
3sxf_ligand,7.0119
3sio_ligand,7.1396
3t3c_ligand,6.5872
3t2w_ligand,4.4128
3ta0_ligand,7.6306
3tf6_ligand,2.6774
3ta1_ligand,8.856
3t3u_ligand,8.0172
3td4_ligand,3.884
3t60_ligand,5.1155
3t70_ligand,4.6894
3t64_ligand,4.6125
3tao_ligand,3.9902
3tfp_ligand,5.672
3t1a_ligand,10.0565
3tb6_ligand,2.5236
3tcg_ligand,6.821
3th9_ligand,6.5691
3t6b_ligand,9.8188
3tkw_ligand,5.0816
3ttp_ligand,6.5125
3u5l_ligand,5.7714
3u5j_ligand,5.1776
3ttm_ligand,4.9777
3tu7_ligand,8.791
3tif_ligand,6.2029
3sww_ligand,7.179
3tzm_ligand,5.2452
3u6h_ligand,9.0081
3u6i_ligand,8.7886
3tmk_ligand,9.0784
3u9q_ligand,2.9252
3tza_ligand,6.7412
3tz0_ligand,4.5359
3tfu_ligand,5.7952
3u81_ligand,7.351
3ubd_ligand,5.1598
3ueu_ligand,1.9911
3uev_ligand,2.7364
3uew_ligand,2.3056
3uex_ligand,2.6897
3uj9_ligand,5.0955
3ujc_ligand,5.0124
3ujd_ligand,5.021
3uo4_ligand,7.2805
3upv_ligand,5.1297
3u10_ligand,7.5171
3u8j_ligand,5.7007
3ug2_ligand,4.0853
3up2_ligand,6.0403
3uod_ligand,6.1526
3u8k_ligand,5.4709
3uil_ligand,0.2176
3u8l_ligand,5.6244
3u8n_ligand,6.8774
3upk_ligand,5.3506
3uri_ligand,6.651
3umq_ligand,0.7193
3utu_ligand,8.6125
3uu1_ligand,3.6327
3uxd_ligand,3.7433
3uug_ligand,2.4322
3uz5_ligand,3.8535
3uzj_ligand,2.9449
3v2n_ligand,3.3
3v2p_ligand,3.9715
3usx_ligand,0.9428
3v2q_ligand,3.6037
3uyr_ligand,1.9705
3vf5_ligand,7.1393
3vf7_ligand,6.7223
3vfa_ligand,7.1878
3vfb_ligand,7.5302
3v78_ligand,8.7893
3uxk_ligand,3.3611
3uxl_ligand,3.8999
3v5p_ligand,7.2527
3v5t_ligand,6.879
3veh_ligand,4.0045
3vhc_ligand,6.4468
3v51_ligand,9.0105
3vha_ligand,5.9332
3vhd_ligand,6.1394
3w9k_ligand,4.4216
3vhk_ligand,5.5416
3vje_ligand,10.7771
3w9r_ligand,5.0111
3vvy_ligand,5.8718
3vw1_ligand,5.4415
3wha_ligand,5.284
3vx3_ligand,8.8787
3w07_ligand,1.4911
3wgg_ligand,7.4049
3wvm_ligand,4.1418
3vtr_ligand,1.3117
3wjw_ligand,5.3684
3wtj_ligand,5.6711
3wtl_ligand,5.0611
3wto_ligand,5.0485
3wtm_ligand,4.9324
3wz6_ligand,7.351
3wmc_ligand,6.565
3vjc_ligand,10.102
3wz7_ligand,8.7276
3wz8_ligand,6.4338
3w5n_ligand,2.6158
3w37_ligand,4.6489
3zbx_ligand,7.5691
3v4t_ligand,4.8605
3wzn_ligand,5.5924
3x00_ligand,5.6496
3zcl_ligand,6.8556
3zc5_ligand,7.9838
3zi8_ligand,2.8856
3zk6_ligand,6.3419
3zln_ligand,9.7663
3zdv_ligand,1.4492
3zpu_ligand,9.9773
3zlr_ligand,11.2103
3zqe_ligand,2.3737
3zj6_ligand,5.9271
3zm9_ligand,5.7246
3zso_ligand,5.4413
3zsq_ligand,5.0802
3zsx_ligand,4.9135
3zhx_ligand,2.9778
3zi0_ligand,3.1641
3zsy_ligand,5.0064
3zq9_ligand,3.2441
3zyu_ligand,5.4782
3zt2_ligand,5.8779
3zt3_ligand,5.6544
3zyf_ligand,1.2593
3zdg_ligand,4.1317
3zxz_ligand,6.9457
4a4q_ligand,8.6973
3zdh_ligand,4.5111
4a6b_ligand,7.8349
4a4v_ligand,4.3697
4a4w_ligand,6.2247
4a6c_ligand,8.2715
3zze_ligand,6.2353
4a6s_ligand,1.6771
4ab9_ligand,4.4777
3zll_ligand,2.1189
4aba_ligand,4.0494
4abd_ligand,4.5301
4a7i_ligand,7.1502
4abe_ligand,3.9467
4abb_ligand,3.7457
4abf_ligand,4.401
4abg_ligand,4.2354
4abh_ligand,4.5922
4a95_ligand,5.5396
4ad6_ligand,3.4891
4aci_ligand,4.0603
4ahr_ligand,3.3379
3zv7_ligand,4.1103
4ag8_ligand,9.2263
4ad3_ligand,2.6499
4ad2_ligand,3.5301
4ahs_ligand,3.7287
4ahu_ligand,3.5687
4agc_ligand,9.44
4a6l_ligand,9.2338
4acc_ligand,4.2878
4aoi_ligand,7.8382
4ap7_ligand,4.8267
4asd_ligand,8.715
4aqh_ligand,6.3468
4att_ligand,0.7147
4auj_ligand,2.7978
4ase_ligand,9.0688
4av5_ligand,4.3801
4av4_ligand,2.8221
4afg_ligand,6.6586
4asj_ligand,5.5206
4ax9_ligand,6.439
4aj4_ligand,3.5816
4aje_ligand,-132.2435
4alx_ligand,7.5625
4ara_ligand,5.5212
4ayp_ligand,0.5097
4arb_ligand,5.7931
4aji_ligand,3.6368
4ayq_ligand,1.6246
4ajl_ligand,5.1966
4arw_ligand,4.0775
4az6_ligand,5.7401
4b2i_ligand,3.0965
4azc_ligand,5.2196
4b2l_ligand,2.5747
4b0b_ligand,5.1193
4b3d_ligand,2.8377
4azg_ligand,5.2121
4b3c_ligand,2.2457
4b3b_ligand,3.3614
4azi_ligand,5.7149
4avs_ligand,0.4174
4az5_ligand,5.8048
4b1j_ligand,7.6584
4ayu_ligand,0.4995
4b7p_ligand,7.112
4azb_ligand,4.734
4b8y_ligand,3.9216
4b32_ligand,2.9919
4b9k_ligand,6.5751
4b33_ligand,3.0202
4b6r_ligand,4.5428
4b34_ligand,2.9148
4b35_ligand,3.1629
4bah_ligand,7.629
4bak_ligand,8.0303
4bam_ligand,7.982
4ban_ligand,8.2997
4b9z_ligand,4.0161
4bao_ligand,8.1788
4b5d_ligand,5.4657
4baq_ligand,8.3118
4bc5_ligand,2.5007
4bb9_ligand,-0.4465
4b6o_ligand,3.583
4bck_ligand,4.2227
4b7j_ligand,6.055
4b7r_ligand,6.242
4bcm_ligand,5.5089
4bcn_ligand,4.9818
4b73_ligand,6.1888
4b74_ligand,8.062
4b6p_ligand,4.7529
4bco_ligand,7.0282
4b76_ligand,3.9043
4bcp_ligand,5.9784
4bqs_ligand,4.0595
4b6s_ligand,4.8756
4buq_ligand,2.1238
4bqg_ligand,4.6747
4bkt_ligand,3.7824
4bks_ligand,5.1347
4bcs_ligand,6.5437
4bs0_ligand,4.0295
4btk_ligand,4.194
4bi6_ligand,2.8823
4bi7_ligand,3.0592
4bj8_ligand,-37.3572
4bqh_ligand,6.4982
4c1t_ligand,-5.7275
4c1u_ligand,4.6752
4c2v_ligand,5.4835
4c9x_ligand,6.8786
4c52_ligand,5.4799
4cfl_ligand,5.0731
4cc5_ligand,3.1641
4ceb_ligand,5.389
4br3_ligand,4.9491
4cd0_ligand,5.2904
4cd4_ligand,2.7401
4c1y_ligand,1.3146
4c5d_ligand,6.4599
4cd5_ligand,1.8301
4cgi_ligand,5.8679
4cg9_ligand,5.8108
4cig_ligand,5.3975
4c6u_ligand,4.9707
4cj4_ligand,4.6577
4cjq_ligand,5.0885
4cjr_ligand,4.8313
4cjp_ligand,4.5319
4ck3_ligand,3.9768
4clj_ligand,6.6056
4cmo_ligand,4.4243
4cl6_ligand,0.771
4cpr_ligand,8.0214
4cp7_ligand,8.0932
4cps_ligand,9.2304
4cg8_ligand,7.0604
4cpt_ligand,9.9908
4cpw_ligand,9.411
4cga_ligand,5.615
4cp5_ligand,3.7301
4cra_ligand,6.4016
4css_ligand,2.3685
4crb_ligand,7.9551
4cst_ligand,3.8065
4crf_ligand,8.4196
4csd_ligand,3.3906
4cr5_ligand,4.6603
4cr9_ligand,3.2172
4cwo_ligand,4.7246
4cwp_ligand,5.6098
4cwq_ligand,6.1272
4cpy_ligand,6.1207
4cws_ligand,5.1204
4cpz_ligand,5.8502
4cwr_ligand,5.6578
4cwt_ligand,5.4408
4crl_ligand,6.1353
4cwf_ligand,4.4916
4cwn_ligand,5.6297
4d3h_ligand,7.3914
4ciw_ligand,3.1358
4cu7_ligand,4.9367
4cu8_ligand,4.1458
4d7b_ligand,1.8545
4d1j_ligand,3.1002
4dcs_ligand,9.9532
4d8z_ligand,0.8929
4daf_ligand,4.2955
4db7_ligand,3.4666
4ddh_ligand,4.9004
4ddk_ligand,3.1708
4de0_ligand,-1.7279
4da5_ligand,5.5015
4czs_ligand,4.7922
4dfg_ligand,7.4025
4djo_ligand,6.6631
4ddm_ligand,2.2754
4der_ligand,1.6258
4djp_ligand,5.9287
4de5_ligand,3.296
4djq_ligand,5.529
4des_ligand,1.5669
4det_ligand,2.0687
4deu_ligand,3.2156
4dew_ligand,-1.2692
4djr_ligand,6.1581
4dbm_ligand,5.5176
4dju_ligand,5.7011
4djv_ligand,7.4386
4djw_ligand,6.6809
4dst_ligand,2.3902
4dko_ligand,4.9111
4dsu_ligand,2.4594
4dkp_ligand,4.6413
4dkq_ligand,5.6854
4dkr_ligand,5.7065
4djx_ligand,6.586
4djy_ligand,7.1728
4duh_ligand,6.5539
4dld_ligand,6.2293
4dmw_ligand,0.91
4e4l_ligand,6.3114
4e4n_ligand,5.8027
4e6q_ligand,5.0837
4e7r_ligand,7.988
4e67_ligand,7.1092
4dq2_ligand,8.227
4do5_ligand,0.3982
4e5w_ligand,7.0814
4dzy_ligand,5.7463
4e6d_ligand,6.4636
4egk_ligand,5.7068
4ej8_ligand,2.1717
4ehz_ligand,3.8969
4ejl_ligand,2.3388
4ei4_ligand,4.366
4ef6_ligand,3.7392
4elf_ligand,7.7276
4elg_ligand,7.9095
4e70_ligand,3.6919
4elh_ligand,7.4631
4efk_ligand,2.6748
4dy6_ligand,3.5864
4emf_ligand,3.6328
4e0x_ligand,6.3869
4ek9_ligand,5.5416
4emr_ligand,3.9955
4erf_ligand,4.8612
4eb8_ligand,5.6845
4epy_ligand,5.2601
4e1k_ligand,6.3986
4er1_ligand,7.859
4er2_ligand,4.45
4etz_ligand,4.3925
4eu0_ligand,4.6567
4eo6_ligand,5.6653
4en4_ligand,0.8031
4ew2_ligand,-0.5513
4euo_ligand,5.0678
4ezx_ligand,3.37
4eo8_ligand,5.0799
4ewn_ligand,2.4506
4eor_ligand,5.9666
4eoh_ligand,1.7405
4f1l_ligand,5.6575
4f7v_ligand,5.6888
4fcq_ligand,5.1584
4f09_ligand,3.7872
4f2w_ligand,6.7187
4f9y_ligand,6.4595
4f0c_ligand,6.2446
4fev_ligand,4.7666
4f5y_ligand,5.274
4f3k_ligand,5.5775
4f3c_ligand,8.1079
4flp_ligand,5.5921
4fht_ligand,4.1638
4f6u_ligand,8.3145
4ffs_ligand,7.9411
4fk6_ligand,7.2587
4f6w_ligand,9.8523
4fl1_ligand,2.175
4ezz_ligand,5.9431
4ezr_ligand,5.8624
4g0p_ligand,5.7264
4g0q_ligand,5.4254
4fsl_ligand,7.4652
4fxp_ligand,8.4889
4g0y_ligand,5.5773
4g0z_ligand,5.3194
4fxq_ligand,-0.4733
4fl2_ligand,6.6465
4g4p_ligand,6.5752
4g8v_ligand,2.4483
4g8y_ligand,3.0887
4g90_ligand,0.1831
4g8m_ligand,6.7716
4fzj_ligand,1.537
4fs4_ligand,7.0098
4g95_ligand,5.8464
4ggz_ligand,6.7139
4g5f_ligand,3.0796
4ge1_ligand,3.6404
4g8n_ligand,6.1503
4gg7_ligand,5.9205
4gfo_ligand,4.7493
4gah_ligand,6.9165
4gfm_ligand,4.7809
4ghi_ligand,5.9811
4gih_ligand,5.812
4gii_ligand,6.0318
4gj2_ligand,5.8851
4fys_ligand,7.4147
4gid_ligand,11.5306
4gj3_ligand,6.2834
4gny_ligand,2.3791
4gqp_ligand,5.233
4gu9_ligand,3.3926
4gue_ligand,4.2912
4gq4_ligand,5.7152
4gqq_ligand,1.9807
4gqr_ligand,2.0652
4gkm_ligand,5.7844
4gu6_ligand,6.5053
4h3f_ligand,8.7119
4h3g_ligand,8.9186
4h3j_ligand,8.007
4h42_ligand,2.6239
4hbm_ligand,6.5507
4h75_ligand,5.4166
4h7q_ligand,2.0019
4hdb_ligand,5.3598
4hdf_ligand,6.6922
4ha5_ligand,6.4386
4hdp_ligand,7.8191
4heg_ligand,7.8106
4h81_ligand,5.5032
4h85_ligand,3.3566
4hfp_ligand,5.983
4hge_ligand,5.9271
4hp0_ligand,3.9869
4hpi_ligand,2.7434
4hw3_ligand,7.0383
4hla_ligand,6.632
4i7j_ligand,2.9112
4i7k_ligand,3.2809
4hj2_ligand,7.686
4hy1_ligand,7.0718
4fp1_ligand,-0.561
4hzm_ligand,3.5129
4i5c_ligand,6.7067
4i7l_ligand,2.6936
4i7m_ligand,3.4527
4hym_ligand,5.4324
4gzp_ligand,4.7811
4gzt_ligand,3.8576
4i7p_ligand,2.3688
4gzx_ligand,0.5569
4gzw_ligand,-0.4534
4ibb_ligand,3.1483
4i8w_ligand,5.0753
4ibc_ligand,4.8067
4i3z_ligand,2.5987
4i8n_ligand,5.2521
4i8z_ligand,6.0164
4ibd_ligand,5.2853
4ibe_ligand,4.953
4ibf_ligand,4.9655
4ibi_ligand,5.825
4ibj_ligand,5.9336
4ibk_ligand,6.0864
4i54_ligand,6.2229
4ibg_ligand,5.8974
4ieh_ligand,8.7007
4ih5_ligand,3.3581
4ih6_ligand,4.6526
4io2_ligand,6.0314
4io3_ligand,4.9523
4io4_ligand,4.4257
4ij1_ligand,5.5472
4io5_ligand,4.8499
4idn_ligand,11.4351
4ido_ligand,9.3445
4i8x_ligand,3.9614
4i9u_ligand,4.3668
4ish_ligand,7.8498
4io6_ligand,5.5043
4io7_ligand,6.383
4isi_ligand,7.9084
4j7d_ligand,5.5592
4iva_ligand,5.6309
4ipi_ligand,1.0718
4ivb_ligand,6.0616
4j7e_ligand,4.1298
4ipj_ligand,1.2985
4iuo_ligand,4.2942
4isu_ligand,5.2733
4i9h_ligand,7.1071
4ivc_ligand,6.554
4ivd_ligand,6.4416
4j93_ligand,4.846
4jkw_ligand,1.924
4jfk_ligand,7.8815
4jfm_ligand,3.9935
4iic_ligand,3.9075
4iid_ligand,4.4687
4ipn_ligand,1.0709
4iif_ligand,4.2861
4jx9_ligand,1.6185
4jwk_ligand,-0.1251
4jia_ligand,5.3141
4jal_ligand,5.2617
4j28_ligand,4.9294
4jfs_ligand,4.2601
4jym_ligand,3.5087
4jn2_ligand,7.4777
4jyt_ligand,6.6941
4jxs_ligand,5.3757
4jz1_ligand,7.7939
4k7i_ligand,1.8526
4jzi_ligand,6.0044
4k3h_ligand,7.1131
4k4j_ligand,8.2008
4k6i_ligand,9.1466
4k0y_ligand,6.0713
4k55_ligand,0.229
4jyb_ligand,8.7325
4k7n_ligand,2.4345
4kb9_ligand,7.9982
4jyc_ligand,6.6128
4k9y_ligand,9.9415
4kcx_ligand,3.5391
4k18_ligand,5.5368
4kao_ligand,8.8369
4km0_ligand,4.8875
4k77_ligand,4.4078
4km2_ligand,4.4159
4kax_ligand,10.44
4kfq_ligand,4.5828
4kmz_ligand,9.5202
4kn0_ligand,8.2963
4kow_ligand,7.1916
4kn1_ligand,7.2463
4kqp_ligand,6.6343
4kxn_ligand,6.2724
4ksy_ligand,6.138
4kz3_ligand,3.4044
4kz4_ligand,4.0368
4kz7_ligand,3.4872
4jh0_ligand,7.6938
4kz6_ligand,2.9317
4l4z_ligand,2.7782
4lhv_ligand,8.2059
4lar_ligand,3.9859
4lj5_ligand,4.6982
4l50_ligand,3.7894
4l51_ligand,3.8024
4l4v_ligand,4.5822
4lj8_ligand,5.7344
4ll3_ligand,6.5623
4kiu_ligand,3.7385
4ljh_ligand,2.4295
4lk7_ligand,2.4565
4l9i_ligand,4.9379
4lhm_ligand,3.9929
4ks1_ligand,6.5754
4lov_ligand,2.4296
4luz_ligand,6.3636
4loh_ligand,7.2025
4ks4_ligand,4.5352
4loi_ligand,7.3119
4lyw_ligand,3.3971
4lzr_ligand,4.3826
4loy_ligand,7.9169
4loo_ligand,6.2437
4lxd_ligand,7.1694
4lzs_ligand,3.6627
4lvt_ligand,9.3917
4kwf_ligand,6.0842
4kwg_ligand,4.3301
4m8e_ligand,8.5191
4m8h_ligand,8.4361
4m0y_ligand,4.3223
4m8x_ligand,3.1985
4m8y_ligand,6.3077
4ly9_ligand,7.3839
4m7j_ligand,-2.8534
4m12_ligand,9.2315
4mc1_ligand,7.5182
4m13_ligand,9.6768
4mc2_ligand,7.1296
4mc6_ligand,6.8193
4m14_ligand,4.371
4mdn_ligand,6.4216
4m0r_ligand,6.1308
4mc9_ligand,6.7912
4lkk_ligand,1.0899
4mn3_ligand,8.2893
4mmm_ligand,2.3075
4lko_ligand,7.0068
4ko8_ligand,7.4479
4m0e_ligand,6.6193
4mhz_ligand,2.8636
4mr3_ligand,3.457
4mr6_ligand,3.6904
4mgd_ligand,6.0014
4mmp_ligand,3.8229
4mnp_ligand,3.5547
4mre_ligand,1.7573
4mrg_ligand,3.4153
4mme_ligand,5.5999
4muv_ligand,6.9321
4mss_ligand,4.3945
4mq6_ligand,7.7617
4myd_ligand,4.4919
4mjp_ligand,5.6444
4mo4_ligand,1.6817
4n6z_ligand,6.7351
4n7u_ligand,0.2672
4mpn_ligand,3.1942
4muf_ligand,7.4387
4mul_ligand,8.6988
4n5d_ligand,3.6356
4n6g_ligand,2.8795
4n7m_ligand,4.6073
4na9_ligand,6.6964
4ndu_ligand,1.7661
4nnr_ligand,4.7897
4nh7_ligand,6.7348
4ncn_ligand,9.2369
4nh8_ligand,6.5148
4nbk_ligand,5.2422
4n8q_ligand,3.0444
4nbl_ligand,5.8152
4nbn_ligand,6.7755
4nkt_ligand,3.8941
4nku_ligand,1.1569
4non_ligand,3.3048
4n9a_ligand,3.0833
4np2_ligand,3.2336
4nra_ligand,3.7353
4np9_ligand,4.1454
4nuc_ligand,4.1061
4nue_ligand,4.6496
4np3_ligand,3.3405
4nl1_ligand,2.28
4o0a_ligand,7.5175
4nwc_ligand,5.9779
4n9c_ligand,2.9122
4o0b_ligand,8.7254
4nxu_ligand,3.0223
4o0x_ligand,3.644
4nxv_ligand,-0.3495
4o0y_ligand,4.3638
4o2p_ligand,6.3196
4o04_ligand,6.9143
4o05_ligand,8.3052
4o3f_ligand,5.0605
4o07_ligand,8.9342
4o9v_ligand,6.6861
4m6u_ligand,-1.7148
4o9w_ligand,4.3589
4o6w_ligand,3.4606
4o61_ligand,1.3043
4o09_ligand,8.0749
4o2c_ligand,8.4232
4o97_ligand,4.5685
4oct_ligand,2.3893
4ogj_ligand,4.0699
4nvp_ligand,6.6173
4ocq_ligand,0.8546
4omk_ligand,7.773
4omj_ligand,7.9019
4or4_ligand,5.3572
4or6_ligand,3.635
4og3_ligand,5.401
4oiv_ligand,6.5749
4og4_ligand,5.5813
4oag_ligand,-1.8294
4omc_ligand,11.3716
4p3h_ligand,3.4525
4ozj_ligand,7.3107
4p5d_ligand,8.0312
4oks_ligand,4.1235
4p5z_ligand,8.1304
4p6w_ligand,8.2845
4ovf_ligand,4.7417
4p58_ligand,4.5247
4p6x_ligand,6.2895
4ovg_ligand,4.4253
4p6c_ligand,2.4584
4ovh_ligand,3.8683
4owm_ligand,2.5691
4owv_ligand,3.0331
4poh_ligand,8.3825
4poj_ligand,8.6621
4pmm_ligand,9.7873
4pin_ligand,3.1021
4pcs_ligand,5.1224
4pee_ligand,5.3838
4pg9_ligand,9.788
4phu_ligand,6.1973
4pfu_ligand,2.4357
4pft_ligand,2.8337
4pop_ligand,5.9084
4oma_ligand,6.2549
4pp3_ligand,8.7287
4o2b_ligand,6.8933
4pow_ligand,6.874
4pp5_ligand,8.0218
4pox_ligand,7.0004
4pp0_ligand,6.9462
4psb_ligand,5.1573
4pnu_ligand,5.3492
4q0k_ligand,5.9236
4pf5_ligand,1.4274
4q1w_ligand,7.2769
4q1y_ligand,7.2433
4q1x_ligand,6.838
4pb2_ligand,2.6003
4qb3_ligand,4.7738
4q46_ligand,4.3528
4pzv_ligand,8.2873
4qer_ligand,3.353
4qem_ligand,2.4149
4qev_ligand,5.3435
4qf7_ligand,4.2271
4qew_ligand,5.6231
4q9o_ligand,8.1866
4qf8_ligand,1.849
4q19_ligand,4.8882
4pvx_ligand,1.4375
4pvy_ligand,1.7534
4qdk_ligand,6.5097
4qgd_ligand,2.7501
4q93_ligand,3.0583
4qgi_ligand,9.8883
4q3t_ligand,3.8448
4q3u_ligand,4.6938
4qf9_ligand,2.14
4qfn_ligand,6.6289
4qfl_ligand,7.529
4qsu_ligand,2.5608
4ql1_ligand,6.0711
4qfp_ligand,6.5561
4qfo_ligand,7.0993
4qp2_ligand,3.3139
4qpd_ligand,7.1222
4qsv_ligand,2.1574
4qac_ligand,8.0208
4r4c_ligand,8.3338
4qrh_ligand,10.2597
4r4i_ligand,7.1954
4r4o_ligand,5.8898
4r4t_ligand,6.9316
4qxo_ligand,6.5859
4qyy_ligand,8.0796
4r74_ligand,4.2489
4r73_ligand,6.0892
4r75_ligand,5.8491
4rdn_ligand,4.4246
4r06_ligand,8.9971
4rd0_ligand,8.1291
4r3w_ligand,2.993
4rd6_ligand,7.8544
4rd3_ligand,7.9378
4ra1_ligand,4.2894
4rak_ligand,8.5538
4rfm_ligand,7.4233
4rfr_ligand,5.8895
4qnb_ligand,6.7755
4re2_ligand,3.4402
4re4_ligand,4.8049
4rj8_ligand,6.9906
4rqk_ligand,4.9234
4rr6_ligand,5.3509
4rqv_ligand,4.2399
4rpn_ligand,4.2152
4rsk_ligand,2.6672
4rpo_ligand,3.8695
4rra_ligand,5.3318
4rlt_ligand,4.2409
4rvr_ligand,4.5933
4rlu_ligand,0.6499
4rlw_ligand,3.393
4rrf_ligand,6.0177
4rhx_ligand,6.7015
4rrg_ligand,3.9762
4r0a_ligand,4.5133
4sga_ligand,6.3322
4tjz_ligand,2.9226
4tkb_ligand,2.9685
4tkh_ligand,3.2842
4tkj_ligand,3.7108
4rww_ligand,8.3196
4tqn_ligand,4.9556
4tpw_ligand,5.6563
4s1g_ligand,8.5639
4rwj_ligand,8.0008
4tt2_ligand,-0.1466
4tmk_ligand,10.9666
4tte_ligand,3.4886
4tu4_ligand,4.8771
4ryd_ligand,11.4323
4tim_ligand,2.7629
4tun_ligand,0.5125
4qij_ligand,9.7652
4tz2_ligand,3.6979
4std_ligand,5.3452
4trc_ligand,3.2989
4ty6_ligand,7.8127
4ty7_ligand,7.5935
4u8w_ligand,6.1229
4ts1_ligand,2.3301
4u5s_ligand,2.5008
4u5o_ligand,2.72
4u5n_ligand,3.8375
4ucc_ligand,3.792
4ua8_ligand,0.0941
4u54_ligand,2.1871
4uac_ligand,1.6861
4u0w_ligand,6.7555
4u43_ligand,4.1542
4ufi_ligand,0.4678
4uc5_ligand,4.735
4uin_ligand,6.0843
4uj1_ligand,7.6112
4uj2_ligand,8.6409
4ujb_ligand,7.3838
4ufj_ligand,4.089
4uja_ligand,8.8882
4ual_ligand,6.7705
4ufk_ligand,1.2367
4u0f_ligand,5.2
4ufm_ligand,4.4131
4ufl_ligand,-32.2024
4uye_ligand,5.0021
4unp_ligand,4.6303
4uyf_ligand,6.3091
4und_ligand,7.1471
4uof_ligand,3.7149
4us3_ligand,6.129
4v01_ligand,10.5339
4v27_ligand,3.4977
4w9c_ligand,4.9856
4v24_ligand,10.1015
4w9d_ligand,5.1934
4w9f_ligand,5.7837
4ury_ligand,4.8905
4urz_ligand,5.4181
4w9h_ligand,6.2109
4w9p_ligand,6.4363
4w9o_ligand,6.3481
4w52_ligand,2.9142
4uma_ligand,4.6136
4uoh_ligand,3.6287
4w9i_ligand,5.8786
4wiv_ligand,4.8216
4w9k_ligand,6.6743
4w9j_ligand,6.587
4umb_ligand,5.1984
4wa9_ligand,8.2502
4w9l_ligand,6.6746
4wn5_ligand,4.854
4wk1_ligand,6.8361
4wt2_ligand,8.28
4x5p_ligand,5.0271
4wov_ligand,5.539
4x5q_ligand,4.8479
4umc_ligand,4.3837
4x5r_ligand,5.2978
4w97_ligand,9.7176
4wkp_ligand,5.6431
4wko_ligand,6.1183
4wkn_ligand,6.9666
4wkb_ligand,6.8474
4wrb_ligand,6.4413
4wop_ligand,4.1883
4x6m_ligand,7.9689
4x6n_ligand,8.4309
4x50_ligand,1.0964
4x6o_ligand,9.2072
4x8u_ligand,3.9734
4x8v_ligand,7.5874
4xiq_ligand,6.8489
4x8o_ligand,16.9892
4xip_ligand,6.0037
4x5y_ligand,6.9273
4x5z_ligand,6.0548
4xir_ligand,7.2345
4xo8_ligand,1.9669
4x24_ligand,7.0927
4xoc_ligand,2.4414
4xit_ligand,7.6125
4xas_ligand,7.5309
4xaq_ligand,6.6229
4xar_ligand,7.7426
4xmb_ligand,7.2919
4xoe_ligand,2.7411
4xt2_ligand,8.5584
4xtv_ligand,11.1727
4xtw_ligand,10.2665
4xk9_ligand,10.1512
4xy8_ligand,3.7118
4xtx_ligand,8.3026
4xya_ligand,5.0712
4xmr_ligand,5.9512
4xty_ligand,11.0106
4xtz_ligand,10.2367
4xu1_ligand,10.7996
4xu0_ligand,9.3915
4xu2_ligand,7.7067
4xu3_ligand,5.7054
4y0a_ligand,3.2727
4y3y_ligand,4.107
4y3j_ligand,2.3565
4xxh_ligand,1.0849
4y4j_ligand,1.2123
4yc0_ligand,5.3614
4y8x_ligand,9.4325
4y79_ligand,6.64
4yk0_ligand,3.7518
4ybk_ligand,7.9097
4yes_ligand,7.5176
4y2q_ligand,3.3141
4y5d_ligand,7.1147
4y59_ligand,5.8985
4yho_ligand,6.9019
4yb5_ligand,4.9093
4yhm_ligand,6.1683
4ymx_ligand,8.8822
4ynl_ligand,8.1892
4ykj_ligand,5.5615
4ymq_ligand,6.1398
4ykk_ligand,4.917
4ymg_ligand,7.6897
4yml_ligand,7.495
4ymh_ligand,8.1334
4ymb_ligand,7.1144
4ytc_ligand,5.5309
4ynb_ligand,8.4419
4z0k_ligand,7.3168
4yzu_ligand,6.5178
4yth_ligand,4.471
4z93_ligand,5.7288
4ysl_ligand,3.1886
4zbi_ligand,8.3026
4zbf_ligand,4.4737
4z2b_ligand,7.1713
4zae_ligand,8.1976
4z84_ligand,7.8342
4z83_ligand,8.9206
4z07_ligand,6.5989
4zcs_ligand,6.4745
4zgk_ligand,4.2426
4zb6_ligand,6.089
4zb8_ligand,6.1935
4zba_ligand,6.6397
4zip_ligand,7.7471
4zeb_ligand,5.0207
4zls_ligand,7.637
4zji_ligand,7.7506
4zyf_ligand,6.9663
4zei_ligand,3.2815
4zec_ligand,4.256
4zv1_ligand,7.7082
4zv2_ligand,6.0913
4zt8_ligand,1.8837
4zow_ligand,2.6407
4zl4_ligand,9.5468
4zek_ligand,4.188
4zzd_ligand,3.6046
5a5q_ligand,4.5778
4zvi_ligand,4.1586
5a81_ligand,5.5602
5a2i_ligand,1.9971
4zzx_ligand,5.0002
5acy_ligand,5.1699
5aan_ligand,3.9577
4zzy_ligand,6.867
5aa9_ligand,6.5035
5a6x_ligand,0.9921
5ant_ligand,5.988
5anu_ligand,7.5293
5ahw_ligand,6.1703
5anv_ligand,7.5345
5am6_ligand,4.3096
5am7_ligand,1.4497
5aut_ligand,5.5602
4zzz_ligand,4.8529
5alb_ligand,8.5062
5aqz_ligand,0.1822
5bs4_ligand,7.5993
5bry_ligand,5.6022
5btx_ligand,3.4569
5ave_ligand,5.8865
5afv_ligand,3.124
5avf_ligand,5.602
5btv_ligand,4.0418
5ayt_ligand,5.1205
5b5g_ligand,4.9284
5b5f_ligand,7.0418
5boj_ligand,3.1749
5bw4_ligand,6.3639
5c8n_ligand,6.6655
5cap_ligand,6.6572
5a6k_ligand,6.3314
5caq_ligand,6.4449
5cas_ligand,6.0899
5cau_ligand,6.0238
5c1m_ligand,8.2432
5cc2_ligand,6.2408
5cep_ligand,5.0128
5b2d_ligand,0.707
5ceq_ligand,5.7836
5bv3_ligand,9.002
5bwc_ligand,3.5933
5cp5_ligand,5.3109
5cqt_ligand,4.918
5cbr_ligand,7.6915
5cbs_ligand,6.9143
5cj6_ligand,5.8094
5cp9_ligand,3.1429
5cso_ligand,4.5808
5cy9_ligand,4.4283
5cs3_ligand,2.4948
5cqu_ligand,4.2736
5cs6_ligand,2.7077
5d0c_ligand,4.8558
5csp_ligand,3.812
5chk_ligand,5.9928
5cst_ligand,3.4188
5d3h_ligand,2.754
5ct2_ligand,4.0089
5d3j_ligand,3.8699
5cu4_ligand,9.6086
5d3l_ligand,3.3996
5d3x_ligand,7.1132
5cks_ligand,3.5527
5d3t_ligand,4.2849
5d3p_ligand,5.1531
5d3n_ligand,4.6545
5d24_ligand,5.3595
5d25_ligand,4.0288
5d26_ligand,3.7963
5d45_ligand,6.5557
5d47_ligand,5.6683
5d0r_ligand,6.362
5dbm_ligand,4.9245
5d48_ligand,7.5084
5dit_ligand,6.4795
5d21_ligand,2.0901
5dlx_ligand,5.7935
5dkn_ligand,2.9202
5dgu_ligand,7.2556
5dgw_ligand,5.9094
5dq8_ligand,4.818
5dnu_ligand,3.8165
5dey_ligand,7.757
5dqe_ligand,4.9113
5duw_ligand,0.1128
5dfp_ligand,8.1633
5dus_ligand,7.0094
5dx4_ligand,4.4707
5d6j_ligand,7.4713
5dqc_ligand,11.7805
5e6o_ligand,5.5004
5dex_ligand,6.1715
5dhu_ligand,5.0571
5e7n_ligand,4.153
5dwr_ligand,8.237
5e13_ligand,2.3568
5e8f_ligand,4.0709
5e1s_ligand,5.2262
5e2o_ligand,8.3201
5e73_ligand,5.0909
5e2p_ligand,8.4098
5e74_ligand,4.942
5dyo_ligand,7.779
5dqf_ligand,4.2502
5e89_ligand,3.648
5edb_ligand,5.2254
5edc_ligand,5.6707
5egu_ligand,5.3258
5efa_ligand,5.1438
5efc_ligand,3.9449
5edl_ligand,4.6877
5ect_ligand,7.5949
5egm_ligand,8.3096
5ei3_ligand,4.0249
5eis_ligand,4.7126
5epl_ligand,8.2547
5eng_ligand,3.6627
5ep7_ligand,3.4487
5edd_ligand,5.3803
5dxt_ligand,6.71
5eq1_ligand,4.2099
5e2l_ligand,4.3702
5etb_ligand,3.8188
5ehr_ligand,6.8436
5er4_ligand,2.7196
5ehq_ligand,11.8197
5en3_ligand,3.3334
5eu1_ligand,5.2094
5er1_ligand,5.3782
5el9_ligand,5.2065
5elw_ligand,6.2274
5ewk_ligand,4.3705
5er2_ligand,7.6266
5ewy_ligand,5.1676
5exm_ligand,8.403
5exn_ligand,9.7507
5evz_ligand,2.1652
5f1h_ligand,5.6251
5eqe_ligand,5.1348
5eqp_ligand,5.3471
5eqy_ligand,7.0895
5f2p_ligand,3.9212
5ey4_ligand,3.881
5exw_ligand,4.7702
5f1v_ligand,2.3395
5f0f_ligand,6.7867
5eyr_ligand,8.5261
5ey0_ligand,9.0007
5f2u_ligand,7.4055
5f5z_ligand,7.0719
5f25_ligand,4.1168
5etj_ligand,6.1039
5f1r_ligand,7.1872
5f1x_ligand,1.579
5f60_ligand,5.3139
5f61_ligand,7.2062
5f8y_ligand,0.6453
5f62_ligand,5.4722
5f63_ligand,5.9907
5fe6_ligand,3.6726
5f2r_ligand,0.4491
5f08_ligand,7.3423
5fe7_ligand,4.0744
5fe9_ligand,4.5605
5fh7_ligand,6.2212
5fh8_ligand,5.5521
5fbi_ligand,3.1227
5f74_ligand,4.5968
5fck_ligand,8.4442
5f9b_ligand,-52.6342
5fnf_ligand,2.4893
5fnr_ligand,6.2567
5fou_ligand,4.1257
5fns_ligand,7.0373
5fov_ligand,2.9064
5fox_ligand,3.9986
5fnc_ligand,4.1216
5fnu_ligand,8.8603
5fot_ligand,3.6431
5fnt_ligand,7.7727
5fnd_ligand,3.9496
5fog_ligand,4.9391
5fhn_ligand,11.4043
5fho_ligand,10.4468
5fpk_ligand,4.2315
5fs5_ligand,1.7957
5fso_ligand,3.9594
5fsn_ligand,4.1691
5fyx_ligand,4.3463
5fol_ligand,6.4523
5fsx_ligand,4.8804
5fsy_ligand,6.5774
5g2g_ligand,5.5503
5fto_ligand,6.1546
5fut_ligand,5.8282
5g45_ligand,3.7529
5g46_ligand,3.256
5g1z_ligand,5.1387
5fsc_ligand,1.6328
5g5f_ligand,-0.2861
5h9r_ligand,2.5302
5h85_ligand,3.1902
5hbn_ligand,3.3957
5h5f_ligand,7.1385
5ha1_ligand,5.2587
5g60_ligand,-2.0092
5h8e_ligand,7.7837
5hbs_ligand,6.2971
5ftg_ligand,5.8988
5h8g_ligand,7.3107
5gsa_ligand,6.1963
5hrw_ligand,5.4775
5hrv_ligand,5.6166
5hrx_ligand,5.336
5gs9_ligand,6.6913
5hct_ligand,7.3481
5hcv_ligand,9.3356
5hjq_ligand,5.9754
5hcy_ligand,8.5939
5hz6_ligand,6.4673
5hz5_ligand,6.6048
5g5z_ligand,-0.9784
5hz8_ligand,6.5223
5hz9_ligand,4.0762
5hu9_ligand,11.9174
5hwu_ligand,1.8889
5i1q_ligand,6.3515
5hvt_ligand,6.6498
5hvs_ligand,2.3578
5htz_ligand,8.5322
5i7x_ligand,4.9534
5i2e_ligand,6.7683
5i7y_ligand,5.6552
5i2f_ligand,1.6424
5i80_ligand,4.7201
5i29_ligand,5.9633
5i88_ligand,5.3944
5i3v_ligand,6.1935
5i9z_ligand,6.0196
5i3w_ligand,8.8092
5i9x_ligand,5.7373
5i3x_ligand,8.2728
5i9y_ligand,7.4347
5i3y_ligand,8.8743
5ia0_ligand,6.8694
5ia1_ligand,5.8662
5ia2_ligand,6.1932
5ia3_ligand,7.1119
5ii2_ligand,4.8835
5ijr_ligand,2.4091
5igm_ligand,6.5705
5ia5_ligand,9.7084
5ia4_ligand,8.6463
5gmh_ligand,5.66
5ih9_ligand,7.3593
5ie1_ligand,6.0562
5ikb_ligand,6.3237
5ime_ligand,7.7817
5ipc_ligand,6.4567
5ipj_ligand,6.9021
5ihh_ligand,2.9793
5ito_ligand,6.8612
5ioz_ligand,6.185
5itp_ligand,7.2264
5iyy_ligand,2.1035
5j0d_ligand,4.6384
5ivc_ligand,4.0974
5ive_ligand,5.7496
5ivv_ligand,3.9387
5j1x_ligand,2.9559
5ivy_ligand,4.2125
5izj_ligand,4.0568
5j2x_ligand,5.114
5j1r_ligand,4.857
5izf_ligand,7.8912
5j3l_ligand,6.0095
5j7q_ligand,2.0169
5j6l_ligand,5.5885
5j6m_ligand,6.0644
5j6n_ligand,5.9004
5j20_ligand,6.1971
5j27_ligand,5.9085
5j8m_ligand,4.8796
5j8u_ligand,4.5202
5j9x_ligand,5.5555
5isz_ligand,14.7312
5j7w_ligand,3.7696
5j41_ligand,8.6824
5jfp_ligand,8.2873
5jgi_ligand,2.5262
5j6a_ligand,4.2592
5jgq_ligand,2.9697
5j64_ligand,4.8552
5jg1_ligand,8.7449
5jfu_ligand,9.2776
5jhk_ligand,2.2312
5j82_ligand,5.6837
5ji8_ligand,3.3472
5j86_ligand,6.5136
5jsg_ligand,6.3972
5jsj_ligand,-7.581
5k03_ligand,5.2563
5k8s_ligand,7.0146
5jq5_ligand,6.2437
5ja0_ligand,7.7591
5k0h_ligand,7.7661
5k9w_ligand,6.9639
5k0m_ligand,6.671
5ka1_ligand,6.8466
5jox_ligand,2.0047
5ka7_ligand,7.2017
5kat_ligand,5.2168
5kax_ligand,6.6065
5jy3_ligand,8.1688
5kcb_ligand,4.5708
5jsq_ligand,5.4002
5ka9_ligand,6.8904
5kab_ligand,7.0257
5kad_ligand,6.6827
5jhb_ligand,-15.9913
5km9_ligand,2.5815
5kly_ligand,6.9964
5kma_ligand,5.6798
5kqx_ligand,6.1883
5khm_ligand,7.6504
5ko1_ligand,5.2588
5kqy_ligand,7.3237
5kr0_ligand,0.0718
5kr1_ligand,6.8273
5kej_ligand,0.1216
5l8a_ligand,4.379
5kz0_ligand,5.174
5kr2_ligand,8.0269
5l2s_ligand,6.4034
5l3a_ligand,3.0891
5kby_ligand,7.0619
5l7e_ligand,6.7619
5kva_ligand,7.6715
5l7h_ligand,8.8572
5l7g_ligand,7.9808
5l9g_ligand,5.1331
5l4j_ligand,2.3637
5l4i_ligand,5.1178
5l4m_ligand,3.0178
5l9o_ligand,5.5
5ko5_ligand,3.2309
5l9i_ligand,5.8864
5lne_ligand,0.0923
5ldm_ligand,1.5644
5l9l_ligand,5.0433
5l30_ligand,8.244
5ldp_ligand,2.7782
5lso_ligand,9.0669
5lsh_ligand,-2.0928
5lny_ligand,6.9537
5lvq_ligand,3.9924
5lud_ligand,0.9298
5lom_ligand,6.8823
5lli_ligand,6.1082
5lsg_ligand,8.8402
5lvr_ligand,3.2839
5lvl_ligand,5.3299
5ltn_ligand,-3.1644
5lwm_ligand,4.8599
5lyr_ligand,2.9757
5lz4_ligand,6.1415
5m04_ligand,7.8625
5lz7_ligand,6.2472
5lz5_ligand,6.8648
5ld8_ligand,4.6991
5m5d_ligand,2.353
5m17_ligand,3.0514
5m23_ligand,3.5106
5m25_ligand,4.0209
5mg2_ligand,5.8105
5mgf_ligand,1.9461
5mgk_ligand,2.1981
5mge_ligand,2.727
5mgj_ligand,2.7704
5m28_ligand,2.4907
5mlj_ligand,6.4759
5mme_ligand,4.0611
5meh_ligand,2.6129
5mek_ligand,12.1722
5mmg_ligand,4.3054
5mnn_ligand,4.501
5mn1_ligand,2.1721
5mpk_ligand,5.7304
5mkr_ligand,-0.1826
5mpz_ligand,2.9389
5mes_ligand,7.2908
5mqe_ligand,2.9261
5mpn_ligand,4.9062
5mks_ligand,-0.8838
5m7s_ligand,3.8644
5mo8_ligand,8.9736
5m7u_ligand,3.5587
5mod_ligand,3.2344
5mwh_ligand,4.9854
5mrb_ligand,7.2496
5mby_ligand,3.7305
5n17_ligand,4.6859
5n18_ligand,4.9316
5mwp_ligand,8.8494
5mwy_ligand,9.6371
5n1z_ligand,7.7029
5my8_ligand,7.4042
5n93_ligand,5.4295
5n84_ligand,5.4645
5n9r_ligand,8.8769
5n6s_ligand,4.8628
5ngz_ligand,3.2262
5neb_ligand,6.1663
5n99_ligand,6.1982
5mxf_ligand,2.8884
5nbw_ligand,7.138
5nap_ligand,6.6797
5nih_ligand,6.5153
5ne5_ligand,2.5111
5ndf_ligand,2.6298
5nau_ligand,6.7209
5njz_ligand,6.8551
5nk2_ligand,7.2676
5nk3_ligand,6.9001
5nk6_ligand,6.7344
5mz8_ligand,3.9465
5nk4_ligand,6.8671
5nk8_ligand,7.3651
5nlk_ligand,5.4709
5nk9_ligand,6.7843
5nk7_ligand,6.7489
5nka_ligand,7.0022
5nkc_ligand,7.7422
5nkb_ligand,7.0956
5nkd_ligand,8.5118
5nkg_ligand,7.1176
5nkh_ligand,6.8895
5nki_ligand,7.387
5nvw_ligand,6.4038
5nvv_ligand,6.0732
5nvx_ligand,6.2361
5nw0_ligand,5.8826
5nw1_ligand,6.3589
5nw2_ligand,6.0293
5nwe_ligand,6.0164
5o5a_ligand,4.9131
5nz4_ligand,6.396
5nze_ligand,6.3917
5nyh_ligand,6.7018
5nzf_ligand,6.1421
5nzn_ligand,6.2728
5o2d_ligand,8.7652
5nn5_ligand,4.2078
5nwi_ligand,4.1431
5nn6_ligand,4.2023
5ogb_ligand,6.3831
5o9o_ligand,2.5348
5o9p_ligand,2.1993
5o9q_ligand,1.8867
5o9r_ligand,1.409
5odx_ligand,6.4529
5o9y_ligand,2.4379
5oei_ligand,4.104
5o58_ligand,3.4715
5o87_ligand,5.5584
5oaj_ligand,3.0356
5obg_ligand,8.0422
5oa6_ligand,2.5048
5oku_ligand,3.4204
5oot_ligand,6.544
5op4_ligand,4.071
5om2_ligand,6.6757
5op5_ligand,5.0471
5oq8_ligand,6.0323
5om3_ligand,6.035
5om7_ligand,7.2636
5oht_ligand,5.5093
5orh_ligand,4.3705
5orv_ligand,1.8216
5ohy_ligand,4.8344
5orw_ligand,2.4432
5os2_ligand,1.5158
5org_ligand,8.4971
5os4_ligand,3.604
5os5_ligand,3.1225
5ose_ligand,1.5811
5os8_ligand,3.4844
5os7_ligand,6.6348
5oqu_ligand,4.9307
5osl_ligand,3.1912
5orj_ligand,5.6281
5ot8_ligand,7.6014
5ork_ligand,5.1818
5ota_ligand,5.7463
5ovp_ligand,5.3241
5ovc_ligand,7.1138
5ov8_ligand,5.0218
5ot9_ligand,5.6622
5otc_ligand,5.987
5ovv_ligand,5.7027
5otr_ligand,5.3355
5otz_ligand,5.7811
5ovr_ligand,5.6452
5qa8_ligand,3.1423
5qay_ligand,2.4573
5ovx_ligand,5.3834
5qal_ligand,-47.8323
5t7s_ligand,0.8831
5qqp_ligand,9.9344
5qtt_ligand,9.397
5owl_ligand,3.7341
5sym_ligand,7.0205
5oxk_ligand,2.1763
5ost_ligand,2.487
5sxm_ligand,3.6051
5t9u_ligand,5.4106
5t9w_ligand,6.3196
5t9z_ligand,5.9037
5oss_ligand,3.316
5ta2_ligand,6.4438
5tb6_ligand,4.5016
5std_ligand,6.5194
5ta4_ligand,6.8255
5t8o_ligand,6.9683
5t8p_ligand,5.0018
5tpx_ligand,7.6098
5t19_ligand,7.3275
5tbm_ligand,6.9143
5tmp_ligand,9.6172
5tcj_ligand,5.4845
5tbe_ligand,9.9141
5tkk_ligand,5.4294
5tkj_ligand,6.1399
5ttw_ligand,2.949
5twj_ligand,5.3454
5u6j_ligand,8.5632
5u28_ligand,5.6151
5u0w_ligand,4.2442
5tef_ligand,1.8141
5u4b_ligand,4.2229
5u4d_ligand,-14.4375
5u0z_ligand,5.8917
5u0y_ligand,4.9047
5ueu_ligand,5.6356
5uc4_ligand,5.1081
5ucj_ligand,5.4296
5uez_ligand,4.0971
5uf0_ligand,3.2886
5u8c_ligand,7.5772
5uff_ligand,-0.3237
5ula_ligand,4.3539
5ufc_ligand,0.77
5u12_ligand,5.049
5u11_ligand,4.7906
5u13_ligand,4.4294
5ufp_ligand,6.664
5ufr_ligand,7.5543
5ufs_ligand,8.856
5u14_ligand,6.8897
5ulp_ligand,4.9088
5uoo_ligand,5.6582
5ult_ligand,4.9257
5umx_ligand,4.2767
5umy_ligand,8.3334
5uov_ligand,7.7689
5upj_ligand,5.1783
5upz_ligand,7.5934
5var_ligand,4.4284
5ut6_ligand,5.5023
5uxf_ligand,7.7867
5v7a_ligand,5.1094
5v79_ligand,5.5687
5v82_ligand,8.4702
5v0n_ligand,11.6759
5vb5_ligand,8.5764
5uv2_ligand,0.1258
5vc3_ligand,6.2597
5vb7_ligand,8.6441
5vc4_ligand,6.95
5vb6_ligand,9.5996
5vcv_ligand,6.8897
5uk8_ligand,7.2454
5vcw_ligand,6.4999
5vd0_ligand,7.0923
5vcz_ligand,6.2839
5vd1_ligand,7.6935
5vcy_ligand,5.929
5vh0_ligand,5.9993
5vd2_ligand,5.349
5vd3_ligand,5.8089
5vm0_ligand,7.6322
5upe_ligand,7.0691
5vja_ligand,4.1861
5upf_ligand,8.248
5vo1_ligand,4.5683
5wa5_ligand,4.9274
5w44_ligand,2.192
5vyy_ligand,4.9996
5vl2_ligand,7.4741
5wa8_ligand,5.5939
5vij_ligand,6.7589
5vih_ligand,7.6595
5wa9_ligand,5.1375
5w1e_ligand,3.6158
5wal_ligand,5.0471
5we9_ligand,1.4054
5wmg_ligand,6.1943
5wij_ligand,2.7341
5wlo_ligand,8.9034
5win_ligand,4.713
5wbm_ligand,3.7465
5w2s_ligand,4.2604
5xg5_ligand,-0.8832
5wbo_ligand,3.5246
5x74_ligand,7.9951
5vr8_ligand,7.4754
5x54_ligand,6.2116
5wl0_ligand,9.318
5wp5_ligand,6.3069
5wqc_ligand,4.8892
5wuk_ligand,6.2347
5xpi_ligand,2.1914
5y8y_ligand,4.2871
5y12_ligand,3.9002
5y94_ligand,4.1127
5y13_ligand,-3.2652
5xva_ligand,5.7194
5vsj_ligand,2.0605
5xsr_ligand,7.9821
5ya5_ligand,6.8907
5xmx_ligand,7.0202
5xo7_ligand,7.2237
5yj8_ligand,3.7869
5yas_ligand,1.0861
5x62_ligand,5.8405
5yfs_ligand,10.0489
5yft_ligand,11.245
5yqx_ligand,4.9832
5ymx_ligand,9.4243
5yyf_ligand,6.438
5yz2_ligand,3.0902
5yh8_ligand,5.0037
5yhe_ligand,4.837
5yhg_ligand,5.024
5z7b_ligand,5.2316
5za7_ligand,5.7601
5za8_ligand,5.4266
5zae_ligand,6.0638
5z7j_ligand,7.2751
5zaf_ligand,5.4393
5z66_ligand,6.6622
5z99_ligand,3.1254
5wyx_ligand,6.9482
5wyz_ligand,6.5387
5zaj_ligand,5.9707
5zag_ligand,5.0128
5zc5_ligand,6.5683
5yl2_ligand,6.9954
5zdb_ligand,6.761
6a87_ligand,1.3084
5zkc_ligand,6.0002
5zhl_ligand,7.0729
5zyg_ligand,4.4202
5z5f_ligand,1.9587
5zyl_ligand,7.3773
5zym_ligand,6.8934
6ajr_ligand,3.587
5zo8_ligand,6.7113
5zg1_ligand,6.7467
6ajv_ligand,3.5946
5zni_ligand,3.6622
5zvw_ligand,7.6532
5znc_ligand,7.1364
6ajy_ligand,3.1893
6aox_ligand,-0.0224
6ajz_ligand,4.1815
6arn_ligand,-1.546
6arm_ligand,1.418
6aro_ligand,0.8206
6as8_ligand,3.4707
6b4l_ligand,6.9707
6b4u_ligand,6.9972
6ayi_ligand,4.3528
6b5q_ligand,9.7463
6aqs_ligand,2.5964
6abx_ligand,5.7243
6ayo_ligand,7.621
6b1k_ligand,7.9281
6b7a_ligand,2.0271
5zw6_ligand,9.5176
6ayq_ligand,7.2317
6ayr_ligand,8.088
6ayt_ligand,7.6334
6ays_ligand,7.5677
6bbx_ligand,6.1276
6b7b_ligand,2.8067
6bhv_ligand,7.1111
6c7q_ligand,5.7386
6bdy_ligand,4.965
6bm5_ligand,4.7328
6bm6_ligand,4.7493
6c0s_ligand,10.4093
6cdj_ligand,8.7981
6cbf_ligand,7.6391
6cdl_ligand,9.2606
6cbg_ligand,6.9852
6c2r_ligand,7.8095
6bs3_ligand,6.4826
6cjr_ligand,7.4707
6ckr_ligand,6.365
6cks_ligand,5.9903
6cdp_ligand,6.7227
6cdo_ligand,6.3068
6c9s_ligand,6.6314
6bs4_ligand,7.5427
6c9v_ligand,5.8183
6c85_ligand,1.7444
6cfc_ligand,5.5806
6cwh_ligand,7.0234
6cn5_ligand,10.9188
6cwn_ligand,7.7565
6cjs_ligand,4.9831
6cq1_ligand,5.3132
6cvf_ligand,2.7982
6cvv_ligand,1.1933
6cpw_ligand,10.5738
6czb_ligand,2.3773
6czc_ligand,4.3229
6cze_ligand,-12.5042
6chp_ligand,-0.4479
6d15_ligand,4.3246
6ckw_ligand,7.9658
6d17_ligand,4.7087
6d16_ligand,4.2831
6d18_ligand,4.9089
6d9x_ligand,4.4507
6d19_ligand,5.2788
6d9s_ligand,2.8453
6d5e_ligand,8.0079
6d3q_ligand,5.3902
6d5h_ligand,9.0727
6d5g_ligand,10.2045
6czf_ligand,5.7822
6det_ligand,7.8304
6d5j_ligand,7.7622
6dai_ligand,5.0172
6dar_ligand,4.3396
6dak_ligand,6.4279
6dh1_ligand,6.1106
6dh2_ligand,6.7551
6dh6_ligand,6.7869
6dh7_ligand,6.5641
6dh8_ligand,6.5779
6dgl_ligand,6.9648
6dif_ligand,8.7012
6dj1_ligand,8.9607
6dil_ligand,8.9209
6dj2_ligand,8.5199
6d50_ligand,3.5996
6dl2_ligand,5.1773
6dj5_ligand,6.3339
6dj7_ligand,6.2585
6d56_ligand,8.6435
6d55_ligand,10.3512
6dgr_ligand,5.0288
6dyn_ligand,1.5518
6dyr_ligand,3.2988
6dq4_ligand,4.4878
6dpx_ligand,5.4883
6dpt_ligand,5.0116
6dy7_ligand,3.8938
6dpz_ligand,5.187
6dpy_ligand,4.698
6d78_ligand,11.5683
6dys_ligand,3.0158
6e4a_ligand,4.6056
6e5l_ligand,5.012
6e5t_ligand,5.2192
6e6m_ligand,4.9467
6dzx_ligand,3.9517
6dyu_ligand,8.0569
6dyw_ligand,8.2611
6dyy_ligand,7.8093
6dyv_ligand,7.9975
6e1y_ligand,7.407
6e1z_ligand,3.4549
6e7j_ligand,7.3879
6e9a_ligand,7.5235
6ei5_ligand,7.0895
6edr_ligand,1.5321
6e22_ligand,6.385
6dyz_ligand,5.831
6e23_ligand,8.441
6eif_ligand,4.8508
6dz0_ligand,6.5117
6eiq_ligand,5.5334
6eij_ligand,5.3641
6dz2_ligand,5.937
6dz3_ligand,5.1944
6eiz_ligand,3.2067
6ekq_ligand,4.2625
6e7r_ligand,8.1327
6eis_ligand,6.6544
6e7t_ligand,8.8135
6eln_ligand,3.9419
6el5_ligand,4.7559
6eog_ligand,4.0351
6eol_ligand,3.7364
6elo_ligand,5.3309
6elp_ligand,5.976
6ej2_ligand,6.9298
6ej3_ligand,6.9728
6epa_ligand,4.5678
6eq2_ligand,4.7954
6eir_ligand,5.0804
6eq3_ligand,4.7054
6eq5_ligand,4.7347
6eq7_ligand,6.9122
6evn_ligand,5.4176
6exj_ligand,1.5482
6ep4_ligand,3.2045
6euw_ligand,6.0658
6eux_ligand,6.0405
6ey8_ligand,6.6015
6epz_ligand,1.6314
6eq1_ligand,3.6391
6ey9_ligand,6.6268
6eya_ligand,6.697
6eqp_ligand,4.3644
6eyb_ligand,6.4926
6eqv_ligand,8.2163
6eqx_ligand,12.1948
6eqw_ligand,11.4326
6eq8_ligand,2.7668
6exs_ligand,3.1434
6eyt_ligand,4.9993
6f1n_ligand,5.1057
6f05_ligand,4.6962
6f20_ligand,2.521
6fa4_ligand,4.1427
6fgg_ligand,2.838
6f9g_ligand,5.9915
6fcj_ligand,3.6174
6fmc_ligand,3.1405
6ezq_ligand,5.5265
6exi_ligand,3.018
6fmj_ligand,5.8478
6fnf_ligand,10.5005
6fhk_ligand,0.4546
6fng_ligand,10.13
6fnj_ligand,10.1145
6fni_ligand,10.7916
6fo5_ligand,5.5793
6fba_ligand,3.2517
6faa_ligand,5.3184
6fnq_ligand,2.5238
6f90_ligand,2.6028
6fsy_ligand,4.5328
6fs1_ligand,8.1694
6fnr_ligand,2.162
6fh3_ligand,2.7683
6ftz_ligand,6.0655
6g2b_ligand,4.8902
6fuh_ligand,7.0561
6fui_ligand,8.6186
6g2c_ligand,4.8542
6ftf_ligand,6.7721
6g2e_ligand,4.6821
6fuj_ligand,4.7466
6g2f_ligand,5.8433
6ftp_ligand,6.7224
6g0z_ligand,9.5213
6fs0_ligand,11.2733
6g2o_ligand,6.6532
6g2s_ligand,2.5459
6g2r_ligand,-0.8943
6g24_ligand,3.7801
6g25_ligand,4.9603
6g27_ligand,6.0214
6fz4_ligand,4.2129
6g29_ligand,5.5687
6g2l_ligand,6.7618
6g2m_ligand,5.7627
6g3a_ligand,3.9633
6g14_ligand,9.5003
6g9i_ligand,4.0124
6ge7_ligand,2.5034
6g9x_ligand,3.0738
6gf9_ligand,2.4099
6gfs_ligand,2.1329
6f92_ligand,2.2766
6g38_ligand,2.9552
6g34_ligand,3.9056
6g37_ligand,3.1431
6ghh_ligand,2.1043
6gj6_ligand,5.4141
6gj8_ligand,4.2452
6g39_ligand,4.0001
6gfz_ligand,6.2624
6gji_ligand,3.1262
6gjj_ligand,3.1148
6gjl_ligand,3.3226
6gjm_ligand,3.056
6gjn_ligand,6.0501
6gl8_ligand,7.7994
6gjr_ligand,3.6838
6gg4_ligand,4.1883
6ghj_ligand,4.8422
6gl9_ligand,5.6667
6gla_ligand,5.0644
6glb_ligand,4.816
6gnm_ligand,2.4404
6gnp_ligand,2.1199
6guk_ligand,6.8361
6gon_ligand,0.4573
6gnw_ligand,3.2199
6guh_ligand,7.1372
6gnr_ligand,3.3833
6gvz_ligand,4.1298
6gxg_ligand,3.5903
6gw4_ligand,5.0291
6guc_ligand,5.4435
6gue_ligand,7.2828
6gzd_ligand,5.3025
6h2t_ligand,7.4789
6h1u_ligand,6.7183
6h8s_ligand,3.8713
6h1d_ligand,7.0675
6gwe_ligand,6.8757
6hgf_ligand,5.493
6gwr_ligand,9.1666
6hgg_ligand,5.6014
6hai_ligand,12.5505
6hgi_ligand,5.9361
6hax_ligand,12.21
6gzm_ligand,5.4084
6hay_ligand,12.581
6gvf_ligand,5.4216
6hhr_ligand,4.3677
6hh5_ligand,6.476
6hh3_ligand,5.7902
6hgr_ligand,4.763
6hgs_ligand,5.1043
6hk3_ligand,4.8342
6hly_ligand,2.8636
6hk4_ligand,5.08
6hpw_ligand,8.2919
6ht1_ligand,7.0813
6hni_ligand,5.6433
6hmg_ligand,3.2605
6hm1_ligand,4.0457
6hoq_ligand,3.7652
6i8y_ligand,4.9683
6i5g_ligand,3.3631
6i8m_ligand,7.4422
6i8t_ligand,7.017
6hza_ligand,13.184
6hr2_ligand,12.5795
6i0z_ligand,5.327
6hzb_ligand,12.8789
6i11_ligand,6.3767
6i12_ligand,6.7905
6hq7_ligand,6.0549
6i13_ligand,6.5683
6i14_ligand,7.404
6i17_ligand,7.7167
6i61_ligand,6.0049
6hzy_ligand,2.7737
6i18_ligand,7.3038
6i62_ligand,5.5589
6i63_ligand,5.4353
6i66_ligand,3.5842
6i64_ligand,4.4981
6i65_ligand,3.1481
6i67_ligand,3.5973
6idb_ligand,0.5847
6iez_ligand,6.944
6if0_ligand,7.1926
6iht_ligand,-1.4386
6ift_ligand,8.7185
6idg_ligand,-12.1631
6j3o_ligand,5.9615
6j0g_ligand,2.2831
6j3p_ligand,7.4045
6iou_ligand,6.0203
6j0o_ligand,6.79
6ixd_ligand,9.2615
6j1l_ligand,7.9444
6j7e_ligand,6.5935
6im4_ligand,9.2571
6ior_ligand,4.8538
6ios_ligand,5.7556
6ibk_ligand,1.4235
6j9w_ligand,4.4798
6jad_ligand,3.9076
6j9y_ligand,3.9912
6jag_ligand,4.7404
6jam_ligand,3.9916
6jan_ligand,3.2728
6jao_ligand,3.3067
6jap_ligand,3.8466
6jaq_ligand,2.4543
6j72_ligand,8.6467
6jay_ligand,3.9093
6jaw_ligand,-0.8639
6jb0_ligand,3.1739
6jav_ligand,4.1988
6jb4_ligand,3.1084
6k04_ligand,6.0117
6jdi_ligand,7.129
6jdl_ligand,7.2021
6jbb_ligand,3.6289
6jon_ligand,1.0974
6jbe_ligand,2.463
6jof_ligand,6.909
6jfk_ligand,6.7691
6k3l_ligand,6.9587
6mh1_ligand,5.3945
6md0_ligand,3.7193
6mh7_ligand,5.4823
6kjd_ligand,5.0582
6mku_ligand,6.8199
6mg5_ligand,5.9947
6mkw_ligand,5.9367
6ml9_ligand,7.353
6jtc_ligand,2.8591
6mla_ligand,5.4222
6mle_ligand,7.532
6mlg_ligand,6.4508
6md6_ligand,0.5897
6mli_ligand,4.9156
6ma2_ligand,4.4887
6ma3_ligand,5.874
6ma4_ligand,5.9361
6ma5_ligand,5.0791
6mlj_ligand,6.6254
6mll_ligand,2.1169
6mln_ligand,7.1163
6mlo_ligand,7.0521
6mlp_ligand,5.4493
6mjf_ligand,6.7232
6mm2_ligand,7.6753
6n3v_ligand,3.3091
6msy_ligand,0.2331
6n3w_ligand,1.6982
6n5x_ligand,-0.1953
6mnv_ligand,2.9441
6mqc_ligand,12.0742
6n3y_ligand,-3.3828
6n3x_ligand,3.4609
6mnc_ligand,5.4805
6mqe_ligand,10.0956
6mxc_ligand,6.4482
6n7a_ligand,5.8837
6n7b_ligand,5.9073
6ncn_ligand,3.1571
6nco_ligand,4.1935
6n8x_ligand,4.1175
6ne5_ligand,10.0272
6n7d_ligand,5.9721
6n78_ligand,5.7682
6n79_ligand,6.0558
6mu3_ligand,0.913
6nfh_ligand,4.7155
6nmb_ligand,3.269
6mub_ligand,-2.4762
6nsv_ligand,-0.7319
6ndl_ligand,-1.5221
6no9_ligand,7.8021
6np2_ligand,7.9281
6np3_ligand,7.8466
6nxz_ligand,1.5099
6nwl_ligand,8.6078
6nwk_ligand,8.3431
6nfy_ligand,5.1779
6ny0_ligand,-0.6944
6o0k_ligand,8.9752
6o0o_ligand,7.2428
6nv7_ligand,11.0883
6nyv_ligand,4.1686
6nv9_ligand,11.3744
6nw3_ligand,11.3604
6o0m_ligand,8.3043
6nu1_ligand,2.5374
6o0p_ligand,8.7592
6nu5_ligand,2.6286
6o5u_ligand,4.7137
6o5a_ligand,9.2993
6o5x_ligand,9.6172
6oqb_ligand,10.368
6oqc_ligand,10.4047
6olx_ligand,4.0761
6oja_ligand,3.9201
6oqd_ligand,10.1218
6o95_ligand,6.3192
6o48_ligand,7.843
6o94_ligand,7.256
6orr_ligand,10.5915
6p9e_ligand,5.566
6ooy_ligand,5.5781
6otg_ligand,7.0277
6om8_ligand,8.4508
6o9c_ligand,6.136
6pg3_ligand,3.1968
6pg4_ligand,2.8918
6pg5_ligand,3.5798
6p5o_ligand,5.5884
6p3v_ligand,6.335
6p8a_ligand,5.2594
6pg6_ligand,3.8025
6p84_ligand,5.7996
6p83_ligand,6.4056
6p85_ligand,5.3376
6pg9_ligand,4.4337
6pg7_ligand,4.1139
6pg8_ligand,3.94
6p86_ligand,6.3935
6ouv_ligand,4.7869
6p3t_ligand,7.4448
6p87_ligand,4.6667
6pga_ligand,3.9428
6p89_ligand,5.7517
6p88_ligand,5.3004
6poi_ligand,4.0613
6pgb_ligand,4.6424
6pgc_ligand,3.9128
6pge_ligand,3.22
6pvw_ligand,4.6335
6pvv_ligand,3.6669
6pi5_ligand,3.7017
6pi6_ligand,6.6576
6pl1_ligand,6.8264
6prf_ligand,8.1738
6pvz_ligand,4.2098
6pve_ligand,10.3255
6q3y_ligand,4.3735
6q3z_ligand,4.9216
6plf_ligand,4.7828
6q3q_ligand,4.6501
6pu3_ligand,4.6776
6py0_ligand,4.2017
6q4e_ligand,3.2441
6phx_ligand,0.9652
6q4g_ligand,4.7916
6qas_ligand,5.1902
6qge_ligand,3.686
6qgf_ligand,3.5999
6ppy_ligand,3.5769
6qe0_ligand,3.6004
6qgg_ligand,8.2812
6qe5_ligand,7.5814
6qln_ligand,3.184
6qlo_ligand,3.2521
6qi4_ligand,2.1754
6qlp_ligand,3.3238
6qlq_ligand,3.5302
6qgh_ligand,10.6548
6qi7_ligand,1.951
6qls_ligand,3.1372
6qlr_ligand,3.2221
6qau_ligand,5.0244
6qlt_ligand,3.0644
6qlu_ligand,3.5023
6qav_ligand,7.1417
6qpl_ligand,7.243
6qmj_ligand,7.0493
6qmk_ligand,8.3351
6qqv_ligand,7.1673
6qqq_ligand,6.3325
6qqw_ligand,6.9661
6qqu_ligand,6.4833
6qqz_ligand,7.5496
6qz5_ligand,5.9571
6qr3_ligand,8.8966
6qr7_ligand,8.7957
6qr0_ligand,7.7226
6qr4_ligand,8.1477
6qr1_ligand,6.9953
6qr2_ligand,7.8317
6qr9_ligand,8.2615
6quv_ligand,5.0011
6r8w_ligand,6.9587
6qrc_ligand,7.047
6r8o_ligand,7.3056
6r9u_ligand,4.0305
6rnt_ligand,0.574
6r8l_ligand,7.1087
6r9x_ligand,4.9501
6s56_ligand,5.9798
6s57_ligand,6.2317
6r1b_ligand,2.3935
6s4t_ligand,10.5189
6s4n_ligand,10.889
6rot_ligand,7.2279
6s5k_ligand,9.3934
6t1i_ligand,5.6512
6ssy_ligand,4.6359
6rtw_ligand,7.6985
6st0_ligand,6.463
6sge_ligand,11.0271
6t1j_ligand,5.6306
6t1l_ligand,5.1032
6t1m_ligand,7.7316
6rih_ligand,4.5801
6t1n_ligand,7.854
6szp_ligand,7.2322
6stl_ligand,5.4123
6sbt_ligand,4.3422
6t1o_ligand,8.0235
6ud2_ligand,9.726
6std_ligand,6.3766
6udt_ligand,10.4765
6udu_ligand,10.571
6udi_ligand,9.9268
6udv_ligand,10.349
6r4k_ligand,3.5856
6u6w_ligand,5.1222
6u5y_ligand,6.2202
6u8o_ligand,5.644
6u8b_ligand,6.1444
6upj_ligand,4.612
7upj_ligand,6.5678
184l_ligand,3.9359
185l_ligand,3.4954
186l_ligand,3.8534
187l_ligand,3.3133
188l_ligand,3.3318
8a3h_ligand,4.9547
7std_ligand,5.8317
10gs_ligand,7.0067
6ueg_ligand,3.7265
