ligand,pK(dsx)
1afk_ligand,-98.731
1afl_ligand,-80.935
1a99_ligand,-47.415
1aaq_ligand,-175.173
1a9q_ligand,-53.285
1a94_ligand,-245.069
1adl_ligand,-98.761
1a9m_ligand,-185.094
1a28_ligand,-142.54
1a69_ligand,-99.149
1a4w_ligand,-149.522
1a4r_ligand,-115.779
1a30_ligand,-106.796
1a1e_ligand,-115.126
1ado_ligand,-24.86
1ajv_ligand,-249.41
1alw_ligand,-41.137
1amw_ligand,-75.084
1ai4_ligand,-53.134
1ax0_ligand,-76.915
1b0h_ligand,-225.226
1apv_ligand,-158.228
1ajx_ligand,-227.022
1ajq_ligand,-59.554
1aj7_ligand,-78.658
1amk_ligand,-45.057
1atr_ligand,-147.178
1b4h_ligand,-157.439
1ai7_ligand,-43.016
1b4z_ligand,-167.4
1b2h_ligand,-178.283
1b3h_ligand,-200.94
1b5h_ligand,-167.113
1b6j_ligand,-220.794
1b3f_ligand,-189.131
1b6k_ligand,-221.681
1b05_ligand,-165.565
1b6l_ligand,-190.894
1b5i_ligand,-167.919
1b8n_ligand,-114.759
1b5j_ligand,-179.52
1b38_ligand,-122.93
1b32_ligand,-178.376
1b3g_ligand,-188.152
1b9j_ligand,-182.497
1b52_ligand,-173.189
1ajp_ligand,-51.707
1b1h_ligand,-202.878
1aid_ligand,-93.312
1b8o_ligand,-103.443
1bai_ligand,-228.576
1bcu_ligand,-78.328
1b51_ligand,-161.147
1b3l_ligand,-153.092
1b58_ligand,-199.519
1bdq_ligand,-189.797
1bju_ligand,-105.999
1b6h_ligand,-177.555
1b46_ligand,-179.059
1bgq_ligand,-80.453
1b7h_ligand,-177.528
1bm7_ligand,-79.326
1bwa_ligand,-280.466
1bhx_ligand,-156.931
1bv7_ligand,-264.634
1b40_ligand,-201.292
1bxq_ligand,-172.833
1bq4_ligand,4.759
1bp0_ligand,-79.801
1bhf_ligand,-121.79
1c4u_ligand,-162.012
1c5n_ligand,-73.322
1bv9_ligand,-275.764
1bma_ligand,-156.118
1bjv_ligand,-115.352
1bty_ligand,-71.156
1c3x_ligand,-49.422
1c5p_ligand,-75.855
1c5o_ligand,-73.83
1c5q_ligand,-80.13
1bxo_ligand,-175.166
1br6_ligand,-88.25
1c84_ligand,-84.918
1c5t_ligand,-82.634
1bxr_ligand,-141.748
1c70_ligand,-247.223
1c88_ligand,-102.014
1ceb_ligand,-58.82
1c5s_ligand,-78.815
1d4i_ligand,-282.68
1bzy_ligand,-147.365
1c5x_ligand,-77.339
1c5c_ligand,-91.964
1d4h_ligand,-260.058
1d4k_ligand,-246.978
1d4j_ligand,-263.926
1d4l_ligand,-214.15
1bwb_ligand,-304.27
1d4y_ligand,-202.973
1d3d_ligand,-165.202
1bzj_ligand,-108.884
1c5y_ligand,-74.345
1c83_ligand,-95.17
1d4p_ligand,-148.256
1c86_ligand,-97.305
1cet_ligand,-67.606
1dl7_ligand,-77.176
1d7j_ligand,-30.466
1d6w_ligand,-156.282
1d7i_ligand,-29.542
1dgm_ligand,-57.84
1dhi_ligand,-111.84
1dar_ligand,-101.9
1dqn_ligand,-109.02
1dud_ligand,-79.929
1d9i_ligand,-131.29
1dhj_ligand,-115.992
1c87_ligand,-94.58
1det_ligand,-76.676
1d3p_ligand,-165.424
1e1v_ligand,-100.95
1duv_ligand,-115.082
1df8_ligand,-113.96
1dif_ligand,-257.378
1e2k_ligand,-84.1
1e1x_ligand,-87.343
1ec0_ligand,-272.851
1drv_ligand,-187.357
1eb2_ligand,-143.263
1d2e_ligand,-143.783
1eby_ligand,-274.999
1e5j_ligand,-115.047
1e4h_ligand,-39.644
1ebw_ligand,-250.885
1ec1_ligand,-272.81
1ecv_ligand,-81.077
1ec2_ligand,-264.282
1ec3_ligand,-240.521
1ebz_ligand,-254.255
1ejn_ligand,-138.424
1e66_ligand,-110.384
1egh_ligand,-57.015
1elb_ligand,-93.506
1eld_ligand,-100.734
1ele_ligand,-125.433
1ela_ligand,-135.171
1e3g_ligand,-133.752
1f0r_ligand,-134.769
1e2l_ligand,-84.729
1f0s_ligand,-133.305
1ec9_ligand,-47.859
1elc_ligand,-110.979
1ecq_ligand,-31.573
1ezq_ligand,-183.972
1f4g_ligand,-113.793
1f5k_ligand,-71.028
1epo_ligand,-185.67
1efy_ligand,-92.685
1f0u_ligand,-155.811
1f4f_ligand,-85.462
1f0t_ligand,-129.698
1f4e_ligand,-64.155
1f5l_ligand,-64.342
1ex8_ligand,-174.0
1f8b_ligand,-66.549
1fcx_ligand,-175.251
1fao_ligand,-101.702
1fch_ligand,-128.662
1f74_ligand,-95.62
1f4x_ligand,-113.09
1ez9_ligand,-131.538
1fcy_ligand,-167.555
1e3v_ligand,-82.29
1fd0_ligand,-173.947
1f8e_ligand,-74.839
1f73_ligand,-97.951
1fh9_ligand,-104.11
1fkg_ligand,-126.256
1fjs_ligand,-142.887
1fiv_ligand,-264.245
1fh8_ligand,-103.276
1fh7_ligand,-99.826
1f8d_ligand,-65.454
1flr_ligand,-127.95
1fhd_ligand,-102.843
1f8c_ligand,-72.24
1fpc_ligand,-137.236
1fl3_ligand,-105.718
1fcz_ligand,-163.76
1fkf_ligand,-182.71
1fki_ligand,-112.264
1fkb_ligand,-164.526
1fo0_ligand,-279.076
1fm9_ligand,-209.77
1fkh_ligand,-121.897
1fzq_ligand,-131.576
1fq5_ligand,-235.555
1g2k_ligand,-253.181
1g7f_ligand,-140.983
1g2l_ligand,-172.698
1fkn_ligand,-225.27
1g3d_ligand,-91.707
1g2o_ligand,-108.498
1g7g_ligand,-149.941
1g35_ligand,-238.415
1g7v_ligand,-45.618
1g85_ligand,-56.056
1g30_ligand,-153.16
1g32_ligand,-143.468
1g36_ligand,-141.672
1gai_ligand,-190.364
1gaf_ligand,-99.175
1gfy_ligand,-88.627
1ghz_ligand,-99.926
1gar_ligand,-199.873
1ghv_ligand,-106.85
1gi7_ligand,-81.516
1g98_ligand,-56.579
1gno_ligand,-140.145
1gnn_ligand,-164.527
1g7q_ligand,-151.889
1gjc_ligand,-109.68
1g74_ligand,-80.916
1g3e_ligand,-89.263
1gj6_ligand,-130.513
1gpn_ligand,-103.773
1gpk_ligand,-103.619
1dmp_ligand,-219.116
1gyy_ligand,-61.994
1fzk_ligand,-214.682
1fzj_ligand,-217.552
1fzo_ligand,-226.048
1fzm_ligand,-237.166
1gyx_ligand,-52.149
1gx8_ligand,-89.007
1gvx_ligand,-238.346
1gwv_ligand,-82.164
1h5v_ligand,-158.475
1gvw_ligand,-170.029
1gnm_ligand,-160.627
1hi4_ligand,-69.754
1h46_ligand,-88.117
1hi5_ligand,-69.668
1h6h_ligand,-92.818
1hii_ligand,-220.466
1h22_ligand,-160.332
1hih_ligand,-209.004
1h23_ligand,-169.719
1hi3_ligand,-50.321
1h0a_ligand,-52.951
1h4w_ligand,-74.037
1hms_ligand,-104.5
1hk4_ligand,-54.178
1hn4_ligand,-219.681
1hos_ligand,-200.806
1hsh_ligand,-216.282
1hvi_ligand,-249.38
1hpv_ligand,-182.813
1hpx_ligand,-182.809
1hp5_ligand,-71.818
1hvl_ligand,-242.488
1hmt_ligand,-102.623
1h1s_ligand,-136.611
1hmr_ligand,-108.534
1hvh_ligand,-150.674
1hvj_ligand,-244.443
1hpo_ligand,-136.654
1hvk_ligand,-266.475
1i2s_ligand,-30.895
1hps_ligand,-212.525
1hvr_ligand,-255.459
1hxb_ligand,-203.44
1hvs_ligand,-246.02
1i7z_ligand,-118.593
1h2t_ligand,-163.148
1hxw_ligand,-226.465
1hwr_ligand,-167.743
1ivp_ligand,-223.43
1iiq_ligand,-223.636
1i5r_ligand,-243.926
1ii5_ligand,-75.914
1j4r_ligand,-148.359
1izh_ligand,-235.732
1iih_ligand,-57.461
1j16_ligand,-70.889
1ikt_ligand,-141.841
1j01_ligand,-99.629
1j17_ligand,-159.363
1ie9_ligand,-183.402
1jak_ligand,-82.179
1igj_ligand,-121.849
1izi_ligand,-229.338
1jgl_ligand,-128.98
1hbv_ligand,-182.528
1jlr_ligand,-74.042
1j14_ligand,-74.939
1jet_ligand,-164.979
1jeu_ligand,-169.357
1k1m_ligand,-146.708
1jq8_ligand,-97.562
1k1i_ligand,-131.729
1jvu_ligand,-100.139
1jyq_ligand,-181.746
1k1l_ligand,-140.106
1jn4_ligand,-164.471
1k1o_ligand,-130.574
1jqy_ligand,-94.213
1k1j_ligand,-153.541
1grp_ligand,-24.562
1ik4_ligand,-77.68
1jys_ligand,-47.634
1jmf_ligand,-75.297
1k6c_ligand,-208.674
1k1y_ligand,-140.837
1k1n_ligand,-137.212
1jmg_ligand,-67.46
1k21_ligand,-152.914
1k6v_ligand,-234.842
1kjr_ligand,-91.402
1k6p_ligand,-230.004
1k27_ligand,-111.617
1km3_ligand,-80.505
1kv1_ligand,-121.5
1ksn_ligand,-170.117
1k22_ligand,-180.374
1k6t_ligand,-216.709
1kpm_ligand,-112.596
1kel_ligand,-91.495
1kzn_ligand,-149.375
1kdk_ligand,-139.587
1kav_ligand,-112.519
1jev_ligand,-216.66
1kzk_ligand,-218.023
1koj_ligand,-71.374
1kc7_ligand,-30.997
1k9s_ligand,-116.558
1lee_ligand,-173.777
1lbk_ligand,-83.108
1l83_ligand,-42.985
1li2_ligand,-48.382
1lag_ligand,-78.119
1lbf_ligand,-110.346
1kyv_ligand,-126.612
1lah_ligand,-69.57
1li3_ligand,-47.144
1lke_ligand,-160.866
1lgw_ligand,-52.177
1l8g_ligand,-130.8
1kv5_ligand,-44.766
1lhu_ligand,-141.17
1lkk_ligand,-138.423
1lf2_ligand,-171.296
1laf_ligand,-95.547
1m0b_ligand,-202.136
1lpk_ligand,-171.783
1loq_ligand,-90.933
1lpz_ligand,-158.28
1lpg_ligand,-173.629
1lyb_ligand,-197.729
1li6_ligand,-43.228
1m2p_ligand,-76.265
1lnm_ligand,-154.106
1lzq_ligand,-206.943
1lst_ligand,-75.615
1m2r_ligand,-90.013
1m2q_ligand,-67.483
1lyx_ligand,-49.956
1m7i_ligand,-196.861
1lvu_ligand,-103.993
1m1b_ligand,-22.33
1m4h_ligand,-242.691
1lkl_ligand,-123.985
1m7y_ligand,-149.24
1mfi_ligand,-79.746
1m83_ligand,-162.555
1mai_ligand,-86.258
1m7d_ligand,-152.995
1m48_ligand,-127.129
1mfd_ligand,-116.376
1met_ligand,-196.287
1mh5_ligand,-142.149
1mrn_ligand,-167.97
1msm_ligand,-215.383
1m5w_ligand,-36.162
1mfa_ligand,-120.083
1mrs_ligand,-104.612
1mq6_ligand,-175.944
1mes_ligand,-204.747
1m0o_ligand,-123.625
1m0n_ligand,-122.952
1m0q_ligand,-128.021
1mjj_ligand,-147.162
1mtr_ligand,-207.342
1n3i_ligand,-117.55
1n4h_ligand,-121.39
1mue_ligand,-149.194
1mu6_ligand,-141.204
1mrw_ligand,-174.425
1mrx_ligand,-176.854
1n0s_ligand,-101.1
1mu8_ligand,-151.118
1n46_ligand,-144.888
1msn_ligand,-211.075
1n4k_ligand,-62.906
1n5r_ligand,-84.777
1nh0_ligand,-248.085
1moq_ligand,-89.285
1mq5_ligand,-176.288
1nfx_ligand,-158.255
1nc1_ligand,-110.417
1nf8_ligand,-101.649
1nhu_ligand,-86.551
1nfu_ligand,-130.856
1nja_ligand,-79.543
1njs_ligand,-187.886
1njd_ligand,-69.793
1njc_ligand,-86.991
1nki_ligand,-18.161
1nm6_ligand,-176.804
1nl9_ligand,-141.828
1nny_ligand,-191.278
1nfw_ligand,-152.277
1nc3_ligand,-125.038
1nfy_ligand,-139.945
1no6_ligand,-95.439
1nhz_ligand,-145.281
1nli_ligand,-59.664
1nvq_ligand,-171.473
1nt1_ligand,-194.636
1nw7_ligand,-137.684
1nz7_ligand,-159.003
1o0f_ligand,-74.891
1nvs_ligand,-129.513
1n51_ligand,-160.314
1o0h_ligand,-98.83
1n1m_ligand,-66.442
1nje_ligand,-78.891
1o0m_ligand,-99.726
1np0_ligand,-55.108
1o3l_ligand,-98.23
1nw5_ligand,-170.929
1o0n_ligand,-82.765
1nw4_ligand,-94.144
1o5a_ligand,-102.707
1o2z_ligand,-120.099
1o33_ligand,-102.156
1o38_ligand,-126.167
1nvr_ligand,-166.141
1o3d_ligand,-123.968
1nq7_ligand,-127.245
1o7o_ligand,-124.448
1o2h_ligand,-120.039
1o2q_ligand,-131.795
1o3i_ligand,-102.955
1oba_ligand,-37.31
1o30_ligand,-123.862
1oau_ligand,-66.32
1oe8_ligand,-81.284
1o5e_ligand,-128.24
1od8_ligand,-102.882
1ohr_ligand,-186.459
1ogz_ligand,-75.888
1oar_ligand,-83.56
1o2n_ligand,-117.961
1o2o_ligand,-110.794
1ogg_ligand,-148.012
1odj_ligand,-94.722
1ocq_ligand,-108.088
1onz_ligand,-95.875
1ony_ligand,-141.12
1odi_ligand,-98.086
1owh_ligand,-112.814
1oif_ligand,-78.334
1oss_ligand,-69.008
1os5_ligand,-117.738
1olx_ligand,-138.028
1ols_ligand,-125.779
1ork_ligand,-127.563
1om1_ligand,-100.543
1oxr_ligand,-40.771
1owe_ligand,-106.168
1pb9_ligand,-53.008
1olu_ligand,-120.918
1oyq_ligand,-154.154
1ogx_ligand,-78.673
1pbq_ligand,-72.56
1p1o_ligand,-88.402
1ogd_ligand,-63.655
1phw_ligand,-18.906
1pdz_ligand,-15.438
1oz0_ligand,-177.209
1p19_ligand,-72.388
1pb8_ligand,-63.531
1pot_ligand,-77.974
1pa9_ligand,-71.065
1pgp_ligand,-58.775
1pph_ligand,-128.777
1ppi_ligand,-233.805
1pkx_ligand,-147.956
1pme_ligand,-115.544
1ppk_ligand,-137.914
1pxo_ligand,-103.112
1pxn_ligand,-101.056
1ppc_ligand,-149.785
1ppm_ligand,-168.201
1pzi_ligand,-65.945
1oyt_ligand,-158.012
1p1n_ligand,-90.051
1pvn_ligand,-128.133
1ppl_ligand,-170.914
1pzp_ligand,-81.449
1pro_ligand,-227.657
1pxp_ligand,-119.997
1q8u_ligand,-98.59
1q8w_ligand,-89.405
1q72_ligand,-89.067
1q8t_ligand,-82.079
1pz5_ligand,-160.609
1qb1_ligand,-117.318
1q91_ligand,-133.731
1q1g_ligand,-99.991
1qb6_ligand,-122.024
1qbn_ligand,-134.77
1qbr_ligand,-271.61
1qbo_ligand,-144.967
1q5k_ligand,-101.674
1q7a_ligand,-88.006
1qbt_ligand,-318.331
1pyn_ligand,-151.439
1qbu_ligand,-229.401
1pr5_ligand,-94.74
1qft_ligand,-62.973
1q84_ligand,-222.458
1qbv_ligand,-152.344
1qkt_ligand,-107.698
1ql7_ligand,-149.634
1qka_ligand,-193.31
1qhc_ligand,-166.369
1qk3_ligand,-107.506
1qk4_ligand,-108.768
1qyg_ligand,-101.305
1qbs_ligand,-202.01
1qan_ligand,-164.659
1rnm_ligand,-75.99
1qxk_ligand,-148.234
1qb9_ligand,-143.474
1qkb_ligand,-182.243
1rd4_ligand,-110.501
1r9l_ligand,-73.602
1rql_ligand,-38.582
1rpf_ligand,-85.399
1rtf_ligand,-71.972
1s19_ligand,-179.836
1sb1_ligand,-156.187
1rr6_ligand,-95.339
1rnt_ligand,-92.545
1qaw_ligand,-92.719
1sbg_ligand,-191.754
1rjk_ligand,-179.691
1sld_ligand,-125.16
1ql9_ligand,-158.2
1sqa_ligand,-133.763
1sgu_ligand,-207.07
1s89_ligand,-56.607
1sdv_ligand,-232.821
1rp7_ligand,-139.328
1siv_ligand,-227.707
1sl3_ligand,-191.641
1rbp_ligand,-131.842
1r0p_ligand,-178.207
1sdu_ligand,-232.201
1str_ligand,-131.624
1sqo_ligand,-115.997
1sh9_ligand,-202.431
1sqt_ligand,-114.112
1sw2_ligand,-66.807
1s5z_ligand,-82.702
1swr_ligand,-105.469
1t7j_ligand,-170.213
1sr7_ligand,-184.268
1syi_ligand,-119.463
1stc_ligand,-172.739
1ta6_ligand,-195.727
1t7d_ligand,-137.471
1ssq_ligand,-46.522
1t4v_ligand,-142.719
1sdt_ligand,-241.581
1t32_ligand,-173.886
1td7_ligand,-60.6
1tni_ligand,-53.207
1sv3_ligand,-49.457
1tnh_ligand,-67.388
1tng_ligand,-65.939
1thz_ligand,-80.875
1tjp_ligand,-120.488
1t5f_ligand,-29.24
1tx7_ligand,-79.615
1tkb_ligand,-109.178
1trd_ligand,-48.161
1tom_ligand,-151.664
1u1b_ligand,-155.504
1tpw_ligand,-66.747
1u71_ligand,-102.754
1u33_ligand,-133.682
1swg_ligand,-86.514
1srg_ligand,-83.426
1ugx_ligand,-89.667
1uj5_ligand,-74.851
1u0g_ligand,-68.921
1syh_ligand,-116.817
1tq4_ligand,-126.501
1uou_ligand,-97.202
1usi_ligand,-76.709
1usk_ligand,-66.155
1ur9_ligand,-177.121
1ucn_ligand,-91.78
1utj_ligand,-61.441
1ui0_ligand,-53.255
1utl_ligand,-45.952
1utm_ligand,-62.509
1uvt_ligand,-139.684
1ua4_ligand,-96.106
1uv6_ligand,-65.913
1tsy_ligand,-89.269
1uto_ligand,-55.18
1upf_ligand,-39.437
1u1w_ligand,-79.74
1tcx_ligand,-187.992
1uw6_ligand,-88.861
1v0k_ligand,-95.038
1v2j_ligand,-73.949
1uz8_ligand,-138.249
1uz4_ligand,-71.413
1v0l_ligand,-103.71
1uwf_ligand,-81.069
1utn_ligand,-67.925
1v2n_ligand,-135.789
1v2o_ligand,-97.135
1v2t_ligand,-102.547
1v2r_ligand,-101.631
1v1j_ligand,-77.599
1v2s_ligand,-72.132
1v2u_ligand,-73.937
1vyf_ligand,-90.735
1v1m_ligand,-118.382
1uz1_ligand,-75.516
1uwt_ligand,-79.308
1w4p_ligand,-84.365
1v16_ligand,-121.977
1v11_ligand,-122.507
1w3l_ligand,-121.045
1v2w_ligand,-95.703
1vyg_ligand,-123.505
1v2k_ligand,-169.968
1vso_ligand,-88.937
1w0z_ligand,-156.52
1w3j_ligand,-65.334
1vzq_ligand,-171.638
1uwu_ligand,-81.537
1v2l_ligand,-69.879
1w4o_ligand,-91.261
1w4q_ligand,-87.296
1w3k_ligand,-92.055
1w5w_ligand,-274.685
1w11_ligand,-151.277
1w9u_ligand,-133.333
1wdn_ligand,-85.588
1w96_ligand,-176.553
1w9v_ligand,-114.762
1wm1_ligand,-92.066
1w5v_ligand,-278.024
1w7g_ligand,-128.473
1wc1_ligand,-102.795
1w5x_ligand,-276.93
1x8t_ligand,-109.784
1xap_ligand,-153.691
1x38_ligand,-106.393
1x8j_ligand,-94.421
1wcq_ligand,-100.094
1x1z_ligand,-112.821
1w13_ligand,-165.21
1wht_ligand,-81.738
1x39_ligand,-107.093
1ws4_ligand,-70.777
1w5y_ligand,-275.792
1xh4_ligand,-184.842
1xk5_ligand,-71.876
1xbo_ligand,-137.515
1xkk_ligand,-189.501
1xka_ligand,-133.123
1wvj_ligand,-104.343
1xk9_ligand,-74.302
1xd0_ligand,-229.847
1xff_ligand,-86.741
1xh9_ligand,-191.125
1xjd_ligand,-169.869
1xhy_ligand,-95.247
1y3x_ligand,-149.196
1xow_ligand,-133.606
1xh5_ligand,-179.873
1xr9_ligand,-272.059
1xgi_ligand,-66.586
1yds_ligand,-95.792
1y1z_ligand,-76.254
1ydr_ligand,-93.421
1ydk_ligand,-115.71
1y3v_ligand,-156.07
1yet_ligand,-114.876
1y3p_ligand,-135.819
1y20_ligand,-65.925
1y3n_ligand,-91.905
1y6q_ligand,-118.193
1xt8_ligand,-67.315
1z1h_ligand,-192.585
1ype_ligand,-168.379
1yp9_ligand,-138.837
1ypg_ligand,-166.739
1yq7_ligand,-52.458
1z4o_ligand,-75.234
1z95_ligand,-131.421
1z71_ligand,-158.159
1yfz_ligand,-67.185
1yqj_ligand,-156.806
1z6e_ligand,-199.459
1zea_ligand,-124.638
1y0l_ligand,-87.768
1ypj_ligand,-158.078
1zgi_ligand,-142.21
1y6r_ligand,-118.544
1zoe_ligand,-59.343
2a5b_ligand,-85.703
1zsf_ligand,-212.442
1z6s_ligand,-73.23
1ydt_ligand,-124.85
1zog_ligand,-58.145
1zp8_ligand,-193.767
2a4m_ligand,-38.853
1yc4_ligand,-90.427
1zc9_ligand,-60.928
2ans_ligand,-64.36
2al5_ligand,-103.408
2a14_ligand,-191.624
2a5c_ligand,-78.355
2a8g_ligand,-53.367
2aoc_ligand,-240.352
2aog_ligand,-248.245
2aod_ligand,-242.36
2avm_ligand,-244.125
2avs_ligand,-236.08
2arm_ligand,-38.54
2avo_ligand,-229.13
2a5s_ligand,-59.752
2aoe_ligand,-255.387
2ax9_ligand,-91.035
2avq_ligand,-238.17
2b4l_ligand,-67.661
2ayr_ligand,-182.128
1zoh_ligand,-74.318
1xws_ligand,-145.133
2aqu_ligand,-235.147
2azr_ligand,-78.593
2aac_ligand,-69.041
2am4_ligand,-154.729
1zhy_ligand,-145.479
1yc1_ligand,-103.203
2b07_ligand,-124.31
2b1g_ligand,-118.008
2bmk_ligand,-81.936
2b7d_ligand,-156.634
2bak_ligand,-200.946
2bet_ligand,-52.662
2b1i_ligand,-137.605
2bfq_ligand,-197.559
2bok_ligand,-156.886
2bpv_ligand,-205.82
2aj8_ligand,-97.251
2baj_ligand,-152.546
2bes_ligand,-71.926
2boj_ligand,-58.72
2br1_ligand,-120.399
2bfr_ligand,-135.293
2boh_ligand,-147.834
2bo4_ligand,-28.452
2bqv_ligand,-201.998
2bvd_ligand,-123.688
2bq7_ligand,-150.385
2bal_ligand,-126.638
2b9a_ligand,-69.055
2bpy_ligand,-220.055
2bvr_ligand,-91.972
2brm_ligand,-107.618
2c3l_ligand,-74.53
2bvs_ligand,-112.464
2bt9_ligand,-77.783
2c1p_ligand,-101.247
2c3i_ligand,-104.68
2c92_ligand,-173.674
2brb_ligand,-107.916
2byr_ligand,-173.536
2c97_ligand,-100.161
2cbv_ligand,-89.006
2ce9_ligand,-130.625
2ccc_ligand,-75.519
2cbu_ligand,-91.538
2cej_ligand,-242.693
2cc7_ligand,-75.173
2c94_ligand,-173.173
2ca8_ligand,-87.659
2ces_ligand,-79.921
2cet_ligand,-118.007
2ccb_ligand,-92.886
2cbz_ligand,-111.053
2ceq_ligand,-80.157
2cen_ligand,-241.094
2cf8_ligand,-167.773
2cn0_ligand,-167.159
2bys_ligand,-172.513
2cgr_ligand,-119.14
2bza_ligand,-57.629
2cbj_ligand,-115.338
2d0k_ligand,-101.233
2cli_ligand,-117.066
2clh_ligand,-118.401
2csn_ligand,-66.642
2cer_ligand,-117.378
2bz6_ligand,-140.76
2c80_ligand,-128.638
2cht_ligand,-75.596
2d3u_ligand,-108.08
2drc_ligand,-117.99
2e27_ligand,-132.33
2clk_ligand,-70.22
2cle_ligand,-110.679
2dw7_ligand,-38.171
2e7f_ligand,-96.745
2ewa_ligand,-116.249
2e92_ligand,-53.287
2cgf_ligand,-82.324
2e2p_ligand,-120.72
2e9u_ligand,-131.761
2d3z_ligand,-104.437
2erz_ligand,-97.545
2cf9_ligand,-168.324
2e91_ligand,-43.09
2e94_ligand,-82.421
2fgu_ligand,-209.192
2epn_ligand,-72.995
2fgv_ligand,-215.764
2f80_ligand,-186.674
2f1g_ligand,-104.7
2f34_ligand,-100.479
2fmb_ligand,-231.263
2exm_ligand,-73.534
2fdp_ligand,-229.514
2fle_ligand,-267.024
2f35_ligand,-95.887
2fqw_ligand,-117.227
2fx6_ligand,-65.984
2f8g_ligand,-186.485
2f81_ligand,-185.5
2fqy_ligand,-119.395
2f7i_ligand,-72.023
2fxu_ligand,-179.001
2f6t_ligand,-113.333
2flr_ligand,-141.983
2fqx_ligand,-118.291
2fxs_ligand,-74.022
2fvd_ligand,-129.864
2ews_ligand,-133.596
2g5u_ligand,-75.108
2gss_ligand,-52.721
2gst_ligand,-147.824
2fw6_ligand,-75.245
2g94_ligand,-237.293
2gv7_ligand,-166.301
2gl0_ligand,-94.957
2fxv_ligand,-140.143
2gv6_ligand,-122.622
2gh9_ligand,-191.171
2h4k_ligand,-81.304
2glp_ligand,-95.46
2h4g_ligand,-87.329
2h21_ligand,-148.243
2gj5_ligand,-82.154
2hb3_ligand,-201.978
2fpz_ligand,-67.857
2e2r_ligand,-103.329
2gvv_ligand,-73.889
2hah_ligand,-145.766
2gz2_ligand,-97.126
2hkf_ligand,-183.916
2gyi_ligand,-32.914
2ha6_ligand,-104.496
2hjb_ligand,-58.978
2ha2_ligand,-102.227
2hnx_ligand,-88.344
2hs1_ligand,-195.552
2i4d_ligand,-206.506
2i4v_ligand,-192.999
2hxm_ligand,-126.866
2i4j_ligand,-155.836
2hb1_ligand,-71.828
2i6b_ligand,-92.107
2ha3_ligand,-48.629
2hzl_ligand,-39.462
2i0a_ligand,-191.552
2i4x_ligand,-220.151
2i19_ligand,-44.232
2hmu_ligand,-138.813
2ihj_ligand,-198.684
2hmv_ligand,-124.823
2i4z_ligand,-143.283
2i2c_ligand,-141.463
2i4u_ligand,-199.817
2iwx_ligand,-88.914
2izl_ligand,-101.636
2haw_ligand,-46.965
2i4w_ligand,-220.449
2idw_ligand,-179.957
2ihq_ligand,-121.307
2hhn_ligand,-148.758
2j4i_ligand,-172.086
2j7b_ligand,-71.633
2j7e_ligand,-106.402
2iuz_ligand,-94.192
2j2u_ligand,-159.406
2iko_ligand,-116.757
2j78_ligand,-81.231
2j4g_ligand,-105.147
2j47_ligand,-120.109
2j77_ligand,-76.725
2j95_ligand,-152.522
2j79_ligand,-78.184
2j27_ligand,-40.727
2j94_ligand,-148.662
2jdm_ligand,-58.91
2j7d_ligand,-96.772
2j7f_ligand,-90.196
2jh6_ligand,-125.188
2jds_ligand,-143.134
2jg0_ligand,-143.275
2j7h_ligand,-69.587
2jdp_ligand,-55.933
2jh5_ligand,-123.315
2jdu_ligand,-70.717
2jxr_ligand,-178.904
2j62_ligand,-152.813
2jgs_ligand,-102.336
2jkh_ligand,-158.092
2j34_ligand,-154.594
2jjb_ligand,-128.781
2nmz_ligand,-192.431
2j7g_ligand,-98.176
2jiw_ligand,-95.456
2nta_ligand,-104.935
2mas_ligand,-86.293
2o4l_ligand,-200.061
2o4n_ligand,-204.338
2o4k_ligand,-242.633
2jke_ligand,-50.229
2o4j_ligand,-180.573
2nsj_ligand,-117.21
2o4r_ligand,-173.63
2oax_ligand,-157.387
2jfz_ligand,-147.279
2nsl_ligand,-117.671
2jh0_ligand,-126.612
2j75_ligand,-90.431
2jkp_ligand,-61.485
2oi2_ligand,-66.788
2oag_ligand,-132.32
2ojg_ligand,-104.201
2oym_ligand,-103.045
2oxy_ligand,-45.609
2oxd_ligand,-52.68
2oxn_ligand,-52.61
2ogy_ligand,-91.523
2ojj_ligand,-128.219
2p3i_ligand,-88.902
2on6_ligand,-89.658
2p4j_ligand,-260.405
2nt7_ligand,-137.75
2p3b_ligand,-245.547
2p3a_ligand,-273.01
2o0u_ligand,-164.955
2ole_ligand,-80.102
2p3c_ligand,-277.444
2oxx_ligand,-54.373
2p7z_ligand,-145.289
2oiq_ligand,-178.908
2p4s_ligand,-116.211
2p4y_ligand,-182.921
2p2a_ligand,-143.955
2p16_ligand,-175.521
2pcp_ligand,-115.959
2pk5_ligand,-272.605
2pk6_ligand,-256.257
2pq9_ligand,-135.406
2pgz_ligand,-119.781
2pql_ligand,-85.71
2pbw_ligand,-125.278
2pqz_ligand,-191.472
2p95_ligand,-153.468
2pqc_ligand,-91.128
2psv_ligand,-183.99
2pog_ligand,-114.617
2pv1_ligand,-178.018
2pvl_ligand,-124.746
2p7a_ligand,-51.718
2ot1_ligand,-54.23
2olb_ligand,-192.599
2p7g_ligand,-102.804
2p15_ligand,-179.63
2pvk_ligand,-127.083
2psu_ligand,-195.355
2pvh_ligand,-110.224
2py4_ligand,-177.002
2pyy_ligand,-65.874
2pvj_ligand,-125.992
2q5k_ligand,-237.945
2pu2_ligand,-80.261
2pvm_ligand,-109.123
2pvu_ligand,-80.978
2pwr_ligand,-217.185
2q64_ligand,-191.296
2q54_ligand,-214.511
2pwg_ligand,-73.714
2q63_ligand,-191.722
2q6f_ligand,-212.927
2qbq_ligand,-118.258
2q7q_ligand,-64.865
2pyn_ligand,-189.117
2pwd_ligand,-53.518
2q2a_ligand,-100.859
2q8z_ligand,-100.219
2q55_ligand,-241.596
2qbu_ligand,-166.983
2qbr_ligand,-112.43
2qi0_ligand,-214.151
2qbp_ligand,-132.887
2qbw_ligand,-255.53
2qd6_ligand,-204.776
2qhz_ligand,-189.745
2qd7_ligand,-200.833
2pwc_ligand,-193.836
2qi4_ligand,-202.127
2qi3_ligand,-172.133
2qbs_ligand,-122.991
2qe4_ligand,-124.571
2qci_ligand,-212.136
2qg2_ligand,-103.039
2qpq_ligand,-47.774
2qnp_ligand,-195.373
2qd8_ligand,-195.655
2qi6_ligand,-195.556
2qi5_ligand,-205.039
2qm9_ligand,-106.611
2qpu_ligand,-66.977
2qg0_ligand,-88.255
2qu6_ligand,-174.982
2qtt_ligand,-109.817
2pqb_ligand,-127.909
2qnq_ligand,-175.324
2qtg_ligand,-101.675
2qhy_ligand,-198.186
2qrl_ligand,-48.041
2qi7_ligand,-170.857
2qnn_ligand,-224.637
2r0h_ligand,-93.78
2r2m_ligand,-155.486
2r2w_ligand,-106.706
2qta_ligand,-138.864
2r3w_ligand,-201.553
2qwd_ligand,-67.385
2qi1_ligand,-204.81
2qtn_ligand,-79.513
2r5p_ligand,-233.364
2r9w_ligand,-87.469
2r0z_ligand,-183.997
2r43_ligand,-194.123
2r3t_ligand,-205.565
2qwb_ligand,-63.718
2r38_ligand,-215.504
2r75_ligand,-168.57
2r9x_ligand,-82.504
2reg_ligand,-54.661
2qw1_ligand,-38.65
2qrk_ligand,-102.696
2qmg_ligand,-229.622
2r58_ligand,-33.769
2r5a_ligand,-36.21
2rcb_ligand,-46.44
2rkf_ligand,-209.311
2rkg_ligand,-205.128
2qwe_ligand,-88.86
2rio_ligand,-102.73
2rka_ligand,-14.384
2qwc_ligand,-65.73
2qwf_ligand,-95.559
2ra0_ligand,-191.177
2rin_ligand,-34.059
2rkm_ligand,-117.566
2sim_ligand,-65.988
2ri9_ligand,-41.664
2uwp_ligand,-152.169
2uwd_ligand,-124.615
2tpi_ligand,-114.085
2rd6_ligand,-91.438
2uwl_ligand,-151.579
2rkd_ligand,-21.679
2rke_ligand,-28.305
2std_ligand,-92.57
2rk8_ligand,-14.037
2v2q_ligand,-103.42
2uy4_ligand,-54.673
2uy5_ligand,-88.876
2uwo_ligand,-157.587
2uy3_ligand,-56.099
2uy0_ligand,-259.046
2v00_ligand,-77.017
2v54_ligand,-100.359
2uxi_ligand,-61.71
2v2c_ligand,-51.289
2v2v_ligand,-103.315
2v57_ligand,-72.974
2v7a_ligand,-149.987
2v8w_ligand,-83.68
2v3d_ligand,-75.042
2uyn_ligand,-43.366
2vb8_ligand,-68.304
2v58_ligand,-75.306
2v3u_ligand,-61.265
2vh0_ligand,-179.557
2vfk_ligand,-74.038
2v59_ligand,-85.913
2vh6_ligand,-161.814
2vc9_ligand,-71.882
2vk2_ligand,-64.306
2v95_ligand,-133.938
2vkm_ligand,-229.076
2vk6_ligand,-85.294
2vhj_ligand,-91.787
2vmc_ligand,-40.314
2uxz_ligand,-235.787
2vpn_ligand,-76.715
2vba_ligand,-75.829
2vjx_ligand,-75.456
2uyq_ligand,-85.182
2v2h_ligand,-63.698
2vo4_ligand,-41.012
2vnt_ligand,-114.992
2vl4_ligand,-77.322
2vmf_ligand,-79.724
2vpo_ligand,-79.779
2vt3_ligand,-124.776
2vvv_ligand,-155.038
2vvs_ligand,-104.554
2vvu_ligand,-171.012
2vvc_ligand,-181.53
2vwc_ligand,-113.957
2vot_ligand,-100.699
2vzr_ligand,-40.628
2vwl_ligand,-175.984
2vyt_ligand,-28.805
2vwn_ligand,-167.451
2vw1_ligand,-73.953
2vwm_ligand,-196.014
2w9h_ligand,-85.531
2vxn_ligand,-65.759
2vqt_ligand,-86.022
2vwo_ligand,-170.895
2w47_ligand,-52.268
2w8y_ligand,-156.09
2w4x_ligand,-85.865
2vw2_ligand,-57.486
2w26_ligand,-142.954
2vvn_ligand,-95.074
2w8w_ligand,-97.115
2w8j_ligand,-105.471
2w08_ligand,-30.565
2vw5_ligand,-119.989
2we3_ligand,-120.063
2wc4_ligand,-101.784
2wca_ligand,-99.362
2wb5_ligand,-119.66
2w66_ligand,-85.333
2w67_ligand,-82.136
2wbg_ligand,-106.548
2wed_ligand,-140.061
2wf5_ligand,-75.339
2web_ligand,-162.513
2wec_ligand,-149.313
2vrj_ligand,-114.516
2wc3_ligand,-106.446
2w5g_ligand,-67.504
2vo5_ligand,-110.647
2wer_ligand,-82.718
2weq_ligand,-114.604
2whp_ligand,-53.28
2wly_ligand,-122.249
2wl0_ligand,-242.695
2wky_ligand,-98.947
2wtv_ligand,-140.871
2wlz_ligand,-121.492
2wgj_ligand,-135.187
2wyf_ligand,-75.769
2wjg_ligand,-125.812
2wyg_ligand,-162.509
2wvt_ligand,-67.727
2wm0_ligand,-174.688
2wnj_ligand,-116.244
2wyj_ligand,-156.167
2wr8_ligand,-179.676
2wkz_ligand,-252.057
2wk6_ligand,-40.443
2wzm_ligand,-175.152
2wn9_ligand,-90.659
2wvz_ligand,-68.683
2xbx_ligand,-185.61
2x0y_ligand,-95.463
2xab_ligand,-104.117
2wzf_ligand,-127.355
2wnc_ligand,-98.849
2xb7_ligand,-144.083
2x00_ligand,-152.198
2xbp_ligand,-173.983
2x4z_ligand,-150.96
2xb8_ligand,-124.212
2wzs_ligand,-55.794
2xbv_ligand,-186.288
2xde_ligand,-115.971
2xc4_ligand,-197.191
2xdx_ligand,-65.31
2xbw_ligand,-189.927
2xdk_ligand,-55.306
2xht_ligand,-78.544
2xda_ligand,-146.935
2xc0_ligand,-190.058
2xjg_ligand,-112.378
2x6x_ligand,-114.672
2xj2_ligand,-119.763
2xjx_ligand,-105.522
2xii_ligand,-110.59
2xj1_ligand,-109.7
2xjj_ligand,-106.832
2xm1_ligand,-91.591
2xp7_ligand,-65.893
2xn3_ligand,-86.556
2xog_ligand,-120.704
2xmy_ligand,-107.757
2xnb_ligand,-123.734
2xdl_ligand,-79.379
2xye_ligand,-233.121
2xyf_ligand,-239.143
2xxt_ligand,-91.683
2xm2_ligand,-94.486
2xd9_ligand,-119.874
2xxr_ligand,-74.586
2xib_ligand,-67.723
2y5h_ligand,-147.261
2xn5_ligand,-87.805
2y5g_ligand,-161.755
2xxx_ligand,-74.302
2y7x_ligand,-159.358
2xj7_ligand,-91.096
2xys_ligand,-116.989
2y80_ligand,-170.133
2ya6_ligand,-87.147
2xpk_ligand,-154.625
2y81_ligand,-175.371
2ya7_ligand,-98.377
2ya8_ligand,-80.65
2y82_ligand,-170.677
2yek_ligand,-104.224
2ydw_ligand,-111.293
2xyt_ligand,-122.245
2yb0_ligand,-106.038
2xg9_ligand,-74.855
2x2r_ligand,-136.628
2yel_ligand,-115.299
2yi0_ligand,-97.047
2yaz_ligand,-124.242
2yi7_ligand,-97.615
2yfe_ligand,-107.861
2yix_ligand,-160.723
2yfx_ligand,-113.217
2ygf_ligand,-116.807
2yge_ligand,-103.186
2y5f_ligand,-166.224
2y7z_ligand,-174.137
2yay_ligand,-132.19
2ydt_ligand,-104.782
2yxj_ligand,-190.17
2zc9_ligand,-157.268
2yki_ligand,-181.756
2z4o_ligand,-201.874
2yk1_ligand,-74.747
2zcs_ligand,-94.375
2ypi_ligand,-44.53
2zb1_ligand,-141.361
2ylc_ligand,-93.25
2zdl_ligand,-147.085
2zdm_ligand,-148.549
2za5_ligand,-173.688
2zcq_ligand,-84.775
2yme_ligand,-92.101
2zfs_ligand,-159.515
2ymd_ligand,-88.485
2zjw_ligand,-63.745
2zcr_ligand,-101.618
2zdk_ligand,-153.359
2zq2_ligand,-157.586
2ypo_ligand,-74.802
2zn7_ligand,-116.417
2zft_ligand,-147.759
2zkj_ligand,-132.939
2y8c_ligand,-134.174
2zgx_ligand,-144.673
2zz2_ligand,-112.446
2zfp_ligand,-125.428
2zq0_ligand,-161.737
2zym_ligand,-192.734
2zy1_ligand,-111.042
2zdn_ligand,-152.079
2zz1_ligand,-114.662
3a2o_ligand,-203.77
2zmm_ligand,-121.757
3a1e_ligand,-124.535
3aaq_ligand,-125.458
3a6t_ligand,-124.802
3aau_ligand,-100.693
3a1d_ligand,-127.22
2zx6_ligand,-122.913
3acw_ligand,-122.031
3acx_ligand,-133.27
3ap4_ligand,-63.599
3ag9_ligand,-160.276
3aid_ligand,-156.967
3a5y_ligand,-183.635
2zx8_ligand,-124.473
3alt_ligand,-54.078
3arp_ligand,-124.514
3agl_ligand,-215.545
3ai8_ligand,-41.85
3arx_ligand,-73.906
2zxd_ligand,-68.685
3b3x_ligand,-16.412
3axz_ligand,-120.059
3b4p_ligand,-84.938
2zx7_ligand,-103.164
2zda_ligand,-164.973
3a1c_ligand,-140.1
3arw_ligand,-81.076
3arq_ligand,-97.917
2zwz_ligand,-78.531
3b1m_ligand,-151.034
3b2q_ligand,-86.397
3b24_ligand,-46.832
3bfu_ligand,-82.037
3bex_ligand,-80.273
3b5r_ligand,-134.393
3b66_ligand,-145.186
3bbb_ligand,-56.009
3b25_ligand,-68.006
3b27_ligand,-63.104
3bbf_ligand,-90.245
3bgq_ligand,-106.413
3b67_ligand,-149.194
3bu1_ligand,-48.306
3b7j_ligand,-34.826
3bgb_ligand,-160.748
3b26_ligand,-93.275
3bgs_ligand,-106.105
3bgc_ligand,-184.608
3brn_ligand,-70.742
3bqc_ligand,-74.077
3bv9_ligand,-163.243
3be9_ligand,-137.299
3bxe_ligand,-46.999
3bgz_ligand,-101.18
3b65_ligand,-118.476
3bwj_ligand,-204.73
3bug_ligand,-43.86
3buh_ligand,-66.891
3bra_ligand,-37.863
3buf_ligand,-33.726
3bxf_ligand,-95.457
3c39_ligand,-58.629
3bvb_ligand,-183.381
3c4h_ligand,-80.127
3c2o_ligand,-35.996
3c2r_ligand,-34.207
3bxg_ligand,-90.158
3ccz_ligand,-138.241
3bzf_ligand,-230.316
3bva_ligand,-248.263
3c84_ligand,-90.373
3cfn_ligand,-88.643
3cct_ligand,-154.288
3bxh_ligand,-98.886
3b68_ligand,-169.68
3cd0_ligand,-144.07
3cd7_ligand,-156.803
3cj5_ligand,-108.315
3c2u_ligand,-102.618
3cd5_ligand,-176.14
3cf8_ligand,-62.828
3cdb_ligand,-142.696
3cow_ligand,-181.966
3cs7_ligand,-184.345
3cda_ligand,-153.06
3ckb_ligand,-85.948
3coz_ligand,-170.948
3ckp_ligand,-161.896
3c2f_ligand,-32.963
3cke_ligand,-81.692
3coy_ligand,-181.158
3d1z_ligand,-189.291
3d1x_ligand,-216.849
3d6o_ligand,-68.293
3d1y_ligand,-220.728
3d0b_ligand,-125.076
3d6p_ligand,-69.793
3ccw_ligand,-135.987
3d0e_ligand,-156.797
3cyx_ligand,-217.268
3d7z_ligand,-165.639
3d83_ligand,-181.941
3cyz_ligand,-56.507
3cz1_ligand,-61.338
3cyw_ligand,-177.812
3djo_ligand,-67.324
3djq_ligand,-75.999
3cft_ligand,-68.723
3ckz_ligand,-91.752
3ctt_ligand,-76.529
3djx_ligand,-78.909
3d78_ligand,-77.406
3d91_ligand,-208.545
3djk_ligand,-197.439
3da9_ligand,-134.457
3djp_ligand,-70.011
3cl0_ligand,-91.09
3dne_ligand,-79.027
3dp9_ligand,-137.169
3drf_ligand,-197.39
3d7k_ligand,-190.273
3e92_ligand,-152.432
3dzt_ligand,-144.758
3e6y_ligand,-101.625
3e93_ligand,-202.801
3dnd_ligand,-72.395
3drg_ligand,-271.085
3ebl_ligand,-131.087
3djv_ligand,-87.028
3dsz_ligand,-141.566
3eax_ligand,-69.13
3eb1_ligand,-42.769
3dk1_ligand,-203.474
3d8z_ligand,-73.636
3dri_ligand,-83.19
3ekt_ligand,-188.16
3ed0_ligand,-67.364
3ekp_ligand,-182.611
3eeb_ligand,-81.191
3ekr_ligand,-94.897
3ery_ligand,-218.596
3e3c_ligand,-82.481
3egt_ligand,-116.7
3el5_ligand,-189.112
3ekw_ligand,-247.564
3eko_ligand,-71.424
3eqr_ligand,-179.665
3ebp_ligand,-88.744
3ebo_ligand,-80.655
3ekv_ligand,-183.964
3evd_ligand,-76.461
3el9_ligand,-237.817
3f3c_ligand,-90.283
3f8f_ligand,-114.251
3f70_ligand,-30.982
3f68_ligand,-162.236
3el4_ligand,-210.767
3f78_ligand,-55.162
3f48_ligand,-50.78
3f3e_ligand,-80.788
3f8c_ligand,-127.201
3fhb_ligand,-65.669
3ffg_ligand,-199.337
3f3d_ligand,-71.105
3fat_ligand,-80.71
3exe_ligand,-136.2
3el1_ligand,-230.399
3ekx_ligand,-198.325
3fas_ligand,-75.095
3f6e_ligand,-199.132
3exh_ligand,-128.999
3fv2_ligand,-121.659
3fvk_ligand,-119.005
3fuz_ligand,-67.862
3fvn_ligand,-119.339
3fvh_ligand,-135.937
3f80_ligand,-40.82
3fv1_ligand,-135.8
3g0w_ligand,-129.359
3fuc_ligand,-143.807
3g1d_ligand,-110.882
3g0e_ligand,-116.773
3fql_ligand,-162.679
3fjg_ligand,-55.706
3fv3_ligand,-188.726
3fur_ligand,-136.286
3g1v_ligand,-113.408
3g2y_ligand,-39.612
3g0i_ligand,-63.373
3g30_ligand,-59.592
3g3r_ligand,-22.103
3g35_ligand,-93.611
3fj7_ligand,-63.541
3fzy_ligand,-92.386
3gbb_ligand,-114.362
3g31_ligand,-42.532
3ga5_ligand,-124.105
3fqe_ligand,-119.293
3gi5_ligand,-193.902
3fzn_ligand,-230.772
3gbe_ligand,-56.852
3ggu_ligand,-187.662
3gcu_ligand,-191.872
3gjw_ligand,-79.92
3gkz_ligand,-76.77
3gk1_ligand,-69.87
3gnw_ligand,-146.086
3gm0_ligand,-87.896
3gi4_ligand,-200.796
3g34_ligand,-42.56
3gcp_ligand,-126.028
3gba_ligand,-138.097
3gqz_ligand,-43.357
3gcs_ligand,-161.315
3gr2_ligand,-42.638
3gsm_ligand,-46.966
3gs6_ligand,-55.352
3gy3_ligand,-133.168
3gdt_ligand,-50.389
3fl5_ligand,-92.554
3gvb_ligand,-71.678
3gvu_ligand,-202.376
3h8b_ligand,-203.701
3gss_ligand,-122.741
3gy4_ligand,-75.77
3h5b_ligand,-187.25
3h89_ligand,-195.814
3h1x_ligand,-63.88
3hcm_ligand,-28.986
3gx0_ligand,-115.183
3hit_ligand,-192.574
3hek_ligand,-124.303
3hb4_ligand,-158.104
3h78_ligand,-56.649
3hkw_ligand,-136.181
3gst_ligand,-151.744
3hl7_ligand,-122.682
3gv9_ligand,-50.622
3hmo_ligand,-130.33
3hl8_ligand,-67.993
3hky_ligand,-126.98
3hmp_ligand,-72.255
3hub_ligand,-160.934
3g19_ligand,-114.639
3gi6_ligand,-192.641
3gy2_ligand,-96.331
3hll_ligand,-134.415
3hp9_ligand,-75.589
3h30_ligand,-61.246
3hk1_ligand,-96.113
3huc_ligand,-115.313
3hv8_ligand,-163.666
3i7e_ligand,-184.955
3i60_ligand,-153.858
3hvi_ligand,-212.544
3i6o_ligand,-222.356
3hww_ligand,-14.024
3gy7_ligand,-75.503
3hvj_ligand,-212.267
3i25_ligand,-339.787
3i5z_ligand,-149.118
3ies_ligand,-211.759
3ifl_ligand,-186.243
3i9g_ligand,-148.988
3hu3_ligand,-163.065
3iae_ligand,-209.675
3ikd_ligand,-97.114
3ijh_ligand,-73.754
3imc_ligand,-77.257
3ioe_ligand,-149.049
3ip8_ligand,-72.587
3ikg_ligand,-104.865
3ip6_ligand,-59.312
3ip5_ligand,-39.926
3iob_ligand,-112.295
3ime_ligand,-41.949
3ip9_ligand,-48.652
3i4b_ligand,-152.015
3ipq_ligand,-222.208
3ipu_ligand,-156.441
3jrs_ligand,-75.949
3iqu_ligand,-108.039
3isj_ligand,-97.558
3iss_ligand,-148.995
3ivg_ligand,-140.123
3iue_ligand,-134.533
3iw6_ligand,-128.625
3ivx_ligand,-139.787
3iub_ligand,-108.557
3ivc_ligand,-125.112
3jup_ligand,-82.229
3jy0_ligand,-75.268
3jrx_ligand,-181.022
3juo_ligand,-78.526
3jvr_ligand,-102.038
3jdw_ligand,-49.483
3jzj_ligand,-216.139
3jyr_ligand,-186.549
3iph_ligand,-154.522
3ioc_ligand,-153.362
3jya_ligand,-61.489
3k02_ligand,-234.886
3jvs_ligand,-115.406
3iw5_ligand,-173.782
3k99_ligand,-101.045
3jzh_ligand,-101.128
3kdb_ligand,-232.932
3k5v_ligand,-107.168
3kdc_ligand,-231.324
3k8q_ligand,-95.667
3k8c_ligand,-65.726
3kiv_ligand,-27.356
3kdd_ligand,-222.826
3k4q_ligand,-50.488
3k8o_ligand,-98.54
3kgt_ligand,-76.5
3kdm_ligand,-135.695
3kku_ligand,-97.796
3k4d_ligand,-50.726
3k97_ligand,-91.652
3kgp_ligand,-57.437
3k37_ligand,-98.866
3kqr_ligand,-23.438
3k00_ligand,-211.824
3kgu_ligand,-71.093
3kjd_ligand,-88.024
3k1j_ligand,-148.278
3kmy_ligand,-71.525
3kyq_ligand,-74.258
3l3m_ligand,-115.141
3kv2_ligand,-23.539
3ldp_ligand,-97.203
3l59_ligand,-65.442
3l4w_ligand,-73.54
3liw_ligand,-160.412
3l4y_ligand,-87.231
3lgs_ligand,-85.729
3lmk_ligand,-55.485
3ldq_ligand,-88.57
3lpi_ligand,-221.462
3l4v_ligand,-84.482
3lp7_ligand,-21.412
3l4x_ligand,-83.84
3kmx_ligand,-87.072
3ljo_ligand,-135.535
3m3c_ligand,-69.072
3lpk_ligand,-235.738
3lvw_ligand,-69.416
3l4z_ligand,-85.601
3lzz_ligand,-55.863
3m35_ligand,-160.368
3lzs_ligand,-185.73
3lxk_ligand,-144.005
3mam_ligand,-29.989
3m37_ligand,-178.751
3lzu_ligand,-181.487
3m8u_ligand,-185.577
3lp4_ligand,-24.494
3l4u_ligand,-75.103
3lpp_ligand,-105.56
3lpl_ligand,-42.375
3mfw_ligand,-31.332
3lq2_ligand,-98.266
3mfv_ligand,-43.548
3miy_ligand,-114.031
3mxd_ligand,-205.486
3mxe_ligand,-210.227
3mhw_ligand,-56.501
3ms9_ligand,-64.634
3mof_ligand,-9.734
3n3g_ligand,-88.568
3mf5_ligand,-113.354
3myg_ligand,-118.303
3mss_ligand,-84.506
3n35_ligand,-68.962
3n8k_ligand,-62.401
3n7a_ligand,-74.997
3n1c_ligand,-66.32
3nht_ligand,-131.706
3nex_ligand,-103.568
3n76_ligand,-152.454
3ng4_ligand,-64.596
3m36_ligand,-187.257
3npc_ligand,-226.797
3n7o_ligand,-149.565
3mjl_ligand,-17.275
3n86_ligand,-155.1
3nkk_ligand,-81.31
3nq3_ligand,-55.856
3nuo_ligand,-189.17
3nee_ligand,-85.972
3nuj_ligand,-184.719
3nu6_ligand,-186.168
3nes_ligand,-78.722
3nq9_ligand,-32.644
3nyx_ligand,-121.634
3nu5_ligand,-185.289
3nhi_ligand,-149.939
3nu3_ligand,-194.942
3o5n_ligand,-101.593
3neo_ligand,-100.925
3nu9_ligand,-179.321
3o5x_ligand,-58.984
3nsn_ligand,-159.245
3nyd_ligand,-71.56
3o9e_ligand,-208.309
3o4k_ligand,-226.322
3nox_ligand,-97.221
3o9a_ligand,-205.245
3oe4_ligand,-175.91
3o9d_ligand,-211.195
3ove_ligand,-138.041
3ov1_ligand,-129.47
3oe5_ligand,-169.789
3oy8_ligand,-65.74
3nu4_ligand,-195.654
3nw3_ligand,-134.616
3ocp_ligand,-115.625
3old_ligand,-251.738
3own_ligand,-216.382
3owj_ligand,-82.879
3ozt_ligand,-171.377
3oyw_ligand,-63.122
3o8p_ligand,-116.102
3ozg_ligand,-110.653
3ok9_ligand,-194.519
3o9i_ligand,-217.69
3o99_ligand,-201.22
3ocz_ligand,-100.271
3ozs_ligand,-170.275
3p7i_ligand,-61.9
3oaf_ligand,-97.785
3p2e_ligand,-154.093
3ozp_ligand,-97.539
3p8p_ligand,-105.83
3p8z_ligand,-183.551
3p9l_ligand,-227.116
3pe1_ligand,-111.593
3p9m_ligand,-228.607
3pd9_ligand,-83.275
3pe2_ligand,-103.701
3ozj_ligand,-75.039
3ozr_ligand,-96.631
3p5o_ligand,-106.919
3o84_ligand,-87.548
3ppp_ligand,-59.187
3pn1_ligand,-116.78
3po1_ligand,-99.901
3pju_ligand,-169.939
3ppr_ligand,-46.587
3p3t_ligand,-106.421
3p17_ligand,-141.929
3prs_ligand,-211.966
3q71_ligand,-213.489
3q6w_ligand,-183.572
3p8n_ligand,-194.705
3q7q_ligand,-115.378
3p8o_ligand,-194.022
3ppq_ligand,-59.154
3pwk_ligand,-39.18
3ppm_ligand,-143.331
3qaa_ligand,-196.408
3qfd_ligand,-204.212
3q6z_ligand,-151.079
3q2j_ligand,-81.255
3qbc_ligand,-47.254
3qkd_ligand,-196.231
3pfp_ligand,-92.851
3qgy_ligand,-93.842
3qps_ligand,-100.528
3qto_ligand,-144.627
3q1x_ligand,-31.232
3qtv_ligand,-146.936
3pyy_ligand,-123.889
3qx5_ligand,-150.342
3qwc_ligand,-140.632
3r4m_ligand,-63.741
3qqs_ligand,-95.632
3pwm_ligand,-195.628
3qgw_ligand,-99.526
3pww_ligand,-192.497
3qox_ligand,-188.417
3qdd_ligand,-78.903
3qxt_ligand,-144.851
3qx9_ligand,-87.771
3qt6_ligand,-102.353
3r4n_ligand,-79.711
3qfz_ligand,-48.84
3qxv_ligand,-137.081
3qfy_ligand,-52.682
3r1v_ligand,-78.747
3rdo_ligand,-90.632
3rlq_ligand,-88.586
3rlb_ligand,-99.296
3r4p_ligand,-124.123
3rlp_ligand,-66.187
3rlr_ligand,-104.412
3ru1_ligand,-82.628
3re4_ligand,-73.796
3r88_ligand,-62.264
3rm9_ligand,-67.432
3r6u_ligand,-63.233
3s8l_ligand,-133.216
3roc_ligand,-130.909
3s2v_ligand,-110.466
3rux_ligand,-256.99
3rv4_ligand,-133.235
3s43_ligand,-185.758
3r7o_ligand,-174.552
3s0e_ligand,-65.845
3r5t_ligand,-127.039
3s8o_ligand,-136.346
3s9e_ligand,-74.612
3rsx_ligand,-77.83
3s6t_ligand,-87.303
3s54_ligand,-174.848
3si3_ligand,-138.314
3sio_ligand,-177.793
3shc_ligand,-146.046
3rwp_ligand,-131.755
3rv8_ligand,-86.08
3s0b_ligand,-77.507
3sk2_ligand,-90.515
3spf_ligand,-74.41
3sha_ligand,-136.587
3si4_ligand,-141.009
3slz_ligand,-307.299
3sfg_ligand,-46.876
3sr4_ligand,-191.623
3st5_ligand,-198.103
3sm2_ligand,-184.983
3std_ligand,-121.665
3suw_ligand,-79.274
3sur_ligand,-76.023
3suu_ligand,-89.687
3t3c_ligand,-186.831
3t2w_ligand,-92.006
3sus_ligand,-73.551
3t60_ligand,-126.404
3suv_ligand,-81.91
3sxf_ligand,-141.355
3sv2_ligand,-144.337
3t1m_ligand,-102.593
3rdq_ligand,-91.697
3t70_ligand,-119.332
3s8n_ligand,-138.026
3tf6_ligand,-40.464
3t64_ligand,-113.889
3sww_ligand,-97.677
3tfp_ligand,-86.852
3ta1_ligand,-156.679
3th9_ligand,-167.033
3tb6_ligand,-51.497
3ta0_ligand,-149.725
3tcg_ligand,-137.261
3tfu_ligand,-127.127
3tif_ligand,-136.101
3tkw_ligand,-184.622
3u5j_ligand,-84.077
3tao_ligand,-50.711
3sut_ligand,-97.562
3tza_ligand,-100.698
3tzm_ligand,-133.242
3tz0_ligand,-61.019
3tmk_ligand,-233.952
3u5l_ligand,-91.817
3u9q_ligand,-87.625
3ttp_ligand,-182.948
3tu7_ligand,-173.694
3ttm_ligand,-47.325
3t0x_ligand,-161.822
3t6b_ligand,-201.81
3u6i_ligand,-198.823
3t1a_ligand,-167.16
3td4_ligand,-73.079
3t3u_ligand,-147.072
3u8k_ligand,-97.958
3u8n_ligand,-104.792
3u8j_ligand,-86.598
3uj9_ligand,-99.207
3ujd_ligand,-96.799
3uev_ligand,-72.071
3u81_ligand,-163.523
3ujc_ligand,-96.809
3ubd_ligand,-124.582
3ug2_ligand,-111.894
3uo4_ligand,-129.103
3uex_ligand,-81.854
3upv_ligand,-123.166
3uri_ligand,-209.15
3u10_ligand,-153.554
3uil_ligand,-30.458
3uu1_ligand,-57.997
3usx_ligand,-41.091
3uug_ligand,-90.823
3umq_ligand,-13.329
3ueu_ligand,-60.452
3uz5_ligand,-43.054
3u6h_ligand,-193.889
3uxd_ligand,-42.653
3uod_ligand,-120.427
3uyr_ligand,-146.928
3utu_ligand,-197.282
3uxl_ligand,-42.526
3v2n_ligand,-86.247
3v2q_ligand,-94.831
3upk_ligand,-162.497
3vf5_ligand,-214.339
3u8l_ligand,-93.848
3uew_ligand,-73.905
3uxk_ligand,-43.597
3veh_ligand,-80.263
3up2_ligand,-123.96
3v2p_ligand,-106.598
3uzj_ligand,-44.052
3v5p_ligand,-134.65
3vha_ligand,-92.936
3v51_ligand,-171.279
3vvy_ligand,-108.584
3v5t_ligand,-147.829
3vhc_ligand,-95.513
3v4t_ligand,-165.097
3v78_ligand,-146.256
3vf7_ligand,-213.158
3vfb_ligand,-210.929
3vfa_ligand,-206.452
3vjc_ligand,-211.228
3w9k_ligand,-102.103
3vje_ligand,-209.933
3vhk_ligand,-111.162
3vhd_ligand,-83.468
3vtr_ligand,-152.988
3w07_ligand,-104.117
3vx3_ligand,-134.472
3wtl_ligand,-98.467
3wha_ligand,-109.226
3wjw_ligand,-118.568
3wz7_ligand,-161.129
3w5n_ligand,-70.672
3wzn_ligand,-99.053
3wz8_ligand,-142.093
3wz6_ligand,-129.103
3wto_ligand,-89.366
3vw1_ligand,-111.533
3wvm_ligand,-107.413
3wmc_ligand,-75.51
3wgg_ligand,-220.557
3x00_ligand,-97.48
3w9r_ligand,-80.681
3wtm_ligand,-84.852
3wtj_ligand,-81.927
3zdv_ligand,-87.033
3zj6_ligand,-108.588
3zc5_ligand,-146.138
3zhx_ligand,-64.625
3w37_ligand,-141.427
3zdh_ligand,-97.133
3zi8_ligand,-53.947
3zi0_ligand,-68.558
3zbx_ligand,-143.874
3zsq_ligand,-145.119
3zcl_ligand,-132.556
3zm9_ligand,-129.895
3zlr_ligand,-206.87
3zln_ligand,-164.655
3zk6_ligand,-130.225
3zdg_ligand,-75.548
3zq9_ligand,-85.821
3zxz_ligand,-150.74
3zyf_ligand,-70.105
3zze_ligand,-123.517
3zsx_ligand,-129.779
3zll_ligand,-62.459
3zqe_ligand,-72.844
4a4q_ligand,-238.559
4a4v_ligand,-97.235
3zyu_ligand,-103.796
4a6c_ligand,-240.659
3zsy_ligand,-130.862
3zso_ligand,-149.122
4abd_ligand,-81.554
4a7i_ligand,-136.535
4ab9_ligand,-75.753
3zpu_ligand,-236.069
3zt2_ligand,-109.729
4abb_ligand,-61.771
4abh_ligand,-87.025
4abe_ligand,-79.531
4a6s_ligand,-71.563
3zv7_ligand,-63.641
4a4w_ligand,-137.346
4aba_ligand,-58.757
4a6l_ligand,-172.487
4a6b_ligand,-228.946
4ad3_ligand,-98.732
4aci_ligand,-73.87
4ag8_ligand,-152.757
3zt3_ligand,-111.26
4afg_ligand,-97.47
4agc_ligand,-158.561
4ahs_ligand,-57.527
4ahu_ligand,-55.233
4abg_ligand,-85.847
4a95_ligand,-76.22
4ad6_ligand,-53.715
4ad2_ligand,-101.411
4alx_ligand,-126.998
4aoi_ligand,-147.639
4aje_ligand,-53.639
4aqh_ligand,-125.402
4acc_ligand,-113.351
4ase_ligand,-168.969
4ahr_ligand,-58.849
4ap7_ligand,-129.296
4asj_ligand,-123.433
4ajl_ligand,-112.727
4abf_ligand,-61.734
4auj_ligand,-90.21
4asd_ligand,-165.336
4arw_ligand,-97.058
4aji_ligand,-75.667
4ayq_ligand,-53.726
4av5_ligand,-97.967
4ayu_ligand,-41.462
4ax9_ligand,-174.151
4ara_ligand,-99.531
4az5_ligand,-75.83
4azg_ligand,-103.791
4b2i_ligand,-51.017
4b2l_ligand,-61.4
4azb_ligand,-115.908
4arb_ligand,-109.29
4aj4_ligand,-74.644
4att_ligand,-94.959
4azi_ligand,-119.284
4b3d_ligand,-59.053
4b1j_ligand,-204.02
4av4_ligand,-87.148
4b3b_ligand,-116.566
4avs_ligand,-36.574
4b6r_ligand,-115.368
4az6_ligand,-120.792
4ayp_ligand,-119.838
4b0b_ligand,-91.455
4azc_ligand,-70.009
4b7p_ligand,-145.715
4b5d_ligand,-112.22
4b7j_ligand,-82.553
4b6o_ligand,-116.324
4b6p_ligand,-130.613
4b32_ligand,-54.621
4b8y_ligand,-103.117
4b3c_ligand,-54.292
4b9k_ligand,-139.322
4bak_ligand,-199.057
4b33_ligand,-54.935
4ban_ligand,-194.559
4b35_ligand,-54.48
4bam_ligand,-200.2
4bao_ligand,-185.991
4b9z_ligand,-161.924
4bah_ligand,-175.936
4baq_ligand,-198.711
4b34_ligand,-32.966
4b74_ligand,-163.909
4bb9_ligand,-64.952
4b6s_ligand,-125.548
4bcm_ligand,-112.029
4bcn_ligand,-103.576
4b76_ligand,-92.506
4bcp_ligand,-122.076
4b73_ligand,-124.199
4bj8_ligand,-115.506
4bi7_ligand,-49.539
4bi6_ligand,-50.898
4bc5_ligand,-53.035
4bck_ligand,-75.672
4b7r_ligand,-84.879
4bqh_ligand,-131.056
4buq_ligand,-82.283
4bcs_ligand,-107.142
4bqg_ligand,-76.747
4c1y_ligand,-50.057
4br3_ligand,-106.708
4bs0_ligand,-59.567
4bco_ligand,-144.147
4c52_ligand,-138.071
4c1t_ligand,-165.819
4bkt_ligand,-88.702
4bqs_ligand,-78.948
4c6u_ligand,-65.634
4c5d_ligand,-149.904
4bks_ligand,-120.577
4btk_ligand,-104.53
4cg9_ligand,-98.307
4cd0_ligand,-133.069
4ceb_ligand,-155.269
4cgi_ligand,-144.022
4cig_ligand,-139.521
4cfl_ligand,-85.589
4cjq_ligand,-130.12
4cd4_ligand,-95.82
4cga_ligand,-107.18
4cc5_ligand,-54.208
4cjp_ligand,-115.208
4clj_ligand,-126.85
4cjr_ligand,-132.73
4cl6_ligand,-119.478
4cj4_ligand,-121.771
4ck3_ligand,-114.995
4cg8_ligand,-149.86
4cp5_ligand,-70.474
4cpt_ligand,-245.166
4cpr_ligand,-245.648
4cpy_ligand,-89.452
4cp7_ligand,-238.18
4cps_ligand,-227.013
4c9x_ligand,-98.894
4cpz_ligand,-96.526
4cra_ligand,-163.025
4cd5_ligand,-89.218
4crf_ligand,-181.871
4css_ligand,-99.942
4csd_ligand,-75.839
4c2v_ligand,-159.651
4cpw_ligand,-230.03
4cmo_ligand,-116.657
4cr9_ligand,-65.36
4cwr_ligand,-107.02
4cwq_ligand,-113.314
4ciw_ligand,-93.062
4crl_ligand,-134.189
4cr5_ligand,-81.463
4cwf_ligand,-78.598
4cws_ligand,-115.586
4c1u_ligand,-137.389
4d8z_ligand,-62.892
4cst_ligand,-94.86
4cwo_ligand,-105.041
4cwn_ligand,-108.187
4cu8_ligand,-56.007
4cu7_ligand,-54.516
4cwp_ligand,-102.443
4d7b_ligand,-69.405
4cwt_ligand,-122.146
4daf_ligand,-60.077
4d1j_ligand,-45.406
4dcs_ligand,-133.171
4da5_ligand,-83.266
4db7_ligand,-57.223
4des_ligand,-58.078
4der_ligand,-43.298
4det_ligand,-45.05
4de0_ligand,-95.227
4ddk_ligand,-74.656
4ddm_ligand,-41.205
4ddh_ligand,-90.124
4dju_ligand,-89.183
4djo_ligand,-200.117
4djq_ligand,-201.079
4djr_ligand,-184.169
4crb_ligand,-174.879
4dew_ligand,-19.118
4dko_ligand,-96.758
4dfg_ligand,-217.538
4d3h_ligand,-164.898
4djx_ligand,-98.928
4djy_ligand,-114.509
4djw_ligand,-106.556
4czs_ligand,-171.361
4dbm_ligand,-104.301
4dkp_ligand,-106.437
4dld_ligand,-98.195
4dkq_ligand,-109.617
4dst_ligand,-39.816
4deu_ligand,-67.337
4dmw_ligand,-85.715
4de5_ligand,-55.987
4dsu_ligand,-58.059
4djp_ligand,-203.963
4djv_ligand,-122.955
4dy6_ligand,-162.333
4e67_ligand,-197.787
4dzy_ligand,-86.925
4dq2_ligand,-215.724
4e4l_ligand,-132.804
4dkr_ligand,-110.547
4do5_ligand,-54.714
4e7r_ligand,-181.547
4e6q_ligand,-143.642
4e4n_ligand,-145.132
4e0x_ligand,-92.09
4duh_ligand,-132.358
4e1k_ligand,-131.396
4ei4_ligand,-114.98
4e5w_ligand,-171.454
4e70_ligand,-81.838
4ef6_ligand,-91.628
4efk_ligand,-55.199
4eb8_ligand,-122.37
4emf_ligand,-104.636
4egk_ligand,-92.977
4ek9_ligand,-141.398
4elh_ligand,-149.685
4eoh_ligand,-47.091
4e6d_ligand,-128.02
4epy_ligand,-110.572
4er2_ligand,-189.821
4erf_ligand,-95.415
4ej8_ligand,-36.754
4emr_ligand,-111.198
4en4_ligand,-54.363
4elg_ligand,-170.131
4elf_ligand,-176.229
4eo6_ligand,-108.942
4ejl_ligand,-54.306
4eo8_ligand,-107.683
4euo_ligand,-53.681
4er1_ligand,-235.982
4eu0_ligand,-85.563
4ezx_ligand,-175.787
4ewn_ligand,-89.016
4etz_ligand,-82.359
4ezr_ligand,-217.735
4ew2_ligand,-132.153
4f6u_ligand,-176.432
4ehz_ligand,-107.515
4ezz_ligand,-212.917
4eor_ligand,-139.567
4f7v_ligand,-181.561
4fcq_ligand,-82.313
4f09_ligand,-103.58
4f0c_ligand,-126.052
4f9y_ligand,-108.998
4f3c_ligand,-136.807
4f2w_ligand,-123.349
4f6w_ligand,-222.609
4fk6_ligand,-140.069
4f1l_ligand,-91.466
4fxq_ligand,-123.628
4flp_ligand,-97.268
4fzj_ligand,-22.279
4g0q_ligand,-60.63
4g0p_ligand,-60.494
4f3k_ligand,-135.746
4fs4_ligand,-109.144
4fxp_ligand,-123.513
4fht_ligand,-70.913
4g5f_ligand,-57.632
4g8n_ligand,-86.565
4fys_ligand,-180.428
4g4p_ligand,-85.309
4g8y_ligand,-99.78
4g8v_ligand,-78.079
4g0z_ligand,-66.927
4g95_ligand,-94.545
4gfm_ligand,-92.159
4gah_ligand,-184.741
4fp1_ligand,-49.883
4ge1_ligand,-61.157
4gfo_ligand,-89.489
4ggz_ligand,-114.73
4fev_ligand,-86.811
4g8m_ligand,-84.869
4gj2_ligand,-117.399
4f5y_ligand,-146.566
4gg7_ligand,-144.23
4fl1_ligand,-100.888
4fsl_ligand,-139.525
4g90_ligand,-83.46
4gih_ligand,-107.201
4ffs_ligand,-142.811
4g0y_ligand,-76.626
4fl2_ligand,-111.838
4gny_ligand,-71.518
4ghi_ligand,-94.822
4gii_ligand,-113.98
4gu6_ligand,-131.245
4gqr_ligand,-54.916
4gid_ligand,-247.649
4gkm_ligand,-88.29
4gq4_ligand,-103.519
4gqq_ligand,-53.351
4gqp_ligand,-74.693
4h42_ligand,-61.446
4h75_ligand,-176.615
4h3f_ligand,-156.052
4gue_ligand,-118.582
4gzp_ligand,-72.591
4h3g_ligand,-130.347
4h3j_ligand,-143.179
4gzx_ligand,-59.725
4hdb_ligand,-197.852
4gzt_ligand,-59.372
4heg_ligand,-195.609
4h85_ligand,-58.801
4hfp_ligand,-144.625
4hbm_ligand,-120.493
4hdf_ligand,-190.875
4hp0_ligand,-162.591
4hj2_ligand,-140.639
4hw3_ligand,-122.512
4hy1_ligand,-125.285
4gu9_ligand,-85.731
4i7j_ligand,-44.811
4hzm_ligand,-54.898
4h81_ligand,-80.874
4ha5_ligand,-89.964
4hge_ligand,-126.211
4i7l_ligand,-49.951
4gj3_ligand,-116.788
4hla_ligand,-188.305
4h7q_ligand,-51.68
4i3z_ligand,-98.091
4i5c_ligand,-134.114
4gzw_ligand,-69.088
4i7p_ligand,-43.524
4hdp_ligand,-202.784
4i7k_ligand,-52.9
4hym_ligand,-111.759
4i7m_ligand,-64.115
4hpi_ligand,-136.306
4i8n_ligand,-97.168
4i9h_ligand,-162.234
4ibe_ligand,-87.171
4ibj_ligand,-114.892
4i8x_ligand,-50.498
4i8w_ligand,-190.236
4ibg_ligand,-111.472
4ibk_ligand,-101.763
4ibc_ligand,-97.738
4ibd_ligand,-93.794
4i54_ligand,-124.609
4ij1_ligand,-87.017
4ibb_ligand,-94.259
4i9u_ligand,-74.251
4i8z_ligand,-180.36
4idn_ligand,-197.411
4ih6_ligand,-101.032
4io2_ligand,-70.305
4ih5_ligand,-62.83
4io4_ligand,-59.648
4ibi_ligand,-113.904
4ibf_ligand,-82.262
4io5_ligand,-54.408
4io3_ligand,-60.045
4ieh_ligand,-184.161
4ipj_ligand,-40.653
4ipi_ligand,-24.781
4io6_ligand,-74.11
4ido_ligand,-168.008
4iif_ligand,-66.556
4ish_ligand,-157.409
4iic_ligand,-69.346
4io7_ligand,-86.996
4iid_ligand,-63.318
4iva_ligand,-123.817
4iuo_ligand,-77.943
4j93_ligand,-93.627
4isi_ligand,-180.36
4jfk_ligand,-143.484
4j7e_ligand,-83.652
4j7d_ligand,-109.312
4ivb_ligand,-134.534
4ivc_ligand,-137.69
4j28_ligand,-58.718
4jal_ligand,-143.276
4isu_ligand,-73.707
4ivd_ligand,-140.759
4jfm_ligand,-103.52
4ipn_ligand,-87.103
4jfs_ligand,-76.74
4jz1_ligand,-170.482
4jkw_ligand,-41.158
4jxs_ligand,-84.367
4jia_ligand,-119.704
4jyb_ligand,-132.573
4jn2_ligand,-140.857
4k0y_ligand,-116.203
4jzi_ligand,-137.586
4jwk_ligand,-55.641
4jym_ligand,-59.488
4jx9_ligand,-59.75
4jyt_ligand,-148.671
4jyc_ligand,-121.481
4k6i_ligand,-154.354
4k3h_ligand,-149.44
4k4j_ligand,-139.754
4jh0_ligand,-74.165
4k55_ligand,-23.158
4k7n_ligand,-42.549
4k18_ligand,-119.47
4k9y_ligand,-192.361
4k77_ligand,-103.267
4k7i_ligand,-35.765
4kfq_ligand,-71.26
4kcx_ligand,-96.225
4kax_ligand,-168.185
4kb9_ligand,-204.064
4kao_ligand,-161.983
4km0_ligand,-76.665
4kmz_ligand,-156.56
4km2_ligand,-82.699
4kqp_ligand,-83.772
4kn0_ligand,-137.127
4kxn_ligand,-133.379
4kn1_ligand,-133.24
4kow_ligand,-131.502
4ksy_ligand,-166.95
4kz3_ligand,-48.048
4kz4_ligand,-57.694
4l50_ligand,-77.231
4lar_ligand,-63.263
4kz7_ligand,-49.821
4l51_ligand,-87.638
4lhv_ligand,-141.732
4l9i_ligand,-103.154
4ks1_ligand,-88.494
4lj5_ligand,-105.595
4lj8_ligand,-108.41
4l4z_ligand,-61.999
4kwf_ligand,-85.519
4ljh_ligand,-88.252
4kz6_ligand,-63.574
4ll3_ligand,-185.415
4lov_ligand,-87.302
4loo_ligand,-123.951
4lvt_ligand,-222.489
4ko8_ligand,-162.319
4luz_ligand,-98.919
4lk7_ligand,-91.221
4ks4_ligand,-85.498
4kiu_ligand,-105.604
4loi_ligand,-190.82
4lzr_ligand,-83.545
4lkk_ligand,-77.947
4lxd_ligand,-153.703
4ly9_ligand,-193.417
4lyw_ligand,-89.832
4m0y_ligand,-86.073
4lzs_ligand,-66.463
4l4v_ligand,-123.279
4m8x_ligand,-191.995
4m7j_ligand,-120.536
4m8h_ligand,-144.435
4loh_ligand,-182.261
4m8e_ligand,-137.899
4m0e_ligand,-99.815
4kwg_ligand,-43.206
4m0r_ligand,-118.237
4m14_ligand,-95.738
4lko_ligand,-74.896
4loy_ligand,-159.26
4lhm_ligand,-71.394
4mc6_ligand,-186.689
4mc2_ligand,-209.492
4mc1_ligand,-202.768
4m13_ligand,-163.244
4mmp_ligand,-83.185
4mme_ligand,-112.244
4mnp_ligand,-72.98
4m12_ligand,-155.584
4mr3_ligand,-72.109
4mjp_ligand,-92.609
4m8y_ligand,-208.636
4mr6_ligand,-97.186
4mgd_ligand,-92.967
4mo4_ligand,-98.161
4mhz_ligand,-91.469
4mc9_ligand,-202.492
4m6u_ligand,-17.044
4mpn_ligand,-84.098
4mss_ligand,-64.96
4n5d_ligand,-47.999
4mn3_ligand,-245.9
4mdn_ligand,-133.031
4myd_ligand,-75.58
4mre_ligand,-40.7
4mmm_ligand,-39.249
4mq6_ligand,-131.654
4n6g_ligand,-42.062
4n6z_ligand,-112.296
4n7u_ligand,-18.873
4n7m_ligand,-67.854
4muf_ligand,-145.845
4n9a_ligand,-56.768
4nh7_ligand,-144.816
4ndu_ligand,-58.191
4nbn_ligand,-143.73
4non_ligand,-103.853
4nku_ligand,-92.171
4nnr_ligand,-149.073
4nh8_ligand,-134.863
4mrg_ligand,-58.936
4ncn_ligand,-181.312
4muv_ligand,-142.722
4n9c_ligand,-57.289
4n8q_ligand,-46.407
4np9_ligand,-40.063
4nbl_ligand,-116.009
4na9_ligand,-169.54
4nl1_ligand,-54.556
4np3_ligand,-71.085
4nkt_ligand,-74.589
4mul_ligand,-144.946
4nxu_ligand,-88.554
4nwc_ligand,-103.802
4nbk_ligand,-99.264
4o0b_ligand,-152.954
4np2_ligand,-64.835
4o2p_ligand,-133.344
4o0a_ligand,-104.419
4nuc_ligand,-80.463
4nue_ligand,-90.869
4nvp_ligand,-139.668
4o0x_ligand,-139.441
4o07_ligand,-159.205
4o6w_ligand,-200.71
4o05_ligand,-155.216
4o61_ligand,-18.934
4o3f_ligand,-120.122
4o09_ligand,-142.118
4nra_ligand,-64.611
4oct_ligand,-19.569
4ogj_ligand,-84.744
4og3_ligand,-104.75
4oag_ligand,-86.801
4o97_ligand,-131.618
4oiv_ligand,-151.188
4ocq_ligand,-72.631
4o2c_ligand,-223.349
4og4_ligand,-109.707
4o2b_ligand,-165.47
4oks_ligand,-95.258
4o9w_ligand,-130.065
4o9v_ligand,-153.558
4o0y_ligand,-122.819
4o04_ligand,-124.377
4omc_ligand,-213.573
4omj_ligand,-183.811
4nxv_ligand,-84.71
4ovg_ligand,-73.973
4p3h_ligand,-77.375
4omk_ligand,-180.522
4p5d_ligand,-171.074
4oma_ligand,-109.358
4or6_ligand,-88.203
4p6c_ligand,-69.002
4p6w_ligand,-171.065
4or4_ligand,-104.654
4ovf_ligand,-66.354
4p6x_ligand,-138.739
4p58_ligand,-101.216
4owv_ligand,-47.058
4ovh_ligand,-75.536
4pg9_ligand,-217.634
4pb2_ligand,-82.752
4pee_ligand,-77.655
4pft_ligand,-163.65
4pin_ligand,-68.981
4pcs_ligand,-56.869
4pfu_ligand,-137.981
4pop_ligand,-88.985
4poh_ligand,-135.645
4owm_ligand,-49.527
4pp3_ligand,-140.529
4pow_ligand,-137.706
4phu_ligand,-149.984
4poj_ligand,-145.493
4q0k_ligand,-115.143
4psb_ligand,-111.662
4q1w_ligand,-200.644
4pvx_ligand,-134.503
4pox_ligand,-133.457
4pvy_ligand,-136.903
4pp0_ligand,-128.997
4pzv_ligand,-143.83
4ozj_ligand,-136.046
4pnu_ligand,-95.797
4q1y_ligand,-195.178
4pmm_ligand,-192.601
4qer_ligand,-83.064
4qem_ligand,-57.903
4qdk_ligand,-162.978
4pf5_ligand,-76.467
4qew_ligand,-107.447
4q93_ligand,-69.635
4q9o_ligand,-149.147
4qb3_ligand,-90.136
4qac_ligand,-132.931
4q19_ligand,-101.334
4q3t_ligand,-29.591
4qgi_ligand,-226.63
4q46_ligand,-85.759
4qev_ligand,-103.196
4qf7_ligand,-91.073
4qgd_ligand,-73.131
4qfp_ligand,-103.052
4q3u_ligand,-20.948
4qf9_ligand,-72.638
4qfo_ligand,-128.304
4qfl_ligand,-115.385
4qsv_ligand,-62.726
4qsu_ligand,-42.079
4ql1_ligand,-154.67
4pp5_ligand,-145.391
4q1x_ligand,-199.702
4qxo_ligand,-100.186
4qf8_ligand,-58.264
4qpd_ligand,-140.884
4qp2_ligand,-53.583
4p5z_ligand,-174.821
4r4c_ligand,-104.603
4qyy_ligand,-166.253
4r06_ligand,-145.288
4r73_ligand,-137.663
4r4i_ligand,-102.896
4r3w_ligand,-104.323
4r74_ligand,-118.131
4qnb_ligand,-154.408
4ra1_ligand,-98.596
4rdn_ligand,-96.241
4rd3_ligand,-145.507
4rfm_ligand,-159.758
4r75_ligand,-120.658
4qrh_ligand,-168.819
4r4t_ligand,-101.729
4re4_ligand,-70.221
4rd0_ligand,-137.151
4re2_ligand,-60.985
4r4o_ligand,-87.91
4rak_ligand,-158.683
4rd6_ligand,-140.098
4qfn_ligand,-94.943
4r0a_ligand,-88.948
4rlw_ligand,-83.897
4rpn_ligand,-55.413
4rj8_ligand,-142.042
4rlt_ligand,-79.307
4rrf_ligand,-153.285
4rqv_ligand,-79.316
4rvr_ligand,-86.319
4rra_ligand,-163.761
4qij_ligand,-247.856
4rhx_ligand,-135.979
4rlu_ligand,-84.686
4rfr_ligand,-85.24
4ryd_ligand,-213.915
4rwj_ligand,-162.977
4rrg_ligand,-133.815
4s1g_ligand,-163.704
4tkj_ligand,-96.771
4tpw_ligand,-71.696
4tmk_ligand,-216.212
4tkb_ligand,-66.117
4tqn_ligand,-86.607
4sga_ligand,-150.329
4tjz_ligand,-54.104
4std_ligand,-102.97
4tte_ligand,-57.81
4tu4_ligand,-93.892
4tt2_ligand,-100.425
4tim_ligand,-43.521
4tz2_ligand,-79.036
4ty7_ligand,-168.377
4rww_ligand,-182.84
4ts1_ligand,-52.701
4rqk_ligand,-81.516
4trc_ligand,-45.26
4rsk_ligand,-87.238
4ty6_ligand,-154.255
4rr6_ligand,-160.683
4tkh_ligand,-78.448
4ua8_ligand,-163.104
4u0w_ligand,-111.429
4ucc_ligand,-57.834
4uac_ligand,-184.335
4u0f_ligand,-96.602
4u43_ligand,-88.45
4u5o_ligand,-68.842
4uc5_ligand,-88.349
4u5n_ligand,-141.231
4rpo_ligand,-53.563
4u8w_ligand,-179.268
4ufi_ligand,-63.594
4u54_ligand,-50.017
4uj2_ligand,-130.143
4ufm_ligand,-74.665
4tun_ligand,-23.099
4uja_ligand,-127.236
4uj1_ligand,-115.829
4ufl_ligand,-77.835
4und_ligand,-115.469
4ual_ligand,-115.517
4uof_ligand,-81.547
4umb_ligand,-41.627
4u5s_ligand,-124.055
4unp_ligand,-87.598
4ufj_ligand,-72.872
4umc_ligand,-38.236
4ufk_ligand,-54.841
4ujb_ligand,-127.528
4uyf_ligand,-92.827
4urz_ligand,-117.64
4uin_ligand,-120.537
4us3_ligand,-102.934
4ury_ligand,-103.335
4w9j_ligand,-169.989
4uye_ligand,-115.238
4uma_ligand,-41.915
4v01_ligand,-210.188
4w9h_ligand,-138.935
4w9k_ligand,-164.462
4v27_ligand,-104.401
4w52_ligand,-44.135
4uoh_ligand,-96.86
4w9f_ligand,-127.661
4w9d_ligand,-130.217
4w9l_ligand,-172.676
4wkn_ligand,-126.168
4wkb_ligand,-120.93
4wn5_ligand,-138.327
4wk1_ligand,-157.069
4wop_ligand,-103.258
4v24_ligand,-178.359
4w9o_ligand,-150.148
4wa9_ligand,-150.061
4w9p_ligand,-157.567
4x5p_ligand,-94.326
4x5r_ligand,-104.363
4wov_ligand,-119.347
4wkp_ligand,-143.258
4wt2_ligand,-170.463
4wiv_ligand,-85.335
4w9i_ligand,-141.406
4wko_ligand,-146.037
4wrb_ligand,-114.604
4x5y_ligand,-133.36
4w97_ligand,-214.032
4x8o_ligand,-282.624
4x6m_ligand,-188.502
4xip_ligand,-103.503
4xaq_ligand,-104.734
4xir_ligand,-121.85
4x8u_ligand,-75.988
4xiq_ligand,-115.843
4x5z_ligand,-107.16
4xk9_ligand,-193.05
4xmb_ligand,-142.106
4x5q_ligand,-111.518
4xit_ligand,-125.519
4xas_ligand,-113.814
4x6n_ligand,-194.447
4w9c_ligand,-128.186
4x8v_ligand,-178.869
4x6o_ligand,-191.907
4xmr_ligand,-64.021
4xu1_ligand,-242.065
4xu0_ligand,-244.169
4xoc_ligand,-89.935
4xo8_ligand,-86.63
4xty_ligand,-249.202
4xtz_ligand,-237.239
4x24_ligand,-131.582
4xtv_ligand,-255.181
4xtw_ligand,-237.363
4xtx_ligand,-241.864
4xy8_ligand,-96.313
4y0a_ligand,-61.91
4xar_ligand,-103.571
4xxh_ligand,-129.622
4x50_ligand,-94.558
4xt2_ligand,-130.63
4xya_ligand,-83.468
4xu2_ligand,-242.267
4xoe_ligand,-96.305
4y3y_ligand,-35.995
4yes_ligand,-151.806
4y4j_ligand,-25.777
4yb5_ligand,-83.369
4yho_ligand,-143.054
4y59_ligand,-105.158
4yhm_ligand,-135.907
4yc0_ligand,-83.113
4xu3_ligand,-224.903
4ykj_ligand,-55.835
4y8x_ligand,-194.153
4ymg_ligand,-193.091
4y79_ligand,-150.502
4yk0_ligand,-55.78
4ymh_ligand,-175.155
4y2q_ligand,-88.226
4ymb_ligand,-107.485
4ynl_ligand,-167.806
4ymq_ligand,-180.303
4z2b_ligand,-143.424
4ymx_ligand,-95.76
4yml_ligand,-123.974
4y3j_ligand,-44.0
4z0k_ligand,-121.348
4y5d_ligand,-125.586
4yzu_ligand,-121.31
4z07_ligand,-128.614
4ytc_ligand,-117.798
4z84_ligand,-115.772
4ysl_ligand,-81.719
4ybk_ligand,-178.827
4ynb_ligand,-144.242
4yth_ligand,-110.667
4zae_ligand,-149.081
4z93_ligand,-102.582
4zcs_ligand,-182.603
4zbi_ligand,-147.765
4zb6_ligand,-126.953
4zbf_ligand,-148.141
4zow_ligand,-73.89
4zip_ligand,-211.402
4zb8_ligand,-142.059
4zl4_ligand,-227.73
4z83_ligand,-129.857
4ykk_ligand,-51.552
4zec_ligand,-133.622
4zyf_ligand,-168.762
4zba_ligand,-136.615
4zt8_ligand,-39.996
4zeb_ligand,-169.41
4zv1_ligand,-96.764
4zei_ligand,-91.715
4zji_ligand,-130.685
4zzd_ligand,-85.985
5aan_ligand,-71.762
5a2i_ligand,-93.804
5aa9_ligand,-123.225
4zgk_ligand,-77.52
5a81_ligand,-89.609
4zek_ligand,-109.961
5acy_ligand,-103.676
4zzy_ligand,-134.844
5a5q_ligand,-52.651
4zzx_ligand,-98.89
4zls_ligand,-190.422
4zzz_ligand,-86.647
4zv2_ligand,-81.729
5ant_ligand,-99.196
4zvi_ligand,-91.648
5afv_ligand,-61.543
5a6x_ligand,-65.253
5aut_ligand,-100.8
5anu_ligand,-113.785
5a6k_ligand,-69.97
5ahw_ligand,-118.206
5bs4_ligand,-195.825
5boj_ligand,-89.263
5anv_ligand,-125.433
5bry_ligand,-193.854
5am6_ligand,-113.385
5btx_ligand,-85.865
5bw4_ligand,-169.201
5b5f_ligand,-113.72
5c1m_ligand,-149.634
5am7_ligand,-107.932
5b5g_ligand,-79.473
5cap_ligand,-139.532
5bwc_ligand,-95.954
5btv_ligand,-71.121
5alb_ligand,-190.23
5ave_ligand,-64.275
5aqz_ligand,-89.191
5ayt_ligand,-71.583
5b2d_ligand,-88.894
5avf_ligand,-61.196
5cau_ligand,-156.114
5cbr_ligand,-111.961
5cp5_ligand,-99.769
5caq_ligand,-137.878
5cep_ligand,-123.374
5cas_ligand,-157.344
5cj6_ligand,-98.333
5cqt_ligand,-87.566
5cso_ligand,-91.209
5ceq_ligand,-114.656
5cqu_ligand,-91.897
5cst_ligand,-117.535
5cks_ligand,-69.678
5cy9_ligand,-84.465
5ct2_ligand,-64.695
5c8n_ligand,-141.261
5chk_ligand,-101.4
5d3n_ligand,-84.548
5d3p_ligand,-93.938
5csp_ligand,-51.857
5cc2_ligand,-66.291
5d0r_ligand,-91.318
5cu4_ligand,-179.053
5d3l_ligand,-88.525
5d3h_ligand,-92.639
5cbs_ligand,-101.209
5d25_ligand,-88.209
5cp9_ligand,-35.38
5d3t_ligand,-89.285
5d26_ligand,-88.161
5dbm_ligand,-86.624
5d3j_ligand,-87.94
5d21_ligand,-75.28
5bv3_ligand,-145.493
5d0c_ligand,-104.57
5d6j_ligand,-136.704
5d47_ligand,-117.256
5cs6_ligand,-46.573
5d24_ligand,-107.157
5dfp_ligand,-151.138
5d3x_ligand,-61.48
5dqe_ligand,-74.457
5dey_ligand,-141.465
5dex_ligand,-92.069
5dlx_ligand,-119.045
5dqc_ligand,-259.575
5dkn_ligand,-88.031
5dus_ligand,-188.737
5duw_ligand,-65.53
5dgw_ligand,-198.718
5dq8_ligand,-90.196
5dyo_ligand,-116.066
5d45_ligand,-124.712
5cs3_ligand,-57.849
5dwr_ligand,-140.166
5dgu_ligand,-204.889
5dqf_ligand,-93.29
5e7n_ligand,-56.861
5dx4_ligand,-84.628
5e2o_ligand,-159.713
5e13_ligand,-81.351
5e74_ligand,-101.041
5e2p_ligand,-184.344
5e1s_ligand,-142.628
5dhu_ligand,-132.964
5d48_ligand,-161.732
5ect_ligand,-130.953
5edb_ligand,-75.774
5dit_ligand,-191.179
5dnu_ligand,-67.731
5dxt_ligand,-124.095
5egu_ligand,-113.12
5e8f_ligand,-144.388
5edc_ligand,-95.682
5edl_ligand,-84.183
5egm_ligand,-155.433
5efc_ligand,-80.461
5e2l_ligand,-69.527
5eng_ligand,-100.037
5e73_ligand,-98.207
5efa_ligand,-98.131
5en3_ligand,-69.813
5eis_ligand,-88.501
5ei3_ligand,-86.922
5e89_ligand,-108.358
5e6o_ligand,-155.325
5elw_ligand,-93.847
5er4_ligand,-53.951
5el9_ligand,-88.898
5etb_ligand,-59.516
5eu1_ligand,-121.971
5ehq_ligand,-227.863
5ehr_ligand,-139.938
5eqe_ligand,-80.066
5edd_ligand,-117.072
5evz_ligand,-118.508
5ewk_ligand,-104.928
5exn_ligand,-209.7
5ewy_ligand,-96.628
5epl_ligand,-236.953
5eqp_ligand,-69.835
5eq1_ligand,-63.303
5exm_ligand,-173.193
5er2_ligand,-254.635
5f1v_ligand,-83.497
5ey0_ligand,-99.228
5f2p_ligand,-71.414
5ey4_ligand,-78.566
5exw_ligand,-158.901
5f5z_ligand,-135.759
5f8y_ligand,-51.96
5f2r_ligand,-147.947
5f1x_ligand,-154.266
5f08_ligand,-148.455
5etj_ligand,-124.195
5f61_ligand,-142.816
5f0f_ligand,-150.348
5f25_ligand,-81.608
5f1r_ligand,-126.237
5f9b_ligand,-122.162
5f62_ligand,-110.054
5f74_ligand,-64.716
5ep7_ligand,-66.675
5er1_ligand,-151.626
5fck_ligand,-173.092
5fbi_ligand,-63.163
5f60_ligand,-102.06
5f1h_ligand,-126.106
5f2u_ligand,-226.959
5eyr_ligand,-166.325
5fe6_ligand,-72.481
5eqy_ligand,-105.976
5fh8_ligand,-104.981
5fh7_ligand,-108.575
5fho_ligand,-159.976
5fnf_ligand,-68.632
5fe9_ligand,-81.63
5fnd_ligand,-74.16
5fns_ligand,-123.357
5fhn_ligand,-166.942
5fnt_ligand,-136.128
5f63_ligand,-112.614
5fot_ligand,-117.018
5fnu_ligand,-150.695
5fox_ligand,-118.988
5fou_ligand,-122.463
5fog_ligand,-122.63
5fsn_ligand,-71.414
5fs5_ligand,-83.044
5fso_ligand,-42.673
5fsx_ligand,-129.924
5fsy_ligand,-199.094
5fut_ligand,-112.033
5fov_ligand,-110.344
5fto_ligand,-164.304
5fyx_ligand,-84.744
5g45_ligand,-55.764
5g1z_ligand,-77.955
5g2g_ligand,-81.273
5fnc_ligand,-80.838
5fpk_ligand,-129.145
5g5f_ligand,-70.3
5g46_ligand,-54.063
5ftg_ligand,-136.122
5h5f_ligand,-183.964
5h85_ligand,-71.542
5h8e_ligand,-151.964
5fe7_ligand,-75.177
5g60_ligand,-130.941
5gs9_ligand,-99.657
5ha1_ligand,-122.045
5fol_ligand,-140.897
5gmh_ligand,-128.516
5h9r_ligand,-91.017
5hct_ligand,-114.407
5h8g_ligand,-144.984
5fsc_ligand,-54.51
5hbs_ligand,-127.906
5hcy_ligand,-182.744
5hbn_ligand,-48.322
5g5z_ligand,-125.448
5hwu_ligand,-94.314
5fnr_ligand,-99.086
5hrw_ligand,-87.395
5hrx_ligand,-92.172
5hz6_ligand,-104.056
5hu9_ligand,-248.944
5gsa_ligand,-114.642
5hz5_ligand,-113.739
5hrv_ligand,-90.978
5i7x_ligand,-99.896
5i1q_ligand,-131.146
5hcv_ligand,-142.459
5hz9_ligand,-70.634
5hz8_ligand,-92.349
5htz_ligand,-121.774
5i7y_ligand,-121.546
5i3x_ligand,-191.531
5i9x_ligand,-127.248
5i3w_ligand,-161.382
5i9z_ligand,-129.346
5i29_ligand,-110.355
5ia1_ligand,-104.029
5hvt_ligand,-100.727
5i9y_ligand,-141.286
5i2f_ligand,-119.904
5i88_ligand,-116.367
5ia0_ligand,-127.603
5ia5_ligand,-224.815
5ih9_ligand,-128.404
5ia2_ligand,-139.814
5ihh_ligand,-83.685
5ii2_ligand,-86.915
5ie1_ligand,-120.953
5ia4_ligand,-223.239
5ia3_ligand,-132.711
5ijr_ligand,-49.671
5ipj_ligand,-110.606
5ioz_ligand,-107.484
5ito_ligand,-117.391
5itp_ligand,-118.887
5ipc_ligand,-156.984
5ime_ligand,-136.757
5i3v_ligand,-138.146
5i2e_ligand,-181.744
5i80_ligand,-93.927
5hjq_ligand,-42.532
5ive_ligand,-72.638
5iyy_ligand,-70.707
5i3y_ligand,-190.679
5hvs_ligand,-116.805
5izj_ligand,-164.081
5ivv_ligand,-58.818
5ivy_ligand,-74.293
5ivc_ligand,-77.612
5izf_ligand,-211.57
5ikb_ligand,-90.749
5j1x_ligand,-68.741
5j7q_ligand,-54.42
5j6l_ligand,-117.329
5j3l_ligand,-106.794
5j8u_ligand,-88.398
5j1r_ligand,-102.715
5j6n_ligand,-114.05
5j6m_ligand,-124.581
5j6a_ligand,-113.232
5j7w_ligand,-98.376
5j20_ligand,-128.405
5j41_ligand,-141.696
5igm_ligand,-119.702
5j2x_ligand,-88.176
5jfu_ligand,-234.849
5j0d_ligand,-110.059
5isz_ligand,-306.91
5j9x_ligand,-114.704
5j82_ligand,-112.961
5jg1_ligand,-229.968
5ja0_ligand,-136.776
5j8m_ligand,-84.357
5jq5_ligand,-147.907
5jgq_ligand,-62.212
5jox_ligand,-55.879
5jsg_ligand,-132.415
5jgi_ligand,-61.939
5k0h_ligand,-184.894
5k8s_ligand,-142.838
5k03_ligand,-103.725
5ji8_ligand,-50.578
5j64_ligand,-91.288
5jfp_ligand,-217.305
5jy3_ligand,-149.461
5j27_ligand,-114.117
5j86_ligand,-133.011
5jhk_ligand,-70.78
5jsq_ligand,-101.021
5k0m_ligand,-136.666
5ka9_ligand,-84.623
5kcb_ligand,-93.91
5jsj_ligand,-165.68
5kab_ligand,-81.47
5kax_ligand,-141.222
5ka7_ligand,-106.463
5jhb_ligand,-104.392
5ka1_ligand,-104.671
5k9w_ligand,-103.046
5kej_ligand,-97.457
5khm_ligand,-152.54
5kad_ligand,-102.678
5km9_ligand,-81.542
5kby_ligand,-103.38
5kat_ligand,-100.601
5kqx_ligand,-214.065
5ko1_ligand,-113.155
5kr1_ligand,-178.155
5l2s_ligand,-148.624
5kz0_ligand,-123.907
5kr0_ligand,-172.802
5kqy_ligand,-190.258
5l7e_ligand,-117.377
5kva_ligand,-176.521
5kma_ligand,-130.999
5l4m_ligand,-44.493
5l7h_ligand,-140.818
5ko5_ligand,-49.489
5l9i_ligand,-115.791
5l7g_ligand,-152.404
5lli_ligand,-152.239
5l4i_ligand,-80.137
5lne_ligand,-73.987
5l9g_ligand,-106.027
5ldp_ligand,-74.129
5kly_ligand,-164.3
5l30_ligand,-167.588
5lom_ligand,-150.883
5lsg_ligand,-130.691
5lsh_ligand,-132.229
5l8a_ligand,-129.529
5ld8_ligand,-113.094
5ltn_ligand,-6.845
5lso_ligand,-167.567
5l9o_ligand,-136.749
5l3a_ligand,-60.493
5l4j_ligand,-53.398
5l9l_ligand,-107.637
5kr2_ligand,-202.033
5lvl_ligand,-88.15
5lyr_ligand,-110.389
5lz4_ligand,-116.501
5ldm_ligand,-63.376
5lud_ligand,-36.943
5m04_ligand,-120.42
5lz7_ligand,-122.753
5m7s_ligand,-89.969
5m7u_ligand,-119.41
5lz5_ligand,-129.404
5lvq_ligand,-93.042
5lwm_ligand,-141.014
5mg2_ligand,-124.62
5m25_ligand,-136.874
5lvr_ligand,-51.562
5lny_ligand,-139.561
5mes_ligand,-139.703
5mge_ligand,-61.171
5m5d_ligand,-103.351
5m23_ligand,-134.76
5m17_ligand,-109.717
5m28_ligand,-126.77
5meh_ligand,-46.6
5mgj_ligand,-56.553
5mby_ligand,-53.374
5mgf_ligand,-46.373
5mmg_ligand,-89.758
5mlj_ligand,-111.113
5mme_ligand,-92.554
5mgk_ligand,-49.235
5mek_ligand,-175.34
5mpk_ligand,-96.552
5mpz_ligand,-51.269
5mks_ligand,-110.156
5mkr_ligand,-111.481
5mo8_ligand,-174.14
5mpn_ligand,-72.247
5mnn_ligand,-69.077
5mn1_ligand,-43.954
5mqe_ligand,-45.613
5mod_ligand,-65.703
5mwh_ligand,-123.275
5my8_ligand,-186.309
5n1z_ligand,-126.897
5mrb_ligand,-167.085
5n9r_ligand,-188.375
5mz8_ligand,-51.924
5mwy_ligand,-162.748
5mwp_ligand,-144.718
5neb_ligand,-94.584
5n99_ligand,-143.279
5n84_ligand,-109.897
5n6s_ligand,-116.549
5ne5_ligand,-69.374
5mxf_ligand,-68.596
5n93_ligand,-105.353
5nap_ligand,-130.19
5nbw_ligand,-122.82
5njz_ligand,-130.016
5ndf_ligand,-52.547
5nk8_ligand,-139.15
5nih_ligand,-95.885
5n17_ligand,-84.676
5nk6_ligand,-133.759
5nk2_ligand,-143.763
5nk9_ligand,-126.062
5nkg_ligand,-135.722
5nkb_ligand,-153.6
5nka_ligand,-131.981
5n18_ligand,-92.407
5nkc_ligand,-134.964
5nkd_ligand,-134.863
5ngz_ligand,-48.812
5nlk_ligand,-114.119
5nk4_ligand,-137.374
5nn5_ligand,-58.929
5nkh_ligand,-138.976
5nw0_ligand,-154.455
5nvx_ligand,-154.661
5nw1_ligand,-151.949
5nau_ligand,-121.682
5nk7_ligand,-131.07
5nvw_ligand,-155.686
5nki_ligand,-141.432
5nk3_ligand,-139.063
5nvv_ligand,-145.686
5nz4_ligand,-88.541
5nw2_ligand,-158.089
5nwi_ligand,-101.861
5nn6_ligand,-74.146
5nyh_ligand,-135.979
5nze_ligand,-90.685
5nwe_ligand,-84.318
5o5a_ligand,-117.654
5o2d_ligand,-144.058
5nzf_ligand,-86.72
5o9p_ligand,-157.303
5nzn_ligand,-87.326
5o9o_ligand,-153.601
5o9y_ligand,-161.027
5oa6_ligand,-159.784
5o58_ligand,-152.673
5o9r_ligand,-147.03
5o9q_ligand,-153.235
5o87_ligand,-84.476
5ogb_ligand,-124.689
5odx_ligand,-139.066
5oku_ligand,-67.388
5oaj_ligand,-55.276
5obg_ligand,-139.883
5om2_ligand,-117.528
5oei_ligand,-65.634
5op5_ligand,-118.29
5om7_ligand,-131.727
5oqu_ligand,-89.588
5oot_ligand,-137.331
5op4_ligand,-117.229
5om3_ligand,-122.51
5oht_ligand,-79.662
5org_ligand,-120.6
5ork_ligand,-85.614
5ohy_ligand,-72.703
5os5_ligand,-59.135
5orj_ligand,-92.903
5os4_ligand,-70.95
5orw_ligand,-63.058
5osl_ligand,-56.886
5orv_ligand,-37.161
5orh_ligand,-74.71
5ose_ligand,-29.886
5oss_ligand,-80.609
5ost_ligand,-76.417
5ovc_ligand,-191.796
5oq8_ligand,-149.316
5ot9_ligand,-93.877
5ota_ligand,-99.023
5os2_ligand,-59.676
5ov8_ligand,-114.788
5otc_ligand,-84.966
5os8_ligand,-65.067
5ovv_ligand,-180.251
5ot8_ligand,-120.316
5os7_ligand,-115.489
5otz_ligand,-100.581
5ovp_ligand,-180.588
5otr_ligand,-91.859
5ovr_ligand,-95.435
5qqp_ligand,-205.852
5sym_ligand,-152.107
5qa8_ligand,-42.481
5t7s_ligand,-61.465
5qay_ligand,-38.736
5qtt_ligand,-202.281
5t8p_ligand,-91.231
5owl_ligand,-48.646
5sxm_ligand,-162.863
5ovx_ligand,-97.439
5qal_ligand,-39.599
5oxk_ligand,-59.525
5ta4_ligand,-116.363
5t19_ligand,-118.484
5t9z_ligand,-123.004
5tb6_ligand,-75.284
5tmp_ligand,-195.027
5tkj_ligand,-172.228
5std_ligand,-119.644
5tpx_ligand,-132.405
5t9u_ligand,-111.701
5tkk_ligand,-190.998
5t9w_ligand,-108.637
5t8o_ligand,-113.208
5twj_ligand,-137.378
5u0z_ligand,-70.758
5ta2_ligand,-128.102
5u0y_ligand,-54.924
5u28_ligand,-98.032
5u8c_ligand,-111.746
5tcj_ligand,-104.212
5u4b_ligand,-75.124
5u4d_ligand,-69.937
5ttw_ligand,-123.45
5u0w_ligand,-59.205
5tbm_ligand,-117.061
5u6j_ligand,-154.993
5tef_ligand,-95.53
5u11_ligand,-76.73
5u14_ligand,-124.015
5tbe_ligand,-196.333
5u12_ligand,-90.108
5u13_ligand,-95.664
5uf0_ligand,-63.48
5ult_ligand,-186.594
5ueu_ligand,-98.675
5uc4_ligand,-102.906
5ucj_ligand,-116.794
5umx_ligand,-112.64
5ula_ligand,-74.253
5uff_ligand,-82.791
5ulp_ligand,-162.024
5uov_ligand,-222.589
5uez_ligand,-87.802
5uoo_ligand,-105.632
5ufr_ligand,-139.941
5ufc_ligand,-111.754
5ufs_ligand,-171.167
5uv2_ligand,-53.896
5upz_ligand,-202.718
5ufp_ligand,-127.158
5uxf_ligand,-167.148
5v79_ligand,-93.581
5v7a_ligand,-65.634
5v0n_ligand,-249.147
5vb5_ligand,-165.005
5vb6_ligand,-175.764
5uk8_ligand,-127.101
5vd0_ligand,-162.552
5v82_ligand,-126.474
5vb7_ligand,-171.905
5upf_ligand,-156.009
5vcy_ligand,-137.874
5upe_ligand,-149.137
5ut6_ligand,-100.965
5vc3_ligand,-144.048
5vja_ligand,-85.567
5vcv_ligand,-157.97
5upj_ligand,-100.402
5vc4_ligand,-147.728
5vd2_ligand,-124.961
5vl2_ligand,-124.314
5vcz_ligand,-145.129
5vd3_ligand,-155.798
5vo1_ligand,-123.301
5vh0_ligand,-85.493
5w44_ligand,-49.239
5vih_ligand,-98.158
5vyy_ligand,-106.175
5wa8_ligand,-136.006
5vd1_ligand,-151.74
5wa5_ligand,-102.963
5vm0_ligand,-119.171
5var_ligand,-87.205
5vcw_ligand,-128.571
5w1e_ligand,-56.808
5w2s_ligand,-105.39
5vij_ligand,-101.637
5wal_ligand,-113.546
5umy_ligand,-142.618
5we9_ligand,-44.956
5wa9_ligand,-141.079
5wmg_ligand,-106.959
5vr8_ligand,-180.262
5vsj_ligand,-121.398
5wlo_ligand,-231.605
5wuk_ligand,-110.741
5wl0_ligand,-133.577
5wp5_ligand,-162.843
5win_ligand,-97.964
5x62_ligand,-166.69
5xo7_ligand,-125.011
5wqc_ligand,-112.268
5wbm_ligand,-100.748
5x74_ligand,-203.991
5wij_ligand,-105.809
5xmx_ligand,-175.821
5x54_ligand,-158.775
5xva_ligand,-124.122
5wbo_ligand,-87.349
5wyz_ligand,-129.556
5xg5_ligand,-54.144
5y13_ligand,-73.806
5xpi_ligand,-50.67
5yfs_ligand,-127.557
5yas_ligand,-45.717
5yhe_ligand,-114.217
5y8y_ligand,-74.771
5yj8_ligand,-48.816
5ya5_ligand,-125.868
5y94_ligand,-74.285
5ymx_ligand,-146.613
5yyf_ligand,-201.383
5yh8_ligand,-116.115
5yqx_ligand,-88.362
5xsr_ligand,-104.226
5yhg_ligand,-111.54
5yft_ligand,-125.987
5yl2_ligand,-156.956
5wyx_ligand,-116.973
5z5f_ligand,-65.153
5zae_ligand,-101.29
5z66_ligand,-145.634
5z7j_ligand,-116.447
5zaj_ligand,-112.26
5z7b_ligand,-67.935
5za7_ligand,-85.368
5za8_ligand,-98.758
5z99_ligand,-113.351
5zag_ligand,-95.007
5zni_ligand,-97.721
5yz2_ligand,-83.66
5zvw_ligand,-161.795
5zdb_ligand,-194.477
5znc_ligand,-134.493
5zc5_ligand,-121.382
5zyg_ligand,-111.898
6a87_ligand,-72.364
5zg1_ligand,-149.86
5zym_ligand,-121.246
5zo8_ligand,-152.579
5zaf_ligand,-100.331
5y12_ligand,-89.055
5zhl_ligand,-135.134
6abx_ligand,-53.835
5zw6_ligand,-157.238
5zkc_ligand,-135.703
6aro_ligand,-88.068
5zyl_ligand,-129.86
6ayi_ligand,-119.309
6ajz_ligand,-86.739
6ajy_ligand,-67.774
6ayq_ligand,-130.339
6as8_ligand,-105.04
6ajv_ligand,-64.103
6ayt_ligand,-130.374
6b1k_ligand,-107.139
6aqs_ligand,-90.212
6arm_ligand,-87.317
6bbx_ligand,-115.882
6ays_ligand,-141.022
6b7a_ligand,-50.515
6b4u_ligand,-154.902
6ajr_ligand,-54.439
6ayo_ligand,-125.492
6aox_ligand,-86.205
6arn_ligand,-87.27
6b5q_ligand,-204.495
6ayr_ligand,-131.571
6cbf_ligand,-111.843
6c7q_ligand,-105.25
6bhv_ligand,-177.17
6c0s_ligand,-223.355
6b4l_ligand,-130.811
6b7b_ligand,-50.81
6bdy_ligand,-107.787
6bm5_ligand,-114.39
6c9s_ligand,-170.496
6c85_ligand,-23.886
6bm6_ligand,-110.724
6c2r_ligand,-145.887
6c9v_ligand,-184.293
6cbg_ligand,-82.678
6bs4_ligand,-136.508
6cdj_ligand,-229.589
6bs3_ligand,-110.191
6cdo_ligand,-187.425
6cdl_ligand,-229.528
6ckr_ligand,-112.963
6cjr_ligand,-151.229
6cks_ligand,-124.95
6cdp_ligand,-207.297
6chp_ligand,-146.189
6cjs_ligand,-144.274
6ckw_ligand,-156.478
6cvv_ligand,-55.27
6cq1_ligand,-124.006
6cpw_ligand,-239.38
6cwh_ligand,-116.391
6czb_ligand,-49.741
6cze_ligand,-54.107
6cfc_ligand,-141.173
6cn5_ligand,-191.348
6czf_ligand,-96.815
6d18_ligand,-63.547
6d9x_ligand,-94.891
6d9s_ligand,-110.538
6d19_ligand,-61.572
6cvf_ligand,-86.803
6d17_ligand,-67.87
6d5e_ligand,-145.611
6d15_ligand,-57.23
6dai_ligand,-103.433
6dak_ligand,-128.036
6d5g_ligand,-140.084
6d55_ligand,-150.97
6cwn_ligand,-131.364
6dar_ligand,-152.124
6d78_ligand,-286.308
6det_ligand,-91.299
6d5h_ligand,-152.402
6czc_ligand,-84.699
6d16_ligand,-62.658
6d5j_ligand,-126.184
6dgr_ligand,-94.477
6d50_ligand,-65.011
6d3q_ligand,-64.971
6dgl_ligand,-143.146
6dif_ligand,-201.392
6dh2_ligand,-188.064
6dpy_ligand,-85.963
6dj2_ligand,-234.396
6d56_ligand,-154.557
6dpt_ligand,-92.21
6dl2_ligand,-88.2
6dpx_ligand,-87.244
6dy7_ligand,-89.796
6dh6_ligand,-182.688
6dh7_ligand,-185.345
6dh1_ligand,-177.646
6dh8_ligand,-191.03
6dj7_ligand,-177.349
6dyr_ligand,-87.546
6dyw_ligand,-163.556
6dys_ligand,-93.145
6dyn_ligand,-40.423
6dpz_ligand,-74.784
6dyv_ligand,-134.49
6dq4_ligand,-105.768
6dz0_ligand,-129.595
6dyz_ligand,-123.68
6e5t_ligand,-108.847
6dil_ligand,-194.435
6dj1_ligand,-232.22
6e6m_ligand,-113.969
6e7j_ligand,-200.051
6dz2_ligand,-164.349
6dj5_ligand,-197.972
6e5l_ligand,-123.267
6dyy_ligand,-155.608
6e4a_ligand,-105.962
6e1z_ligand,-83.713
6dz3_ligand,-141.533
6dzx_ligand,-56.586
6e1y_ligand,-133.314
6e9a_ligand,-200.266
6eiq_ligand,-126.607
6e23_ligand,-175.46
6ei5_ligand,-115.406
6e7t_ligand,-161.005
6eir_ligand,-120.864
6el5_ligand,-115.57
6eif_ligand,-88.095
6e7r_ligand,-142.088
6ej2_ligand,-123.853
6eog_ligand,-100.568
6eln_ligand,-107.193
6elo_ligand,-110.844
6eiz_ligand,-64.047
6e22_ligand,-123.261
6ep4_ligand,-81.313
6edr_ligand,-68.369
6eol_ligand,-92.56
6eij_ligand,-124.296
6dyu_ligand,-130.641
6epa_ligand,-84.464
6eqp_ligand,-94.441
6elp_ligand,-113.089
6eis_ligand,-133.361
6eq8_ligand,-108.874
6eq7_ligand,-75.014
6eq2_ligand,-52.756
6euw_ligand,-126.045
6eux_ligand,-104.043
6evn_ligand,-113.463
6eq5_ligand,-48.383
6ej3_ligand,-119.331
6eqv_ligand,-194.011
6ey8_ligand,-118.368
6ekq_ligand,-73.816
6epz_ligand,-113.074
6exs_ligand,-95.126
6eqw_ligand,-209.195
6eqx_ligand,-228.145
6eq3_ligand,-81.907
6eyt_ligand,-144.381
6f1n_ligand,-129.446
6eyb_ligand,-125.146
6f20_ligand,-66.144
6exi_ligand,-91.797
6fa4_ligand,-118.003
6eq1_ligand,-211.559
6f05_ligand,-81.087
6eya_ligand,-130.25
6fba_ligand,-69.062
6fcj_ligand,-88.112
6ey9_ligand,-128.292
6fgg_ligand,-73.523
6f9g_ligand,-46.677
6faa_ligand,-101.336
6fhk_ligand,-132.946
6ezq_ligand,-123.055
6f90_ligand,-62.818
6fs1_ligand,-168.451
6fmj_ligand,-133.551
6fnr_ligand,-50.632
6fnq_ligand,-71.835
6fni_ligand,-210.268
6f92_ligand,-64.829
6fs0_ligand,-177.548
6fuj_ligand,-100.764
6exj_ligand,-188.355
6fuh_ligand,-139.295
6fsy_ligand,-83.123
6fui_ligand,-150.368
6fo5_ligand,-121.639
6ftf_ligand,-134.298
6g0z_ligand,-134.866
6g2o_ligand,-111.551
6g2f_ligand,-106.956
6fnj_ligand,-194.471
6g2c_ligand,-92.131
6g2e_ligand,-91.079
6fz4_ligand,-76.154
6g2r_ligand,-105.337
6g3a_ligand,-90.167
6g25_ligand,-89.693
6g9i_ligand,-77.275
6g2s_ligand,-105.252
6fmc_ligand,-92.896
6fng_ligand,-194.357
6g24_ligand,-68.646
6g14_ligand,-144.125
6g29_ligand,-91.929
6gf9_ligand,-76.795
6g2m_ligand,-160.049
6g2l_ligand,-158.85
6ftz_ligand,-104.913
6g39_ligand,-90.775
6g34_ligand,-89.335
6ghh_ligand,-62.552
6gfs_ligand,-72.517
6g38_ligand,-88.598
6gfz_ligand,-150.201
6gj6_ligand,-110.971
6g9x_ligand,-31.966
6g27_ligand,-97.743
6gjj_ligand,-94.998
6ge7_ligand,-79.434
6gjr_ligand,-109.806
6gjn_ligand,-143.753
6fh3_ligand,-70.078
6ftp_ligand,-115.271
6fnf_ligand,-196.921
6g37_ligand,-95.076
6g2b_ligand,-84.093
6gjl_ligand,-93.13
6glb_ligand,-138.775
6gl9_ligand,-138.41
6gjm_ligand,-95.793
6ghj_ligand,-70.743
6gji_ligand,-94.429
6gg4_ligand,-75.732
6guh_ligand,-121.216
6gl8_ligand,-165.23
6gj8_ligand,-123.464
6gnp_ligand,-26.02
6guk_ligand,-123.616
6gnw_ligand,-50.629
6gnm_ligand,-65.572
6gue_ligand,-120.848
6gvf_ligand,-82.576
6gnr_ligand,-57.573
6h8s_ligand,-84.406
6gwr_ligand,-188.991
6gw4_ligand,-118.086
6gzd_ligand,-111.899
6h2t_ligand,-75.3
6h1u_ligand,-63.685
6hai_ligand,-267.801
6gxg_ligand,-60.503
6gvz_ligand,-123.121
6hh3_ligand,-169.455
6h1d_ligand,-177.256
6hay_ligand,-291.543
6hgr_ligand,-100.486
6hhr_ligand,-97.354
6guc_ligand,-104.053
6gwe_ligand,-167.01
6hk3_ligand,-120.137
6hk4_ligand,-116.723
6gzm_ligand,-120.301
6hh5_ligand,-157.9
6gon_ligand,-92.953
6hmg_ligand,-99.922
6hax_ligand,-283.244
6gla_ligand,-134.431
6hni_ligand,-79.601
6hgi_ligand,-120.184
6hly_ligand,-109.897
6hq7_ligand,-139.913
6hr2_ligand,-283.278
6ht1_ligand,-123.726
6i8m_ligand,-130.929
6hm1_ligand,-119.928
6i5g_ligand,-104.918
6hza_ligand,-218.848
6i8t_ligand,-114.718
6hzy_ligand,-75.476
6hgf_ligand,-126.879
6hoq_ligand,-71.352
6i11_ligand,-131.746
6hgs_ligand,-116.122
6i14_ligand,-142.294
6hzb_ligand,-209.684
6i13_ligand,-134.393
6i12_ligand,-135.719
6i17_ligand,-156.554
6i61_ligand,-107.116
6i8y_ligand,-95.566
6idb_ligand,-93.179
6i65_ligand,-64.222
6hgg_ligand,-120.873
6hpw_ligand,-126.403
6i0z_ligand,-69.801
6iht_ligand,-49.23
6i64_ligand,-94.219
6iez_ligand,-130.226
6if0_ligand,-136.128
6ift_ligand,-203.948
6ibk_ligand,-59.27
6idg_ligand,-129.377
6j0g_ligand,-57.039
6j1l_ligand,-164.602
6j3p_ligand,-128.241
6ior_ligand,-61.331
6ios_ligand,-65.991
6i63_ligand,-102.418
6i62_ligand,-95.8
6j0o_ligand,-112.316
6j9y_ligand,-142.867
6im4_ligand,-156.345
6i67_ligand,-72.523
6i66_ligand,-67.896
6jad_ligand,-149.144
6j9w_ligand,-142.91
6jag_ligand,-149.564
6iou_ligand,-54.486
6jan_ligand,-138.655
6jao_ligand,-143.231
6ixd_ligand,-252.583
6jay_ligand,-75.331
6jam_ligand,-136.674
6j72_ligand,-163.286
6jaq_ligand,-71.685
6jb0_ligand,-116.636
6jap_ligand,-143.223
6jbb_ligand,-126.348
6jdl_ligand,-113.259
6jof_ligand,-123.127
6j3o_ligand,-97.285
6jon_ligand,-115.721
6k04_ligand,-109.471
6jfk_ligand,-152.001
6jtc_ligand,-59.162
6k3l_ligand,-92.95
6jdi_ligand,-122.413
6jav_ligand,-67.643
6jbe_ligand,-64.007
6kjd_ligand,-147.787
6md0_ligand,-102.94
6jb4_ligand,-124.36
6i18_ligand,-150.545
6j7e_ligand,-102.049
6mh1_ligand,-104.728
6md6_ligand,-72.562
6ma2_ligand,-97.304
6ma3_ligand,-109.563
6mkw_ligand,-72.618
6mle_ligand,-97.684
6ma4_ligand,-109.655
6mjf_ligand,-162.615
6ma5_ligand,-110.123
6mlj_ligand,-95.231
6mln_ligand,-97.262
6mg5_ligand,-105.157
6mll_ligand,-77.384
6mla_ligand,-92.08
6jaw_ligand,-90.1
6mm2_ligand,-169.912
6mli_ligand,-65.992
6mh7_ligand,-107.259
6mxc_ligand,-111.891
6mu3_ligand,-130.036
6mqc_ligand,-251.08
6n3w_ligand,-125.046
6n3v_ligand,-119.841
6ml9_ligand,-97.94
6mlo_ligand,-95.571
6mnv_ligand,-83.581
6mub_ligand,-109.726
6mnc_ligand,-96.729
6mlp_ligand,-76.76
6msy_ligand,-122.97
6mku_ligand,-96.525
6mlg_ligand,-88.332
6mqe_ligand,-253.196
6n8x_ligand,-118.236
6n7a_ligand,-133.314
6ne5_ligand,-176.441
6n7b_ligand,-130.303
6n5x_ligand,-29.705
6n3y_ligand,-151.149
6n79_ligand,-132.132
6nfh_ligand,-123.646
6ndl_ligand,-208.892
6nfy_ligand,-120.996
6n3x_ligand,-130.337
6n7d_ligand,-145.539
6nw3_ligand,-237.996
6np3_ligand,-116.238
6nsv_ligand,-147.399
6np2_ligand,-118.277
6no9_ligand,-135.053
6n78_ligand,-141.66
6nco_ligand,-83.716
6o0k_ligand,-207.753
6ny0_ligand,3.833
6o0o_ligand,-155.151
6ncn_ligand,-60.177
6nv7_ligand,-218.345
6nwk_ligand,-158.447
6nxz_ligand,-22.03
6o0m_ligand,-202.869
6o0p_ligand,-201.896
6o5x_ligand,-288.638
6nyv_ligand,-110.898
6nv9_ligand,-234.501
6nu5_ligand,-42.0
6nmb_ligand,-68.493
6oja_ligand,-58.084
6o9c_ligand,-222.054
6oqb_ligand,-194.707
6ooy_ligand,-116.499
6orr_ligand,-256.886
6otg_ligand,-195.839
6nwl_ligand,-148.902
6oqd_ligand,-190.173
6o5a_ligand,-252.48
6om8_ligand,-182.608
6olx_ligand,-119.197
6o5u_ligand,-107.065
6p5o_ligand,-51.521
6o95_ligand,-152.503
6p84_ligand,-114.151
6p3v_ligand,-104.377
6p8a_ligand,-144.616
6p83_ligand,-121.373
6p88_ligand,-124.988
6p3t_ligand,-130.672
6p86_ligand,-152.12
6pg3_ligand,-69.889
6p9e_ligand,-99.029
6o94_ligand,-172.275
6oqc_ligand,-192.347
6pg4_ligand,-57.318
6pg9_ligand,-104.116
6nu1_ligand,-37.177
6pg7_ligand,-110.895
6pgc_ligand,-112.477
6p89_ligand,-130.6
6pg5_ligand,-109.836
6pga_ligand,-95.664
6pg6_ligand,-94.325
6p85_ligand,-107.845
6pg8_ligand,-102.417
6o48_ligand,-265.266
6pvv_ligand,-51.698
6phx_ligand,-135.942
6pgb_ligand,-114.659
6poi_ligand,-85.715
6pge_ligand,-83.166
6pu3_ligand,-102.984
6ppy_ligand,-93.255
6p87_ligand,-134.509
6plf_ligand,-141.119
6q3z_ligand,-113.884
6ouv_ligand,-175.727
6pi5_ligand,-53.437
6pvz_ligand,-80.528
6q3y_ligand,-110.298
6pvw_ligand,-81.136
6qge_ligand,-96.201
6q3q_ligand,-134.735
6pl1_ligand,-174.718
6qas_ligand,-138.417
6qav_ligand,-166.447
6q4e_ligand,-46.7
6py0_ligand,-98.108
6pi6_ligand,-61.546
6qe5_ligand,-180.876
6qgf_ligand,-93.648
6qln_ligand,-89.647
6qlq_ligand,-89.515
6qlo_ligand,-88.454
6qlr_ligand,-87.816
6qi7_ligand,-70.153
6qls_ligand,-84.999
6qi4_ligand,-57.059
6qlp_ligand,-90.704
6qe0_ligand,-150.923
6qau_ligand,-154.615
6qlt_ligand,-84.731
6qmk_ligand,-141.66
6qgg_ligand,-203.451
6pve_ligand,-245.925
6qgh_ligand,-232.105
6qqu_ligand,-106.263
6qr3_ligand,-149.127
6qr1_ligand,-140.777
6qr2_ligand,-142.707
6qpl_ligand,-97.583
6qlu_ligand,-88.69
6qqq_ligand,-148.343
6q4g_ligand,-82.797
6qr0_ligand,-147.037
6qqz_ligand,-139.936
6qz5_ligand,-103.98
6qqw_ligand,-132.788
6qrc_ligand,-144.37
6r9x_ligand,-92.02
6qr9_ligand,-150.693
6r1b_ligand,-90.738
6qr7_ligand,-149.945
6r8l_ligand,-165.926
6qqv_ligand,-139.431
6r8o_ligand,-165.001
6quv_ligand,-83.465
6rot_ligand,-171.222
6s4t_ligand,-191.108
6rtw_ligand,-169.19
6rnt_ligand,-77.1
6r4k_ligand,-91.06
6sbt_ligand,-82.989
6sge_ligand,-210.699
6s56_ligand,-120.158
6s57_ligand,-131.956
6s5k_ligand,-181.705
6st0_ligand,-73.273
6rih_ligand,-114.729
6t1l_ligand,-113.662
6szp_ligand,-93.197
6stl_ligand,-62.514
6t1m_ligand,-124.835
6t1j_ligand,-111.219
6t1n_ligand,-126.381
6u6w_ligand,-81.922
6std_ligand,-102.972
6u5y_ligand,-113.419
6ud2_ligand,-220.536
6u8o_ligand,-100.271
6u8b_ligand,-84.811
6t1o_ligand,-121.364
6r9u_ligand,-89.5
6ssy_ligand,-68.722
6udv_ligand,-199.25
6prf_ligand,-206.148
6qr4_ligand,-145.253
6qmj_ligand,-136.316
6t1i_ligand,-107.83
6ueg_ligand,-92.243
6udt_ligand,-198.055
184l_ligand,-71.509
6r8w_ligand,-160.127
6udu_ligand,-194.116
186l_ligand,-66.695
8a3h_ligand,-112.56
185l_ligand,-62.37
10gs_ligand,-114.905
7std_ligand,-100.113
7upj_ligand,-134.385
6upj_ligand,-87.008
188l_ligand,-54.332
6s4n_ligand,-192.318
6udi_ligand,-202.883
187l_ligand,-55.639
