ligand,pK(dvinarf20)
1a4w_ligand,6.54
1afk_ligand,5.08
1a30_ligand,4.83
1aaq_ligand,6.9
1a9m_ligand,7.21
1adl_ligand,6.51
1a1e_ligand,5.15
1a94_ligand,7.36
1add_ligand,5.94
1a28_ligand,8.86
1a4r_ligand,4.92
1a99_ligand,4.59
1a4k_ligand,6.57
1a9q_ligand,4.02
1afl_ligand,3.01
1aid_ligand,5.49
1ajx_ligand,8.54
1ajv_ligand,8.57
1aj7_ligand,4.61
1a69_ligand,5.23
1alw_ligand,3.68
1ai4_ligand,3.53
1ajq_ligand,3.71
1ai7_ligand,3.66
1ajn_ligand,3.7
1ajp_ligand,3.56
1ado_ligand,4.17
1ai5_ligand,4.3
1apv_ligand,8.21
1amw_ligand,4.17
1amk_ligand,2.82
1avn_ligand,1.12
1atl_ligand,4.7
1atr_ligand,5.38
1ax0_ligand,3.62
1azm_ligand,5.39
1b0h_ligand,7.23
1b1h_ligand,6.93
1b2h_ligand,5.75
1b3f_ligand,6.34
1b3h_ligand,6.68
1b3l_ligand,6.07
1b4h_ligand,5.71
1b3g_ligand,6.56
1b5h_ligand,5.78
1b4z_ligand,5.81
1b5i_ligand,6.67
1b5j_ligand,6.92
1b6j_ligand,8.65
1b05_ligand,6.36
1b6k_ligand,8.44
1b6h_ligand,6.94
1b6l_ligand,8.45
1b8y_ligand,8.01
1b8n_ligand,6.98
1b8o_ligand,6.99
1b38_ligand,4.99
1b7h_ligand,6.54
1bai_ligand,7.28
1b9j_ligand,6.7
1b32_ligand,6.49
1b46_ligand,6.48
1b40_ligand,6.93
1b51_ligand,6.53
1b52_ligand,6.71
1bcd_ligand,6.02
1b58_ligand,7.02
1b57_ligand,5.38
1bcu_ligand,4.95
1bhf_ligand,4.98
1b55_ligand,5.94
1bdq_ligand,7.94
1bgq_ligand,7.09
1bju_ligand,5.96
1bhx_ligand,7.34
1bjv_ligand,5.82
1bma_ligand,5.83
1bn1_ligand,7.56
1bn3_ligand,7.12
1bn4_ligand,6.93
1bm7_ligand,6.69
1bnn_ligand,7.31
1bnq_ligand,7.33
1bnt_ligand,9.14
1bnu_ligand,8.22
1bnv_ligand,6.56
1bnw_ligand,5.69
1bty_ligand,4.18
1bv7_ligand,10.35
1br6_ligand,6.45
1bv9_ligand,9.86
1bwa_ligand,9.67
1bp0_ligand,5.66
1bwb_ligand,10.04
1bxo_ligand,8.61
1bxq_ligand,7.53
1bzc_ligand,6.93
1c1r_ligand,7.03
1bzj_ligand,6.72
1c1u_ligand,6.83
1bq4_ligand,5.02
1c1v_ligand,6.15
1c4u_ligand,7.53
1c5p_ligand,4.46
1c5n_ligand,4.51
1c5o_ligand,3.49
1c5q_ligand,5.78
1c5c_ligand,6.55
1c5s_ligand,5.57
1c5t_ligand,5.06
1bzy_ligand,7.27
1bxr_ligand,4.39
1c5x_ligand,5.7
1c70_ligand,9.53
1c5y_ligand,4.91
1c3x_ligand,3.25
1c83_ligand,5.68
1c84_ligand,5.5
1ceb_ligand,4.82
1c86_ligand,5.17
1cgl_ligand,6.07
1c87_ligand,4.77
1c88_ligand,5.44
1ciz_ligand,8.03
1cbx_ligand,4.87
1cnx_ligand,6.15
1cnw_ligand,5.96
1cny_ligand,5.28
1cps_ligand,4.64
1d4h_ligand,8.9
1d3d_ligand,7.51
1ctu_ligand,9.27
1ctt_ligand,6.91
1d3p_ligand,7.03
1d4i_ligand,9.17
1d4l_ligand,8.59
1d4j_ligand,8.66
1d4k_ligand,9.06
1d4p_ligand,7.68
1d4y_ligand,8.47
1d7i_ligand,2.39
1d6w_ligand,5.76
1cet_ligand,3.77
1d6v_ligand,6.61
1d7j_ligand,2.24
1det_ligand,4.07
1d9i_ligand,6.1
1dhj_ligand,6.5
1dhi_ligand,6.05
1dgm_ligand,4.28
1dl7_ligand,3.35
1dif_ligand,10.14
1dmp_ligand,9.47
1df8_ligand,6.79
1dar_ligand,4.38
1drj_ligand,6.43
1drk_ligand,6.12
1dqn_ligand,6.01
1dud_ligand,4.97
1d2e_ligand,5.97
1dzk_ligand,3.77
1e1v_ligand,4.81
1e1x_ligand,5.25
1e3g_ligand,8.92
1e3v_ligand,4.69
1dy4_ligand,5.21
1e5j_ligand,4.09
1e2k_ligand,5.43
1e2l_ligand,5.4
1drv_ligand,4.99
1e4h_ligand,6.89
1eb2_ligand,6.0
1duv_ligand,7.62
1ebw_ligand,8.6
1eby_ligand,8.78
1ec0_ligand,9.06
1ebz_ligand,8.59
1ec1_ligand,8.18
1ec2_ligand,8.54
1ec3_ligand,7.84
1ecv_ligand,5.38
1e6q_ligand,5.62
1e6s_ligand,4.17
1efy_ligand,6.62
1e66_ligand,8.8
1ejn_ligand,6.65
1ela_ligand,6.22
1elc_ligand,4.55
1elb_ligand,4.38
1eld_ligand,4.92
1elr_ligand,5.13
1ele_ligand,6.32
1egh_ligand,4.76
1erb_ligand,7.15
1enu_ligand,5.43
1epo_ligand,7.64
1ex8_ligand,6.27
1eoc_ligand,4.83
1ezq_ligand,8.28
1f0r_ligand,7.26
1ez9_ligand,3.99
1f0t_ligand,6.17
1f0s_ligand,6.8
1d09_ligand,7.19
1f0u_ligand,7.26
1ew8_ligand,-0.16
1ew9_ligand,0.75
1ec9_ligand,3.57
1f3e_ligand,4.8
1ecq_ligand,2.56
1f5k_ligand,4.08
1f4e_ligand,4.97
1f5l_ligand,4.9
1f4x_ligand,5.06
1f4f_ligand,5.37
1f4g_ligand,6.43
1f57_ligand,3.74
1fao_ligand,6.35
1fcx_ligand,10.26
1fch_ligand,6.73
1fcy_ligand,10.11
1fd0_ligand,10.6
1fcz_ligand,9.3
1fh7_ligand,5.49
1fh8_ligand,6.05
1fh9_ligand,5.27
1fhd_ligand,5.7
1fiv_ligand,8.06
1fkb_ligand,8.49
1fkg_ligand,6.95
1fkh_ligand,7.09
1fjs_ligand,6.39
1fkf_ligand,8.64
1f73_ligand,3.01
1f74_ligand,3.53
1fki_ligand,8.61
1f8b_ligand,3.73
1fkw_ligand,5.43
1fkn_ligand,6.7
1f8c_ligand,4.66
1f8d_ligand,4.78
1f8e_ligand,5.01
1fl3_ligand,6.47
1flr_ligand,9.54
1fv0_ligand,6.02
1ftm_ligand,6.3
1fpc_ligand,6.84
1ft7_ligand,2.41
1fq5_ligand,9.0
1fm9_ligand,8.63
1fzq_ligand,6.64
1fzj_ligand,7.0
1fo0_ligand,6.69
1g2k_ligand,8.42
1g1d_ligand,5.93
1fzk_ligand,7.71
1fzm_ligand,7.24
1fzo_ligand,7.8
1g2l_ligand,7.27
1g3d_ligand,5.76
1g3e_ligand,5.44
1g4o_ligand,4.77
1g7f_ligand,5.97
1g7g_ligand,5.44
1g7q_ligand,5.36
1g7v_ligand,3.69
1g30_ligand,6.57
1g35_ligand,8.43
1g36_ligand,6.8
1g45_ligand,5.27
1g32_ligand,6.63
1g2o_ligand,6.46
1g46_ligand,5.24
1g48_ligand,5.64
1g74_ligand,5.74
1g52_ligand,6.01
1g54_ligand,6.01
1g53_ligand,5.3
1g85_ligand,4.05
1gfy_ligand,5.16
1ghz_ligand,5.64
1ghv_ligand,5.69
1gi1_ligand,5.14
1gaf_ligand,6.27
1ghw_ligand,4.79
1gar_ligand,7.43
1gi4_ligand,6.63
1ghy_ligand,6.2
1gai_ligand,6.62
1gi7_ligand,5.55
1gj6_ligand,6.71
1gnm_ligand,5.77
1gjc_ligand,6.3
1gnn_ligand,5.65
1gno_ligand,5.74
1g98_ligand,4.06
1gyx_ligand,3.64
1gyy_ligand,3.8
1gvw_ligand,7.14
1gvx_ligand,7.02
1gx8_ligand,5.48
1gwv_ligand,3.72
1h0a_ligand,4.75
1gpn_ligand,6.98
1gpk_ligand,7.19
1h4w_ligand,4.51
1h1s_ligand,7.23
1grp_ligand,4.46
1h6h_ligand,4.63
1h5v_ligand,4.34
1h2k_ligand,3.44
1hbv_ligand,6.52
1hi4_ligand,3.4
1hi3_ligand,3.47
1hdq_ligand,5.03
1hee_ligand,5.89
1hfs_ligand,10.21
1h22_ligand,7.77
1h2t_ligand,5.95
1h46_ligand,4.19
1hi5_ligand,3.52
1h23_ligand,8.16
1hii_ligand,7.89
1hih_ligand,8.14
1hmr_ligand,6.36
1hms_ligand,6.62
1hlk_ligand,5.2
1hmt_ligand,6.42
1hos_ligand,8.01
1hk4_ligand,4.38
1hn4_ligand,5.52
1hpo_ligand,8.2
1hpv_ligand,8.49
1hps_ligand,8.28
1hpx_ligand,9.28
1hsh_ligand,8.79
1hp5_ligand,4.65
1hvh_ligand,6.39
1hvi_ligand,9.45
1hsl_ligand,4.77
1hvj_ligand,9.54
1hvk_ligand,9.6
1hvl_ligand,9.25
1hvr_ligand,10.14
1hvs_ligand,9.21
1hwr_ligand,7.92
1hxb_ligand,8.89
1hxw_ligand,8.9
1i2s_ligand,3.4
1i9p_ligand,6.7
1i9n_ligand,5.03
1i37_ligand,8.89
1i5r_ligand,9.18
1i7z_ligand,6.69
1ie9_ligand,9.46
1if7_ligand,5.99
1if8_ligand,5.04
1hyo_ligand,4.71
1iiq_ligand,7.68
1ii5_ligand,4.96
1igb_ligand,5.96
1iih_ligand,3.61
1ikt_ligand,4.81
1ivp_ligand,6.77
1izh_ligand,7.76
1izi_ligand,7.92
1j4r_ligand,6.31
1iy7_ligand,5.82
1j14_ligand,4.61
1j01_ligand,5.71
1igj_ligand,6.74
1j16_ligand,4.36
1j17_ligand,6.81
1i1e_ligand,2.5
1jao_ligand,5.77
1ik4_ligand,6.14
1jaq_ligand,5.36
1jak_ligand,6.06
1j36_ligand,5.89
1j37_ligand,4.34
1jn4_ligand,5.61
1jq8_ligand,4.27
1jgl_ligand,9.16
1jeu_ligand,6.15
1jet_ligand,6.62
1jev_ligand,7.06
1jvu_ligand,4.44
1jmf_ligand,4.41
1jsv_ligand,4.59
1jmg_ligand,4.42
1jqy_ligand,4.94
1jyq_ligand,6.12
1jcx_ligand,4.49
1k1j_ligand,7.22
1k1i_ligand,6.47
1jlr_ligand,3.98
1k1l_ligand,6.53
1k1m_ligand,7.43
1jys_ligand,3.36
1k1n_ligand,5.96
1k1o_ligand,6.03
1k6c_ligand,7.48
1k4g_ligand,5.51
1k6p_ligand,7.79
1k6t_ligand,7.51
1k4h_ligand,5.47
1k6v_ligand,7.73
1jzs_ligand,6.4
1k1y_ligand,4.83
1k21_ligand,7.53
1k22_ligand,7.87
1kav_ligand,6.33
1kdk_ligand,8.96
1kjr_ligand,5.7
1kel_ligand,6.03
1kpm_ligand,6.09
1kug_ligand,5.72
1ksn_ligand,8.83
1k27_ligand,7.63
1km3_ligand,4.81
1kui_ligand,6.29
1kuk_ligand,5.83
1kv1_ligand,7.09
1kzk_ligand,9.63
1kzn_ligand,6.97
1kv5_ligand,3.21
1l8g_ligand,6.22
1k9s_ligand,6.05
1l83_ligand,3.31
1lag_ligand,5.41
1lah_ligand,6.27
1laf_ligand,6.91
1kyv_ligand,6.77
1lbf_ligand,6.53
1koj_ligand,5.09
1lbk_ligand,4.08
1lgw_ligand,4.25
1kc7_ligand,3.84
1lee_ligand,7.58
1lf2_ligand,7.44
1li3_ligand,4.21
1li6_ligand,2.48
1li2_ligand,4.13
1lhu_ligand,8.99
1lkk_ligand,6.19
1lkl_ligand,5.63
1lke_ligand,8.78
1lnm_ligand,9.1
1lpg_ligand,6.72
1lpk_ligand,7.37
1lpz_ligand,7.71
1loq_ligand,5.16
1lst_ligand,6.46
1m0b_ligand,7.69
1lzq_ligand,7.79
1lyb_ligand,8.18
1kmy_ligand,5.27
1lyx_ligand,3.77
1lrh_ligand,5.27
1m2x_ligand,3.62
1m2p_ligand,7.15
1m2q_ligand,7.01
1m2r_ligand,6.81
1m4h_ligand,7.81
1m7d_ligand,6.07
1m7i_ligand,5.67
1m48_ligand,5.39
1mai_ligand,5.61
1m1b_ligand,4.63
1lgt_ligand,6.21
1mes_ligand,8.77
1lvu_ligand,5.17
1met_ligand,9.1
1m83_ligand,5.5
1mfa_ligand,4.9
1m0n_ligand,4.69
1m7y_ligand,7.74
1m0o_ligand,4.97
1mfd_ligand,5.12
1m0q_ligand,5.63
1lan_ligand,5.47
1mfi_ligand,4.8
1mmq_ligand,6.94
1mmr_ligand,6.29
1lcp_ligand,3.63
1mh5_ligand,7.02
1mjj_ligand,7.2
1mq6_ligand,7.92
1mq5_ligand,8.11
1mrw_ligand,8.73
1mrx_ligand,8.37
1msm_ligand,9.5
1m5w_ligand,2.88
1msn_ligand,9.47
1mtr_ligand,8.2
1mrs_ligand,5.33
1mrn_ligand,5.67
1moq_ligand,4.61
1mu6_ligand,7.82
1mu8_ligand,8.26
1mue_ligand,7.64
1n0s_ligand,6.83
1my4_ligand,6.7
1n4h_ligand,6.61
1n4k_ligand,6.3
1ndv_ligand,5.48
1nc1_ligand,6.08
1nc3_ligand,6.42
1ndw_ligand,5.85
1n46_ligand,10.08
1ndy_ligand,6.09
1n3i_ligand,7.04
1ndz_ligand,6.08
1nfu_ligand,7.13
1nf8_ligand,7.36
1nfw_ligand,7.99
1nfx_ligand,8.19
1nfy_ligand,7.79
1nh0_ligand,9.07
1n5r_ligand,4.75
1nhz_ligand,7.21
1njs_ligand,7.43
1nki_ligand,5.34
1nl9_ligand,6.43
1nli_ligand,3.25
1nhu_ligand,4.9
1n1m_ligand,4.94
1njc_ligand,5.5
1nja_ligand,6.05
1njd_ligand,5.9
1nje_ligand,5.51
1nm6_ligand,9.84
1nny_ligand,7.86
1no6_ligand,5.3
1nq7_ligand,7.4
1nt1_ligand,10.08
1n51_ligand,6.58
1nvq_ligand,9.34
1nvr_ligand,8.94
1nvs_ligand,7.89
1nw5_ligand,4.81
1o0f_ligand,4.9
1o0h_ligand,5.12
1o0m_ligand,4.62
1nw7_ligand,4.94
1nwl_ligand,2.38
1o0n_ligand,4.33
1nz7_ligand,6.71
1np0_ligand,3.82
1o2h_ligand,6.71
1o2j_ligand,5.78
1o2n_ligand,6.54
1o2o_ligand,5.64
1o2q_ligand,6.9
1o2r_ligand,6.71
1o2w_ligand,5.02
1o2z_ligand,5.77
1o3f_ligand,6.25
1o3d_ligand,7.09
1o3i_ligand,6.54
1o3j_ligand,5.93
1o1s_ligand,5.5
1o3l_ligand,5.89
1o5a_ligand,5.1
1o5c_ligand,5.25
1o5g_ligand,6.55
1nw4_ligand,6.7
1o5e_ligand,6.88
1o5r_ligand,6.63
1o7o_ligand,5.84
1o30_ligand,6.27
1o33_ligand,5.82
1o35_ligand,5.33
1o36_ligand,4.49
1o38_ligand,6.63
1oar_ligand,6.81
1oau_ligand,6.09
1oba_ligand,1.98
1ocq_ligand,5.6
1od8_ligand,5.62
1o86_ligand,7.44
1ogx_ligand,5.92
1ohr_ligand,8.41
1ogz_ligand,6.08
1oe8_ligand,4.75
1okl_ligand,5.4
1oif_ligand,6.35
1ony_ligand,6.43
1om1_ligand,7.18
1onz_ligand,5.52
1oss_ligand,4.17
1os0_ligand,7.04
1ogg_ligand,6.72
1owe_ligand,6.11
1ork_ligand,7.25
1owh_ligand,6.4
1os5_ligand,6.53
1oxr_ligand,3.18
1ogd_ligand,3.64
1odi_ligand,5.22
1oyq_ligand,6.31
1odj_ligand,5.71
1oyt_ligand,7.98
1olu_ligand,6.38
1ols_ligand,6.07
1olx_ligand,6.01
1p1o_ligand,5.99
1p1n_ligand,6.38
1p19_ligand,2.64
1pa9_ligand,4.93
1p1q_ligand,4.14
1pb9_ligand,5.13
1pb8_ligand,4.74
1p57_ligand,4.94
1pbq_ligand,6.51
1pfu_ligand,2.41
1pph_ligand,6.31
1ppc_ligand,6.9
1pme_ligand,6.58
1pdz_ligand,3.87
1pot_ligand,5.68
1oz0_ligand,6.15
1ppk_ligand,7.28
1ppl_ligand,7.72
1ppm_ligand,7.53
1pgp_ligand,4.56
1ppi_ligand,5.68
1pro_ligand,9.66
1phw_ligand,0.46
1pkx_ligand,7.23
1pxn_ligand,7.13
1pxo_ligand,6.04
1pxp_ligand,6.85
1pyn_ligand,6.51
1pzp_ligand,4.64
1q7a_ligand,4.32
1pz5_ligand,5.47
1pzi_ligand,4.27
1pr5_ligand,5.58
1ps3_ligand,5.73
1q8t_ligand,5.13
1q5k_ligand,5.98
1q8u_ligand,6.7
1q54_ligand,3.71
1q8w_ligand,5.95
1q91_ligand,7.21
1q65_ligand,5.42
1qan_ligand,5.21
1q72_ligand,5.74
1pvn_ligand,6.68
1qb1_ligand,5.22
1qb6_ligand,6.31
1qb9_ligand,6.71
1qbn_ligand,6.53
1qbo_ligand,7.17
1q1g_ligand,6.75
1qaw_ligand,6.22
1qbr_ligand,10.1
1qbs_ligand,9.55
1qbt_ligand,10.89
1qbu_ligand,9.42
1q84_ligand,10.55
1qbv_ligand,6.03
1qft_ligand,4.92
1qhc_ligand,5.78
1qf0_ligand,7.78
1qf1_ligand,6.94
1qf2_ligand,5.66
1qbq_ligand,5.6
1qji_ligand,6.02
1qin_ligand,7.25
1ql7_ligand,6.06
1ql9_ligand,6.52
1qka_ligand,6.55
1qkb_ligand,6.98
1qkt_ligand,7.41
1qy1_ligand,5.43
1qy2_ligand,4.5
1qxk_ligand,6.38
1qxl_ligand,6.75
1r0p_ligand,8.49
1qyg_ligand,6.68
1qk4_ligand,5.84
1qk3_ligand,5.27
1r9l_ligand,4.46
1r5y_ligand,4.86
1rnm_ligand,3.75
1rbp_ligand,6.88
1rmz_ligand,6.47
1rd4_ligand,7.07
1rnt_ligand,3.49
1rjk_ligand,9.68
1r1h_ligand,7.19
1r1j_ligand,4.13
1rpf_ligand,3.9
1ro6_ligand,6.43
1rpj_ligand,5.52
1rtf_ligand,4.27
1rql_ligand,3.65
1s19_ligand,9.24
1sb1_ligand,7.01
1s38_ligand,5.68
1s39_ligand,5.36
1sbg_ligand,8.19
1sdt_ligand,8.81
1sdu_ligand,8.65
1sdv_ligand,8.47
1sgu_ligand,7.64
1rr6_ligand,7.04
1sh9_ligand,6.88
1s5z_ligand,4.18
1siv_ligand,8.27
1s89_ligand,5.12
1sl3_ligand,9.2
1sln_ligand,6.31
1sqa_ligand,6.08
1sqo_ligand,6.71
1sqt_ligand,6.13
1sld_ligand,7.05
1sr7_ligand,9.57
1rp7_ligand,7.16
1srg_ligand,5.11
1sv3_ligand,2.98
1stc_ligand,9.02
1sw2_ligand,5.56
1str_ligand,5.69
1swg_ligand,5.5
1t4v_ligand,7.15
1szd_ligand,5.44
1swr_ligand,6.15
1syh_ligand,6.98
1syi_ligand,6.29
1t7d_ligand,5.99
1t7j_ligand,8.53
1px4_ligand,4.4
1t32_ligand,7.99
1t31_ligand,7.91
1tcx_ligand,7.89
1ta6_ligand,8.24
1td7_ligand,4.56
1tlp_ligand,5.32
1ssq_ligand,4.92
1tng_ligand,3.46
1t5f_ligand,4.18
1tnh_ligand,3.52
1tmn_ligand,5.97
1tni_ligand,2.53
1tom_ligand,7.63
1trd_ligand,3.45
1tq4_ligand,6.47
1ttm_ligand,5.55
1tpw_ligand,4.43
1u1b_ligand,5.87
1tx7_ligand,4.57
1txr_ligand,6.39
1tsy_ligand,6.17
1u71_ligand,7.08
1thz_ligand,5.28
1tjp_ligand,5.45
1u33_ligand,4.71
1u1w_ligand,5.79
1ui0_ligand,5.59
1ua4_ligand,4.57
1tkb_ligand,6.89
1uho_ligand,7.53
1uj5_ligand,3.49
1ugx_ligand,4.55
1uml_ligand,7.39
1ucn_ligand,5.07
1u0g_ligand,4.62
1usn_ligand,6.26
1utj_ligand,3.64
1utl_ligand,2.84
1utm_ligand,2.88
1utn_ligand,3.74
1uto_ligand,3.16
1usi_ligand,5.47
1uou_ligand,6.52
1uvt_ligand,7.37
1upf_ligand,3.57
1ur9_ligand,7.26
1uwf_ligand,5.53
1v0k_ligand,5.22
1uz4_ligand,3.95
1v0l_ligand,6.02
1uz1_ligand,4.8
1uz8_ligand,5.21
1v2j_ligand,4.06
1v2k_ligand,7.21
1usk_ligand,4.73
1uv6_ligand,4.1
1v2l_ligand,4.08
1v2n_ligand,6.76
1uw6_ligand,5.98
1v2o_ligand,4.52
1v2r_ligand,4.35
1v2s_ligand,4.28
1v2t_ligand,4.65
1v2u_ligand,4.08
1v2w_ligand,4.34
1v7a_ligand,6.18
1vyf_ligand,6.99
1vyg_ligand,7.56
1vso_ligand,4.95
1w0z_ligand,6.5
1v1m_ligand,6.44
1vzq_ligand,8.33
1v48_ligand,4.8
1w3k_ligand,5.29
1w3j_ligand,5.39
1vfn_ligand,3.74
1w3l_ligand,5.71
1w4o_ligand,4.2
1v1j_ligand,5.54
1w4p_ligand,4.31
1uwt_ligand,5.42
1uwu_ligand,5.48
1w4q_ligand,4.15
1w5w_ligand,9.27
1w5v_ligand,8.92
1w5x_ligand,9.4
1w5y_ligand,8.83
1v11_ligand,6.17
1v16_ligand,6.9
1w7g_ligand,5.68
1w11_ligand,6.6
1w9u_ligand,6.78
1w9v_ligand,6.09
1w13_ligand,7.55
1wdn_ligand,5.59
1wc1_ligand,4.9
1ws1_ligand,7.45
1w96_ligand,8.68
1wm1_ligand,5.18
1wcq_ligand,5.23
1wn6_ligand,6.69
1x8d_ligand,3.07
1wht_ligand,4.11
1ws4_ligand,3.58
1x1z_ligand,5.76
1wvj_ligand,6.97
1x8r_ligand,6.7
1x8t_ligand,5.54
1xap_ligand,9.37
1xbo_ligand,7.12
1x38_ligand,6.81
1x8j_ligand,6.88
1x39_ligand,6.22
1xd0_ligand,5.17
1xff_ligand,4.83
1xgi_ligand,5.02
1xh4_ligand,8.5
1xh5_ligand,8.4
1xh9_ligand,9.23
1xk5_ligand,4.83
1xjd_ligand,8.78
1xk9_ligand,3.46
1xhy_ligand,6.6
1xka_ligand,6.47
1xow_ligand,8.99
1xkk_ligand,7.8
1xpz_ligand,7.3
1xq0_ligand,6.13
1xt8_ligand,5.47
1xug_ligand,5.9
1xr9_ligand,7.64
1xws_ligand,7.66
1y1z_ligand,4.14
1wuq_ligand,6.81
1y3v_ligand,6.95
1y0l_ligand,6.32
1wur_ligand,6.28
1y3x_ligand,6.69
1y3p_ligand,4.69
1y3n_ligand,5.68
1y20_ligand,4.03
1y6q_ligand,7.64
1yc1_ligand,7.33
1y6r_ligand,8.12
1yc4_ligand,6.68
1yda_ligand,6.68
1ydb_ligand,5.99
1ydd_ligand,3.96
1ydr_ligand,6.0
1ydk_ligand,5.36
1ydt_ligand,7.14
1yds_ligand,6.09
1yet_ligand,6.7
1yei_ligand,7.11
1yp9_ligand,6.43
1yej_ligand,6.83
1ype_ligand,8.37
1ypg_ligand,8.02
1ypj_ligand,7.96
1yqj_ligand,8.99
1yvm_ligand,5.1
1yfz_ligand,3.91
1z6s_ligand,4.69
1z1h_ligand,8.45
1z4o_ligand,5.28
1yqy_ligand,7.98
1z6e_ligand,9.13
1yq7_ligand,4.45
1z9y_ligand,6.14
1z9g_ligand,4.88
1z71_ligand,8.24
1z95_ligand,8.93
1zdp_ligand,4.97
1zc9_ligand,2.64
1zfq_ligand,5.63
1zge_ligand,4.87
1zea_ligand,4.91
1zgi_ligand,6.8
1zpa_ligand,6.05
1zs0_ligand,6.22
1zp8_ligand,7.08
1zsf_ligand,8.09
1zvx_ligand,6.64
1zhy_ligand,7.16
1zoe_ligand,6.21
1zog_ligand,5.84
1zoh_ligand,6.71
2a5s_ligand,5.59
2a14_ligand,5.95
2a4m_ligand,1.29
2a5b_ligand,5.03
2aac_ligand,3.77
2a5c_ligand,4.8
2a8g_ligand,2.84
2afw_ligand,4.31
2afx_ligand,4.31
2am4_ligand,4.79
2amt_ligand,5.02
2al5_ligand,7.29
2ans_ligand,5.05
2aoc_ligand,6.16
2aod_ligand,6.09
2aoe_ligand,7.3
2arm_ligand,2.39
2aog_ligand,6.65
2aqu_ligand,8.5
2avm_ligand,6.36
2avo_ligand,8.33
2avq_ligand,6.27
2avs_ligand,8.45
2ax9_ligand,7.78
2ayr_ligand,8.61
2azr_ligand,5.04
2b4l_ligand,4.7
2b07_ligand,6.3
2baj_ligand,8.69
2bak_ligand,8.53
2bes_ligand,4.53
2b7d_ligand,6.38
2b9a_ligand,5.55
2bal_ligand,6.98
2bfq_ligand,6.34
2bet_ligand,3.49
2bfr_ligand,6.23
2aj8_ligand,6.13
2bmk_ligand,4.25
2boh_ligand,6.75
2b1g_ligand,6.34
2b1i_ligand,6.15
2bpv_ligand,8.0
2bpy_ligand,8.23
2bqv_ligand,8.31
2bok_ligand,6.98
2bq7_ligand,6.28
2boj_ligand,5.05
2br1_ligand,5.85
2brb_ligand,6.07
2brm_ligand,5.41
2bt9_ligand,5.15
2buv_ligand,3.2
2bvd_ligand,5.54
2bvr_ligand,4.58
2bza_ligand,3.35
2bvs_ligand,4.11
2bz6_ligand,6.21
2c3i_ligand,7.05
2c3l_ligand,4.38
2c1p_ligand,6.62
2c80_ligand,5.4
2bo4_ligand,3.13
2ca8_ligand,4.02
2c92_ligand,6.07
2c97_ligand,5.26
2c94_ligand,6.46
2cbz_ligand,5.02
2cbu_ligand,5.98
2cbj_ligand,5.82
2bys_ligand,8.12
2byr_ligand,7.64
2cbv_ligand,5.54
2cej_ligand,9.12
2ccb_ligand,4.67
2cen_ligand,8.89
2cc7_ligand,6.16
2ce9_ligand,5.63
2ccc_ligand,6.68
2cex_ligand,4.49
2cf8_ligand,8.27
2ces_ligand,5.66
2ceq_ligand,5.0
2cet_ligand,6.94
2cer_ligand,6.75
2cf9_ligand,7.95
2cgf_ligand,6.78
2cgr_ligand,7.34
2cn0_ligand,8.5
2d0k_ligand,5.53
2d1n_ligand,6.82
2d1o_ligand,6.62
2ctc_ligand,4.63
2csn_ligand,4.34
2doo_ligand,5.84
2dri_ligand,6.35
2drc_ligand,6.25
2d3z_ligand,6.81
2d3u_ligand,6.83
2cle_ligand,5.06
2clh_ligand,5.31
2cht_ligand,5.86
2e1w_ligand,6.73
2cli_ligand,4.96
2e2r_ligand,6.91
2clk_ligand,4.23
2e2p_ligand,4.84
2e27_ligand,7.59
2e9u_ligand,8.33
2e7f_ligand,5.9
2dw7_ligand,4.31
2e91_ligand,4.3
2e92_ligand,5.09
2euk_ligand,6.93
2erz_ligand,6.11
2evl_ligand,6.54
2e94_ligand,6.9
2ewa_ligand,8.38
2f1g_ligand,5.06
2exm_ligand,3.68
2ez7_ligand,1.54
2f6t_ligand,6.3
2ews_ligand,5.21
2f7i_ligand,5.25
2f8g_ligand,8.45
2f34_ligand,6.21
2f35_ligand,5.71
2epn_ligand,5.25
2f80_ligand,8.24
2f81_ligand,7.71
2fgu_ligand,8.58
2fgv_ligand,8.59
2fdp_ligand,8.0
2f9k_ligand,4.07
2fle_ligand,8.99
2fmb_ligand,7.97
2f94_ligand,5.13
2f7o_ligand,5.18
2f7p_ligand,5.29
2fqo_ligand,4.56
2fqt_ligand,4.52
2flr_ligand,6.86
2fqw_ligand,6.52
2fqx_ligand,6.9
2fu8_ligand,3.18
2fqy_ligand,6.24
2fvd_ligand,7.55
2fx6_ligand,4.63
2fxs_ligand,4.81
2fpz_ligand,4.28
2fxu_ligand,6.84
2fxv_ligand,6.22
2gj5_ligand,6.03
2g5u_ligand,7.15
2gh9_ligand,5.9
2g94_ligand,7.73
2gkl_ligand,3.82
2fw6_ligand,3.71
2gss_ligand,4.04
2gsu_ligand,4.06
2gv6_ligand,6.47
2gst_ligand,6.44
2gv7_ligand,7.36
2gvv_ligand,5.39
2ewb_ligand,3.51
2glp_ligand,5.89
2gl0_ligand,5.3
2h4g_ligand,5.24
2h4k_ligand,5.04
2gzl_ligand,6.72
2h4n_ligand,7.63
2gvj_ligand,8.2
2gz2_ligand,4.86
2h6t_ligand,6.45
2h15_ligand,5.76
2h21_ligand,5.66
2hah_ligand,7.15
2gyi_ligand,4.5
2hb1_ligand,4.35
2hb3_ligand,9.75
2hhn_ligand,6.46
2haw_ligand,6.41
2hl4_ligand,6.02
2ha2_ligand,4.39
2ha3_ligand,3.19
2ha6_ligand,4.63
2fzg_ligand,1.33
2fzc_ligand,3.57
2hkf_ligand,6.6
2hnc_ligand,5.64
2fzk_ligand,1.96
2hnx_ligand,6.9
2hjb_ligand,4.19
2hu6_ligand,6.38
2hs1_ligand,8.83
2hoc_ligand,7.32
2h6b_ligand,4.58
2hxm_ligand,5.69
2i3h_ligand,6.44
2i0a_ligand,8.34
2i3i_ligand,6.93
2i4d_ligand,9.77
2hmu_ligand,5.44
2hmv_ligand,5.8
2hzl_ligand,3.58
2i4u_ligand,10.04
2hzy_ligand,5.86
2i4w_ligand,9.4
2i4v_ligand,9.84
2i4x_ligand,9.2
2i6b_ligand,5.99
2h3e_ligand,7.94
2i4j_ligand,4.62
2idw_ligand,9.06
2i2c_ligand,5.36
2i4z_ligand,4.88
2ihj_ligand,4.76
2ihq_ligand,8.37
2i19_ligand,5.58
2i80_ligand,6.06
2iwx_ligand,6.95
2iuz_ligand,5.66
2j2u_ligand,6.89
2izl_ligand,6.11
2isw_ligand,6.02
2j4i_ligand,7.54
2j7b_ligand,5.31
2j7d_ligand,5.62
2f2h_ligand,5.67
2j4g_ligand,6.14
2j7e_ligand,5.97
2j7f_ligand,5.13
2j7g_ligand,5.46
2j34_ligand,6.75
2j7h_ligand,6.25
2j27_ligand,3.1
2j75_ligand,6.24
2j77_ligand,5.54
2j78_ligand,5.42
2j47_ligand,6.0
2j94_ligand,6.51
2j95_ligand,7.56
2j79_ligand,5.53
2jdm_ligand,5.3
2jdp_ligand,5.28
2jds_ligand,7.41
2jew_ligand,5.34
2jdu_ligand,5.47
2jf4_ligand,7.61
2jfz_ligand,6.24
2j62_ligand,8.32
2jh0_ligand,7.25
2jh5_ligand,6.74
2iko_ligand,6.89
2jh6_ligand,6.9
2jgs_ligand,6.04
2jg0_ligand,6.95
2jkh_ligand,7.45
2jiw_ligand,5.89
2jxr_ligand,7.69
2nmx_ligand,5.42
2nmz_ligand,8.26
2nnd_ligand,5.6
2nn7_ligand,6.03
2nn1_ligand,5.29
2jkp_ligand,4.9
2nt7_ligand,6.81
2nta_ligand,5.93
2jjb_ligand,7.07
2o0u_ligand,8.01
2o4k_ligand,9.15
2o4j_ligand,9.73
2o4l_ligand,8.48
2o4n_ligand,8.58
2o4r_ligand,9.5
2o4z_ligand,3.87
2mas_ligand,7.19
2jke_ligand,4.84
2o8h_ligand,6.75
2oax_ligand,9.3
2nsj_ligand,4.88
2oi0_ligand,5.85
2nsl_ligand,5.17
2oiq_ligand,7.85
2ogy_ligand,5.16
2oc2_ligand,7.78
2ojg_ligand,6.46
2oi2_ligand,4.83
2ojj_ligand,7.59
2ovv_ligand,6.68
2olb_ligand,5.88
2ovy_ligand,7.09
2oxn_ligand,4.73
2oxd_ligand,5.7
2oxx_ligand,6.46
2oxy_ligand,6.1
2p3a_ligand,7.65
2p3b_ligand,7.11
2p3c_ligand,7.42
2oym_ligand,5.79
2on6_ligand,5.53
2p3i_ligand,3.37
2p2a_ligand,7.79
2oag_ligand,7.67
2p4j_ligand,8.64
2p7a_ligand,4.92
2p7g_ligand,6.51
2p7z_ligand,6.59
2p09_ligand,5.09
2p4y_ligand,8.53
2ot1_ligand,4.06
2p16_ligand,8.02
2p95_ligand,7.86
2ole_ligand,3.99
2p15_ligand,10.34
2p4s_ligand,7.25
2pcp_ligand,6.84
2pk5_ligand,10.04
2pbw_ligand,7.18
2pk6_ligand,9.61
2p53_ligand,5.37
2pou_ligand,7.18
2pov_ligand,6.28
2pog_ligand,7.85
2pow_ligand,6.15
2pql_ligand,6.05
2pqz_ligand,6.94
2pq9_ligand,8.43
2psu_ligand,7.9
2pqb_ligand,7.52
2pqc_ligand,5.8
2psv_ligand,7.23
2pv1_ligand,6.19
2pgz_ligand,6.15
2pu2_ligand,5.18
2pvj_ligand,7.81
2pvh_ligand,6.75
2pvk_ligand,8.06
2pwc_ligand,6.82
2pvu_ligand,5.3
2pvl_ligand,7.77
2pvm_ligand,7.11
2pwr_ligand,7.19
2ptz_ligand,6.74
2pu1_ligand,6.52
2pym_ligand,7.67
2pyn_ligand,8.06
2py4_ligand,6.89
2pwd_ligand,3.9
2pwg_ligand,4.21
2q2a_ligand,6.63
2q1q_ligand,7.2
2q5k_ligand,9.61
2pyy_ligand,4.58
2q54_ligand,8.1
2q38_ligand,4.35
2q55_ligand,8.78
2q63_ligand,7.79
2q64_ligand,7.98
2q6f_ligand,5.03
2q88_ligand,6.05
2q89_ligand,6.23
2q8z_ligand,6.57
2q8h_ligand,2.34
2qbp_ligand,7.07
2qbq_ligand,6.58
2qbr_ligand,5.95
2q7q_ligand,4.65
2qbw_ligand,7.74
2qbs_ligand,6.25
2qci_ligand,8.3
2qd6_ligand,8.75
2qd7_ligand,9.14
2qd8_ligand,8.5
2qbu_ligand,6.08
2qg2_ligand,7.04
2qhy_ligand,7.51
2q8m_ligand,4.69
2qe4_ligand,7.48
2qhz_ligand,7.47
2qdt_ligand,2.55
2qi0_ligand,7.46
2qg0_ligand,6.37
2qi1_ligand,7.75
2qi3_ligand,8.18
2qi4_ligand,8.62
2qi5_ligand,8.79
2qi6_ligand,8.2
2qi7_ligand,8.07
2qm9_ligand,6.44
2qmg_ligand,8.95
2qnn_ligand,7.91
2qnp_ligand,7.23
2qnq_ligand,6.3
2qpq_ligand,4.17
2qrk_ligand,4.62
2qpu_ligand,3.17
2qrl_ligand,2.85
2qtg_ligand,5.86
2qu6_ligand,8.47
2qw1_ligand,2.43
2qtn_ligand,3.98
2qtt_ligand,6.07
2qzr_ligand,5.98
2r2m_ligand,7.85
2r1y_ligand,3.43
2r3t_ligand,7.03
2r0z_ligand,5.62
2r2w_ligand,5.74
2r3w_ligand,7.62
2r5a_ligand,2.63
2r0h_ligand,4.29
2r5p_ligand,8.31
2r9w_ligand,5.27
2r43_ligand,7.16
2r38_ligand,7.46
2qta_ligand,7.15
2r58_ligand,2.9
2r9x_ligand,4.95
2r75_ligand,5.97
2r23_ligand,2.71
2qwb_ligand,4.11
2ra0_ligand,7.55
2ra6_ligand,5.19
2qwc_ligand,3.78
2qwd_ligand,4.45
2r59_ligand,7.91
2qwe_ligand,5.91
2qwf_ligand,6.44
2rcb_ligand,5.5
2rcn_ligand,6.17
2reg_ligand,3.81
2rfh_ligand,4.87
2rin_ligand,2.23
2ri9_ligand,3.39
2rkf_ligand,9.09
2rkg_ligand,8.54
2rka_ligand,3.2
2rk8_ligand,4.02
2rkd_ligand,2.58
2sim_ligand,4.65
2rke_ligand,4.02
2usn_ligand,5.41
2rkm_ligand,5.66
2tpi_ligand,5.27
2rio_ligand,3.51
2std_ligand,7.99
2uwd_ligand,7.42
2uwl_ligand,6.5
2uwo_ligand,7.02
2tmn_ligand,4.02
2uwp_ligand,6.2
2uy0_ligand,8.84
2uxz_ligand,8.66
2uy3_ligand,4.93
2uy4_ligand,4.3
2uxi_ligand,4.74
2uy5_ligand,5.28
2uyq_ligand,4.85
2uyn_ligand,3.5
2v00_ligand,5.75
2v2v_ligand,4.8
2v2q_ligand,4.77
2v2c_ligand,3.36
2v3u_ligand,4.56
2v7a_ligand,7.27
2v25_ligand,5.49
2v3d_ligand,4.98
2uz9_ligand,6.13
2v2h_ligand,3.88
2v8w_ligand,4.96
2v57_ligand,5.96
2v54_ligand,5.89
2v58_ligand,8.33
2v88_ligand,4.89
2rd6_ligand,6.9
2v59_ligand,7.0
2v77_ligand,5.02
2v95_ligand,8.21
2vfk_ligand,3.86
2vh0_ligand,7.84
2vh6_ligand,8.67
2vk2_ligand,6.02
2vb8_ligand,5.22
2vba_ligand,5.21
2vkm_ligand,8.1
2vk6_ligand,4.95
2vj8_ligand,8.13
2vc9_ligand,5.01
2ves_ligand,7.81
2vmc_ligand,3.14
2vnp_ligand,6.42
2vjx_ligand,4.98
2vnt_ligand,7.39
2vl4_ligand,5.86
2vmd_ligand,3.21
2vpe_ligand,5.13
2vo4_ligand,3.53
2vpn_ligand,5.67
2vpo_ligand,5.5
2vsl_ligand,5.66
2vmf_ligand,5.52
2vuk_ligand,4.85
2vrj_ligand,4.78
2vvc_ligand,8.21
2vt3_ligand,4.47
2vo5_ligand,7.65
2vhj_ligand,2.95
2vot_ligand,6.28
2vvu_ligand,8.32
2vqt_ligand,5.36
2vvv_ligand,8.69
2vw5_ligand,7.46
2vwc_ligand,6.53
2vvn_ligand,5.51
2vvs_ligand,6.97
2vwl_ligand,7.9
2vwm_ligand,7.84
2vwo_ligand,8.2
2vwn_ligand,8.08
2vzr_ligand,4.22
2vw1_ligand,4.94
2vyt_ligand,2.52
2vw2_ligand,4.33
2w5g_ligand,4.22
2vxn_ligand,4.28
2w8y_ligand,8.47
2w9h_ligand,6.02
2w4x_ligand,4.76
2w47_ligand,4.33
2w26_ligand,7.22
2w8j_ligand,5.17
2w8w_ligand,3.7
2wc3_ligand,6.13
2wc4_ligand,5.71
2wb5_ligand,6.61
2we3_ligand,5.05
2w66_ligand,4.92
2w67_ligand,5.54
2wca_ligand,5.39
2weg_ligand,4.97
2weh_ligand,4.75
2w08_ligand,3.4
2web_ligand,6.37
2wec_ligand,6.12
2wbg_ligand,6.35
2wej_ligand,4.81
2wed_ligand,6.76
2weo_ligand,4.76
2wf5_ligand,5.47
2wjg_ligand,6.21
2wgj_ligand,8.61
2weq_ligand,5.95
2wer_ligand,7.2
2wl0_ligand,8.67
2wkz_ligand,8.79
2whp_ligand,4.13
2wky_ligand,7.12
2wor_ligand,4.51
2wm0_ligand,5.42
2wlz_ligand,5.22
2wos_ligand,4.92
2wly_ligand,5.06
2wk6_ligand,3.41
2wq5_ligand,5.21
2wtv_ligand,8.34
2wyf_ligand,4.12
2wuf_ligand,5.27
2wr8_ligand,6.56
2wyg_ligand,8.0
2wn9_ligand,6.65
2wzm_ligand,4.85
2wyj_ligand,7.78
2wnj_ligand,6.37
2wnc_ligand,6.21
2wvz_ligand,4.58
2wvt_ligand,5.08
2wzf_ligand,6.52
2wzs_ligand,4.71
2x4z_ligand,7.4
2x7t_ligand,6.24
2x7u_ligand,5.06
2xab_ligand,8.18
2x2r_ligand,6.75
2x8z_ligand,4.51
2x00_ligand,9.47
2xb7_ligand,7.92
2x0y_ligand,5.25
2x91_ligand,6.32
2x96_ligand,7.21
2x95_ligand,5.87
2x97_ligand,5.73
2x09_ligand,4.57
2xbp_ligand,5.91
2xbv_ligand,8.43
2xbw_ligand,8.75
2xbx_ligand,8.54
2xde_ligand,5.66
2xc0_ligand,8.39
2xc4_ligand,8.63
2xdk_ligand,4.43
2xdx_ligand,5.58
2xdl_ligand,5.3
2x6x_ligand,4.21
2xg9_ligand,4.48
2xht_ligand,5.87
2xj1_ligand,7.28
2xj2_ligand,7.61
2xib_ligand,5.87
2xii_ligand,7.52
2xhm_ligand,6.21
2xb8_ligand,7.55
2xjg_ligand,7.4
2xjj_ligand,8.06
2xjx_ligand,7.71
2xef_ligand,8.52
2xeg_ligand,8.09
2xmy_ligand,7.47
2xej_ligand,6.52
2xei_ligand,8.16
2xn3_ligand,5.71
2xda_ligand,7.33
2xog_ligand,5.29
2xd9_ligand,7.22
2xn5_ligand,6.81
2xnb_ligand,7.73
2xm1_ligand,5.56
2xp7_ligand,5.4
2xm2_ligand,4.8
2xj7_ligand,6.56
2xye_ligand,7.95
2xxr_ligand,5.33
2xyf_ligand,7.92
2xxx_ligand,5.13
2y5g_ligand,7.49
2xxt_ligand,6.37
2y5f_ligand,8.25
2y5h_ligand,6.59
2y7x_ligand,8.78
2y7z_ligand,8.45
2y7i_ligand,6.36
2xyd_ligand,7.37
2xpk_ligand,7.88
2y8c_ligand,5.92
2y80_ligand,8.47
2y81_ligand,8.5
2y82_ligand,8.45
2xys_ligand,7.68
2xyt_ligand,6.06
2ydw_ligand,6.68
2ydt_ligand,5.27
2yek_ligand,6.68
2ya7_ligand,4.33
2ya6_ligand,4.29
2ya8_ligand,5.87
2yay_ligand,6.89
2yaz_ligand,6.35
2yel_ligand,7.38
2yb0_ligand,5.18
2yge_ligand,6.67
2yfe_ligand,6.08
2yfx_ligand,6.88
2yfa_ligand,4.08
2ygf_ligand,5.8
2yki_ligand,11.63
2yi0_ligand,7.79
2yk1_ligand,6.34
2yix_ligand,8.49
2yhw_ligand,5.43
2yi7_ligand,7.46
2ylc_ligand,5.79
2yxj_ligand,8.69
2ypi_ligand,3.78
2yz3_ligand,3.92
2z4o_ligand,8.71
2z94_ligand,1.37
2za0_ligand,6.89
2zc9_ligand,6.96
2z1w_ligand,4.45
2zcr_ligand,7.69
2zcq_ligand,7.42
2zb1_ligand,7.64
2yme_ligand,6.11
2zcs_ligand,6.34
2zdk_ligand,6.88
2zdl_ligand,6.48
2zda_ligand,8.0
2zdm_ligand,6.44
2zdn_ligand,6.2
2za5_ligand,8.55
2zft_ligand,6.74
2zfp_ligand,5.99
2zfs_ligand,6.84
2zgx_ligand,6.95
2zq2_ligand,7.05
2zmm_ligand,6.39
2zn7_ligand,6.47
2zjw_ligand,6.24
2ypo_ligand,4.89
2zkj_ligand,5.45
2zy1_ligand,7.28
2ymd_ligand,6.21
2zz1_ligand,5.74
2zym_ligand,5.7
2zz2_ligand,5.62
3a1c_ligand,4.14
3a1d_ligand,4.65
3a2o_ligand,9.15
3a1e_ligand,3.76
2zxg_ligand,6.52
3a6t_ligand,6.81
2zq0_ligand,6.05
3aas_ligand,3.08
3aaq_ligand,4.08
3aau_ligand,5.25
3a5y_ligand,6.94
3acl_ligand,7.06
3acw_ligand,7.62
3a9i_ligand,3.42
3acx_ligand,6.96
3ag9_ligand,5.77
3agl_ligand,7.14
3aid_ligand,6.63
3ai8_ligand,1.94
3ahn_ligand,6.41
3ao2_ligand,4.81
3ap4_ligand,3.85
3ao4_ligand,4.61
3aho_ligand,5.74
3ao5_ligand,4.2
3alt_ligand,3.06
3aqt_ligand,5.3
3arp_ligand,6.78
3b1m_ligand,8.27
3arq_ligand,6.46
3b3c_ligand,3.71
3arw_ligand,6.33
2zwz_ligand,5.52
3b3s_ligand,3.2
2zx6_ligand,7.36
3arx_ligand,4.86
3axz_ligand,5.01
3b3w_ligand,3.36
3b3x_ligand,2.39
2zx8_ligand,8.16
2zx7_ligand,7.14
3b2q_ligand,3.29
3b4f_ligand,7.35
2zxd_ligand,5.02
3b5r_ligand,8.84
3b4p_ligand,5.83
3b25_ligand,6.42
3b7i_ligand,2.8
3b24_ligand,4.14
3b26_ligand,6.64
3b27_ligand,5.68
3b7r_ligand,6.3
3b7u_ligand,6.41
3b50_ligand,5.71
3b65_ligand,9.07
3b66_ligand,9.04
3b67_ligand,9.38
3b68_ligand,9.08
3b92_ligand,6.2
3b7j_ligand,3.46
3bgb_ligand,6.24
3be9_ligand,9.31
3bex_ligand,4.72
3bft_ligand,5.48
3bgc_ligand,6.22
3bfu_ligand,5.24
3bgq_ligand,7.22
3bgz_ligand,7.39
3bl0_ligand,4.63
3bl1_ligand,6.69
3bbb_ligand,5.11
3bbf_ligand,5.64
3bqc_ligand,6.68
3bpc_ligand,3.85
3bkk_ligand,7.46
3bkl_ligand,7.91
3brn_ligand,5.67
3bu1_ligand,3.95
3bra_ligand,2.62
3bgs_ligand,7.03
3buf_ligand,2.84
3bug_ligand,4.02
3buh_ligand,3.76
3bva_ligand,6.72
3bv9_ligand,6.57
3bvb_ligand,7.85
3bwj_ligand,6.86
3bxe_ligand,4.14
3bzf_ligand,5.71
3bxf_ligand,5.2
3bxh_ligand,4.57
3bxg_ligand,5.11
3c4h_ligand,5.39
3c39_ligand,4.08
3c8a_ligand,5.23
3c8b_ligand,5.84
3c52_ligand,5.86
3c56_ligand,5.9
3c88_ligand,5.28
3c89_ligand,5.59
3c2o_ligand,3.83
3c2f_ligand,2.37
3c2r_ligand,3.22
3c79_ligand,5.99
3c84_ligand,6.5
3cfn_ligand,5.58
3cft_ligand,5.11
3ccw_ligand,6.18
3cct_ligand,7.32
3cf8_ligand,4.73
3cj2_ligand,5.44
3ccz_ligand,6.15
3cj4_ligand,5.67
3c2u_ligand,4.03
3cj5_ligand,6.33
3ckb_ligand,3.12
3cd0_ligand,6.42
3cd7_ligand,6.85
3cd5_ligand,8.27
3cdb_ligand,6.43
3cda_ligand,6.61
3cm2_ligand,5.69
3ckp_ligand,6.83
3cyw_ligand,7.86
3cs7_ligand,8.34
3cyx_ligand,9.03
3cyz_ligand,5.57
3cz1_ligand,5.59
3cow_ligand,7.15
3coy_ligand,6.99
3coz_ligand,6.28
3d0b_ligand,7.81
3czv_ligand,4.5
3cke_ligand,5.48
3d1x_ligand,9.07
3ctt_ligand,4.44
3d1y_ligand,8.97
3d1z_ligand,8.39
3d6o_ligand,3.87
3d6p_ligand,3.85
3d0e_ligand,8.17
3d8z_ligand,3.61
3d8w_ligand,7.92
3d7z_ligand,8.55
3ckz_ligand,7.25
3d9z_ligand,7.24
3cl0_ligand,7.11
3d78_ligand,4.78
3d2e_ligand,6.24
3d83_ligand,8.71
3d4z_ligand,4.74
3d4y_ligand,4.56
3d91_ligand,8.38
3da9_ligand,6.34
3daz_ligand,5.29
3dbu_ligand,7.98
3dc3_ligand,6.45
3dcc_ligand,8.06
3dd0_ligand,5.97
3d51_ligand,4.28
3dd8_ligand,6.25
3d50_ligand,5.08
3d52_ligand,4.04
3dgo_ligand,4.88
3djk_ligand,9.85
3djo_ligand,4.04
3djp_ligand,3.95
3djq_ligand,3.57
3djv_ligand,4.48
3djx_ligand,3.69
3dk1_ligand,9.91
3dln_ligand,5.52
3dp4_ligand,5.98
3dnd_ligand,3.82
3dne_ligand,6.05
3ddf_ligand,5.21
3dp9_ligand,8.31
3d7k_ligand,4.84
3dsz_ligand,6.53
3ddg_ligand,5.73
3drf_ligand,6.59
3drg_ligand,7.77
3dri_ligand,3.73
3e3c_ligand,5.31
3dzt_ligand,7.51
3e5a_ligand,7.5
3e5u_ligand,4.84
3e92_ligand,8.62
3e93_ligand,9.98
3eax_ligand,3.09
3e6y_ligand,4.74
3eb1_ligand,3.38
3dx1_ligand,4.53
3dx2_ligand,5.69
3dx3_ligand,4.94
3dx4_ligand,5.66
3ebl_ligand,7.94
3e12_ligand,5.27
3eeb_ligand,6.42
3ehy_ligand,4.44
3ehx_ligand,6.38
3eft_ligand,5.59
3ebh_ligand,6.35
3ebi_ligand,6.44
3eko_ligand,5.4
3egt_ligand,6.88
3ekp_ligand,7.76
3ekr_ligand,6.88
3ed0_ligand,5.03
3ekv_ligand,8.98
3ekt_ligand,8.02
3ekw_ligand,8.59
3ekx_ligand,8.44
3ejq_ligand,7.2
3ejp_ligand,7.12
3el1_ligand,8.61
3el4_ligand,8.57
3ejr_ligand,7.17
3el5_ligand,7.81
3el9_ligand,8.78
3ery_ligand,5.74
3eqr_ligand,7.97
3evd_ligand,4.44
3ebo_ligand,6.08
3ewj_ligand,8.7
3ewc_ligand,5.42
3elc_ligand,4.03
3ebp_ligand,6.56
3f1a_ligand,5.66
3f7h_ligand,6.19
3f6g_ligand,4.37
3f7i_ligand,6.93
3f5j_ligand,4.79
3f8c_ligand,7.61
3f5k_ligand,4.47
3f5l_ligand,3.36
3f8e_ligand,0.79
3f7g_ligand,6.06
3f3c_ligand,6.24
3f3d_ligand,5.33
3f3e_ligand,5.33
3f15_ligand,6.38
3f16_ligand,6.26
3f8f_ligand,6.42
3f17_ligand,6.15
3f18_ligand,5.65
3f19_ligand,5.68
3exe_ligand,6.36
3exh_ligand,4.82
3f78_ligand,4.0
3f68_ligand,6.6
3fcq_ligand,3.34
3fas_ligand,5.48
3fat_ligand,6.1
3f70_ligand,2.94
3ffg_ligand,9.2
3ffp_ligand,6.79
3f80_ligand,3.92
3f6e_ligand,6.1
3f48_ligand,4.48
3fhb_ligand,4.66
3fh7_ligand,7.17
3fj7_ligand,4.01
3fqe_ligand,7.76
3dyo_ligand,3.88
3fjg_ligand,3.67
3fur_ligand,8.64
3fed_ligand,5.46
3fl5_ligand,8.22
3fee_ligand,4.96
3ff3_ligand,3.74
3fql_ligand,8.27
3fuz_ligand,5.29
3fv1_ligand,8.28
3fv2_ligand,8.05
3fuc_ligand,5.55
3fwv_ligand,5.71
3fvh_ligand,5.47
3fvk_ligand,7.76
3fvn_ligand,7.14
3fv3_ligand,7.6
3fzy_ligand,6.46
3g0e_ligand,7.79
3g0w_ligand,9.22
3g1d_ligand,5.41
3g2y_ligand,3.69
3fvl_ligand,3.82
3g2z_ligand,4.37
3g19_ligand,5.54
3g1v_ligand,5.16
3g3r_ligand,6.39
3fx6_ligand,4.61
3g5k_ligand,7.81
3g0i_ligand,3.55
3g30_ligand,3.27
3g31_ligand,2.64
3g32_ligand,4.2
3g34_ligand,3.31
3g35_ligand,6.43
3gba_ligand,8.69
3ga5_ligand,5.54
3gbb_ligand,7.11
3gcp_ligand,7.78
3gbe_ligand,4.13
3gcs_ligand,8.61
3gc4_ligand,7.02
3ggu_ligand,7.77
3gc5_ligand,7.61
3gi4_ligand,8.16
3gi5_ligand,8.27
3gi6_ligand,8.12
3fzn_ligand,5.64
3gcu_ligand,9.38
3gdt_ligand,3.88
3gk1_ligand,3.47
3gkz_ligand,6.96
3gjw_ligand,4.65
3ge7_ligand,7.81
3gm0_ligand,6.54
3gr2_ligand,3.75
3gqz_ligand,2.98
3gt9_ligand,6.03
3gs6_ligand,5.07
3gsm_ligand,4.57
3gnw_ligand,9.39
3gss_ligand,5.67
3gta_ligand,6.31
3gst_ligand,7.03
3gtc_ligand,2.56
3gvb_ligand,5.21
3gv9_ligand,3.04
3f37_ligand,3.09
3gvu_ligand,8.8
3gy2_ligand,5.77
3gy4_ligand,4.69
3gy3_ligand,6.11
3gy7_ligand,4.24
3h1x_ligand,3.16
3gx0_ligand,4.33
3h5b_ligand,8.22
3h8b_ligand,6.59
3f34_ligand,3.54
3h30_ligand,5.08
3hcm_ligand,2.25
3h89_ligand,6.46
3hk1_ligand,5.16
3f33_ligand,3.82
3hf8_ligand,7.46
3hek_ligand,8.01
3hfb_ligand,7.47
3hit_ligand,5.87
3hb4_ligand,8.96
3h78_ligand,4.73
3hkq_ligand,4.1
3hkn_ligand,3.41
3hkt_ligand,4.28
3hku_ligand,7.06
3hl5_ligand,4.88
3hkw_ligand,8.49
3hky_ligand,7.9
3hl7_ligand,7.84
3hmo_ligand,7.53
3hmp_ligand,4.92
3hs4_ligand,6.15
3hll_ligand,8.23
3hl8_ligand,4.97
3hub_ligand,8.52
3hv8_ligand,7.74
3hvi_ligand,8.27
3huc_ligand,7.21
3hp9_ligand,5.38
3hvj_ligand,8.01
3hig_ligand,7.51
3hzm_ligand,4.54
3i7e_ligand,9.54
3i6o_ligand,10.04
3hzk_ligand,5.15
3hzv_ligand,5.22
3i5z_ligand,8.27
3i4y_ligand,4.5
3i25_ligand,8.72
3i60_ligand,8.2
3i9g_ligand,7.51
3i51_ligand,5.06
3i4b_ligand,7.97
3i73_ligand,-0.18
3hww_ligand,2.8
3ibi_ligand,5.02
3ibl_ligand,5.33
3ibn_ligand,6.42
3ibu_ligand,5.54
3ikd_ligand,5.61
3ikg_ligand,5.73
3igp_ligand,4.77
3ies_ligand,9.07
3ifl_ligand,6.71
3ijh_ligand,4.17
3imc_ligand,4.75
3iof_ligand,3.86
3iog_ligand,4.18
3ime_ligand,2.51
3ip8_ligand,3.44
3iob_ligand,5.07
3ip5_ligand,4.66
3ioc_ligand,5.88
3ip6_ligand,5.64
3ioe_ligand,4.77
3iod_ligand,3.99
3ip9_ligand,3.98
3iph_ligand,7.76
3ipq_ligand,9.35
3isj_ligand,6.11
3ipu_ligand,7.44
3iqu_ligand,4.99
3iss_ligand,5.83
3hu3_ligand,5.83
3iw5_ligand,7.56
3iw6_ligand,6.09
3iue_ligand,6.47
3iub_ligand,7.35
3ivc_ligand,5.35
3ivg_ligand,6.27
3ivx_ligand,6.27
3iae_ligand,6.14
3jrs_ligand,5.08
3juo_ligand,5.41
3jup_ligand,5.58
3jvr_ligand,5.58
3jvs_ligand,6.37
3jy0_ligand,6.68
3jrx_ligand,9.41
3jya_ligand,6.65
3jyr_ligand,5.41
3jdw_ligand,2.59
3jzh_ligand,3.31
3jzj_ligand,5.58
3k00_ligand,4.37
3iww_ligand,7.2
3k2f_ligand,6.47
3juk_ligand,5.01
3k5v_ligand,6.67
3k02_ligand,5.32
3k5x_ligand,4.47
3k97_ligand,7.35
3k4q_ligand,5.33
3k99_ligand,7.11
3k8c_ligand,3.81
3kdb_ligand,9.19
3kdc_ligand,9.48
3k8o_ligand,5.33
3kdd_ligand,8.61
3kek_ligand,9.6
3k8q_ligand,6.06
3kgp_ligand,3.19
3kgq_ligand,3.43
3kdm_ligand,8.47
3kiv_ligand,3.57
3kgt_ligand,5.89
3kgu_ligand,5.66
3kku_ligand,4.53
3kjd_ligand,7.09
3kmc_ligand,6.33
3k37_ligand,7.43
3kr8_ligand,9.3
3i3b_ligand,3.56
3kwa_ligand,3.27
3kyq_ligand,4.3
3l0v_ligand,5.04
3kmy_ligand,4.44
3kmx_ligand,5.3
3l3l_ligand,6.98
3l3m_ligand,7.77
3kv2_ligand,4.3
3kqr_ligand,3.83
3l3n_ligand,6.65
3k4d_ligand,3.89
3le9_ligand,5.98
3l59_ligand,4.45
3ldp_ligand,5.41
3l4u_ligand,3.43
3l4v_ligand,4.87
3l4w_ligand,4.54
3ldq_ligand,5.29
3lea_ligand,6.21
3l4x_ligand,5.24
3lir_ligand,6.36
3l4y_ligand,5.04
3lgs_ligand,5.04
3l4z_ligand,5.35
3liw_ligand,7.27
3ljg_ligand,7.2
3ljz_ligand,8.68
3ljo_ligand,6.31
3lk8_ligand,6.59
3lka_ligand,4.08
3k1j_ligand,6.03
3lzs_ligand,8.93
3lzu_ligand,7.68
3lxe_ligand,6.84
3lxk_ligand,7.87
3lpk_ligand,9.53
3lpi_ligand,8.19
3lmk_ligand,4.81
3lp4_ligand,3.7
3lzz_ligand,3.15
3lp7_ligand,4.5
3m1k_ligand,3.52
3lvw_ligand,4.1
3lpp_ligand,4.83
3m3x_ligand,6.01
3m5e_ligand,6.7
3m6r_ligand,7.24
3m3c_ligand,4.25
3m35_ligand,7.03
3m36_ligand,9.35
3m3z_ligand,4.51
3m37_ligand,9.08
3m40_ligand,6.89
3kr4_ligand,6.6
3m8u_ligand,5.82
3lpl_ligand,4.86
3m67_ligand,7.02
3m96_ligand,7.47
3mam_ligand,2.99
3mdz_ligand,6.07
3lq2_ligand,6.14
3mhc_ligand,9.05
3mhi_ligand,6.28
3mhl_ligand,6.96
3mhm_ligand,6.37
3mho_ligand,5.76
3mhw_ligand,2.95
3miy_ligand,6.56
3ml2_ligand,6.54
3mi2_ligand,6.5
3ml5_ligand,7.01
3mfv_ligand,4.43
3mfw_ligand,3.76
3mmf_ligand,5.88
3mna_ligand,6.14
3mi3_ligand,4.09
3mf5_ligand,6.26
3ms9_ligand,4.64
3mss_ligand,4.7
3mxd_ligand,8.49
3mjl_ligand,2.35
3mxe_ligand,9.42
3myg_ligand,5.73
3mof_ligand,3.3
3myq_ligand,7.54
3mzc_ligand,5.87
3n0n_ligand,7.58
3mz6_ligand,4.94
3n2p_ligand,7.33
3n2u_ligand,6.11
3n2v_ligand,7.31
3n3g_ligand,5.56
3n4b_ligand,7.21
3n3j_ligand,6.39
3n7o_ligand,8.48
3n35_ligand,3.64
3nb5_ligand,7.08
3n9r_ligand,4.49
3nee_ligand,5.71
3n9s_ligand,5.32
3n1c_ligand,4.2
3neo_ligand,6.03
3nes_ligand,5.53
3nex_ligand,6.11
3nhi_ligand,8.17
3ng4_ligand,3.28
3nht_ligand,6.71
3ni5_ligand,5.97
3nkk_ligand,5.09
3nik_ligand,4.61
3nq3_ligand,5.45
3nim_ligand,4.59
3n7a_ligand,5.76
3npc_ligand,9.78
3nq9_ligand,3.47
3n8k_ligand,5.73
3nu3_ligand,9.64
3nu4_ligand,9.51
3n76_ligand,7.44
3n86_ligand,8.15
3nu5_ligand,9.11
3nu6_ligand,8.86
3nu9_ligand,8.73
3nuj_ligand,8.76
3nuo_ligand,9.06
3nx7_ligand,6.48
3nyx_ligand,8.29
3nzk_ligand,7.57
3nxq_ligand,6.09
3o5x_ligand,3.87
3nox_ligand,5.88
3nw3_ligand,5.73
3nsn_ligand,5.72
3o9a_ligand,10.65
3nyd_ligand,4.0
3o8p_ligand,7.21
3o9d_ligand,9.89
3o4k_ligand,6.0
3o5n_ligand,5.18
3o9e_ligand,9.67
3o9i_ligand,10.05
3o99_ligand,9.88
3oaf_ligand,7.31
3ocp_ligand,6.39
3o56_ligand,7.37
3oe4_ligand,6.92
3o84_ligand,6.75
3o9p_ligand,6.92
3oe5_ligand,6.53
3o75_ligand,5.01
3ocz_ligand,5.47
3oil_ligand,5.83
3oim_ligand,6.1
3ok9_ligand,8.54
3oku_ligand,5.9
3ov1_ligand,5.53
3ohi_ligand,4.51
3ouj_ligand,3.99
3ove_ligand,6.1
3ovn_ligand,3.2
3old_ligand,5.55
3oy0_ligand,5.62
3owj_ligand,7.1
3own_ligand,8.98
3oy8_ligand,3.46
3oyq_ligand,6.26
3oyw_ligand,3.56
3ozj_ligand,5.07
3ozr_ligand,4.88
3ozs_ligand,6.55
3mv0_ligand,3.69
3ozt_ligand,7.08
3p2e_ligand,5.76
3muz_ligand,3.35
3p3g_ligand,7.36
3p3s_ligand,6.5
3p3r_ligand,6.48
3p4v_ligand,4.29
3p5o_ligand,7.0
3p5l_ligand,5.85
3p8n_ligand,8.51
3p3t_ligand,5.83
3ozg_ligand,5.92
3p8o_ligand,8.1
3o7u_ligand,5.77
3p8p_ligand,4.51
3p8z_ligand,7.0
3p7i_ligand,5.34
3ozp_ligand,5.75
3p9l_ligand,6.01
3p9m_ligand,6.18
3p58_ligand,3.38
3p17_ligand,5.98
3pb7_ligand,5.51
3pb8_ligand,3.42
3pb9_ligand,4.89
3pbb_ligand,5.65
3pgl_ligand,3.19
3pe1_ligand,8.52
3pd8_ligand,6.33
3pe2_ligand,8.43
3pd9_ligand,5.74
3pn4_ligand,7.15
3pgu_ligand,5.57
3pn1_ligand,6.23
3pju_ligand,8.4
3po6_ligand,4.26
3po1_ligand,5.75
3ppp_ligand,4.02
3ppq_ligand,3.12
3ppr_ligand,3.85
3prs_ligand,7.75
3ps1_ligand,6.88
3pwd_ligand,6.27
3pwm_ligand,8.9
3pyy_ligand,7.12
3pww_ligand,8.8
3ppm_ligand,8.27
3q6w_ligand,8.54
3pwk_ligand,3.0
3pfp_ligand,5.51
3q6z_ligand,4.78
3q7q_ligand,6.29
3q2j_ligand,5.17
3q71_ligand,5.32
3q1x_ligand,3.92
3qaa_ligand,8.32
3qbc_ligand,4.9
3qdd_ligand,7.27
3pce_ligand,2.71
3pcf_ligand,2.95
3qgw_ligand,5.4
3qfd_ligand,5.99
3pcn_ligand,1.83
3pcg_ligand,1.61
3qgy_ligand,5.04
3qkd_ligand,8.58
3pcj_ligand,4.44
3pck_ligand,5.13
3qlm_ligand,5.49
3q44_ligand,7.19
3qox_ligand,6.04
3qqa_ligand,5.81
3qqs_ligand,5.47
3qps_ligand,5.82
3qto_ligand,6.92
3qx9_ligand,4.85
3qxt_ligand,6.77
3qtv_ligand,6.77
3qxv_ligand,6.44
3r1v_ligand,5.96
3qwc_ligand,6.46
3qx5_ligand,7.11
3qt6_ligand,6.23
3qw5_ligand,6.12
3r4m_ligand,5.44
3r4n_ligand,6.18
3r4p_ligand,7.82
3r6u_ligand,3.8
3r5t_ligand,6.75
3qfy_ligand,5.22
3rdo_ligand,6.55
3qfz_ligand,3.75
3r16_ligand,6.19
3r17_ligand,6.06
3rdq_ligand,6.56
3r7o_ligand,8.66
3r24_ligand,5.34
3re4_ligand,6.2
3rf4_ligand,5.5
3rlb_ligand,6.9
3r88_ligand,4.17
3rf5_ligand,5.04
3rlp_ligand,6.21
3rlq_ligand,6.48
3rlr_ligand,7.17
3rm4_ligand,6.16
3rm9_ligand,5.0
3roc_ligand,7.89
3rsx_ligand,5.2
3ru1_ligand,4.83
3rt8_ligand,6.56
3rv4_ligand,0.0
3rux_ligand,9.27
3rtf_ligand,6.92
3rr4_ligand,5.81
3ryj_ligand,5.28
3ryv_ligand,5.08
3ryx_ligand,5.93
3rwp_ligand,7.91
3rv8_ligand,5.47
3rbu_ligand,2.9
3ryy_ligand,5.3
3ryz_ligand,6.42
3rz0_ligand,5.89
3rz1_ligand,6.82
3s0b_ligand,6.77
3rz8_ligand,6.46
3rz5_ligand,6.13
3rz7_ligand,6.57
3s0d_ligand,5.75
3s0e_ligand,5.16
3s8n_ligand,5.98
3s8l_ligand,5.56
3s8o_ligand,5.99
3s43_ligand,9.02
3s45_ligand,8.6
3s2v_ligand,5.77
3s54_ligand,7.96
3s71_ligand,6.78
3s9e_ligand,5.26
3s75_ligand,5.8
3s73_ligand,5.69
3s5y_ligand,5.86
3s72_ligand,5.81
3s76_ligand,3.93
3s77_ligand,6.2
3s78_ligand,4.38
3sha_ligand,6.29
3shc_ligand,5.77
3si3_ligand,5.69
3s6t_ligand,6.65
3si4_ligand,6.81
3spf_ligand,4.01
3slz_ligand,7.8
3st5_ligand,9.48
3sm2_ligand,8.32
3sk2_ligand,5.48
3str_ligand,8.12
3sr4_ligand,5.97
3sfg_ligand,3.15
3su0_ligand,7.35
3std_ligand,10.03
3su1_ligand,7.31
3su2_ligand,7.86
3su4_ligand,7.04
3su3_ligand,7.54
3su5_ligand,7.03
3su6_ligand,7.58
3suf_ligand,7.72
3sue_ligand,7.68
3sug_ligand,6.82
3sio_ligand,7.32
3sur_ligand,5.04
3sus_ligand,5.36
3sw8_ligand,5.39
3sut_ligand,6.43
3suu_ligand,6.17
3sv2_ligand,6.19
3suv_ligand,4.83
3sjf_ligand,7.64
3suw_ligand,5.66
3t1m_ligand,4.38
3t0x_ligand,9.41
3sxf_ligand,8.19
3t2w_ligand,5.6
3t3c_ligand,9.38
3t01_ligand,1.98
3t5u_ligand,7.41
3t3u_ligand,8.16
3t1a_ligand,10.55
3t60_ligand,6.56
3t6b_ligand,6.17
3t64_ligand,6.52
3t82_ligand,6.48
3t83_ligand,6.71
3t84_ligand,6.1
3t70_ligand,6.82
3sww_ligand,6.43
3t8v_ligand,6.85
3t85_ligand,6.71
3ta0_ligand,5.03
3ta1_ligand,5.75
3tay_ligand,3.24
3tf6_ligand,3.89
3td4_ligand,4.8
3tao_ligand,3.88
3tfn_ligand,6.18
3tfp_ligand,5.9
3tb6_ligand,4.61
3tcg_ligand,5.66
3th9_ligand,7.68
3tk2_ligand,4.74
3tif_ligand,5.84
3tkw_ligand,7.79
3tfu_ligand,5.0
3ts4_ligand,7.31
3tsk_ligand,7.14
3tt4_ligand,6.81
3ttp_ligand,8.72
3tmk_ligand,7.51
3ttm_ligand,5.35
3tu7_ligand,8.22
3tvc_ligand,7.66
3u5j_ligand,6.39
3twp_ligand,3.53
3u5l_ligand,6.84
3tzm_ligand,8.18
3u6h_ligand,8.77
3u6i_ligand,8.94
3tza_ligand,5.87
3tz0_ligand,4.3
3u9q_ligand,4.56
3u81_ligand,5.68
3u90_ligand,4.05
3ubd_ligand,6.83
3u8k_ligand,6.81
3u8j_ligand,6.55
3u10_ligand,7.18
3u8l_ligand,6.32
3udd_ligand,8.28
3u8n_ligand,7.59
3udh_ligand,5.79
3ueu_ligand,5.4
3u93_ligand,5.2
3u92_ligand,6.42
3uew_ligand,6.04
3uev_ligand,5.9
3uex_ligand,6.44
3ucj_ligand,4.52
3ui7_ligand,7.13
3uj9_ligand,4.66
3ug2_ligand,5.42
3t0b_ligand,3.88
3ujd_ligand,4.68
3uil_ligand,3.36
3ujc_ligand,4.44
3uo4_ligand,7.1
3uod_ligand,7.19
3upv_ligand,5.46
3up2_ligand,7.12
3umq_ligand,1.95
3upk_ligand,5.32
3t0d_ligand,3.41
3uri_ligand,6.71
3utu_ligand,8.24
3uw4_ligand,7.31
3uw5_ligand,7.17
3t09_ligand,3.63
3uug_ligand,5.48
3uu1_ligand,4.78
3uuo_ligand,6.82
3uxd_ligand,4.59
3usx_ligand,4.11
3uz5_ligand,5.53
3v2n_ligand,5.89
3uzj_ligand,4.17
3v2p_ligand,6.52
3uyr_ligand,5.15
3uxk_ligand,5.76
3v2q_ligand,6.19
3uxl_ligand,5.44
3v7x_ligand,6.37
3v3q_ligand,2.89
3v5p_ligand,7.74
3v5t_ligand,7.08
3v51_ligand,9.17
3t08_ligand,3.89
3vbd_ligand,5.76
3v78_ligand,7.45
3vf5_ligand,9.59
3vf7_ligand,9.77
3veh_ligand,5.29
3t2q_ligand,3.42
3vfa_ligand,8.86
3vfb_ligand,9.91
3vh9_ligand,5.42
3vha_ligand,8.05
3vhc_ligand,8.71
3vhd_ligand,8.78
3vhk_ligand,6.51
3vje_ligand,8.28
3v4t_ligand,5.43
3vvy_ligand,7.26
3vw2_ligand,7.15
3vw1_ligand,5.35
3w9k_ligand,6.44
3w9r_ligand,6.42
3vtr_ligand,5.07
3vx3_ligand,6.95
3w07_ligand,5.17
3vjc_ligand,8.58
3wha_ligand,6.89
3wgg_ligand,5.74
3wvm_ligand,6.62
3w5n_ligand,4.94
3wtj_ligand,6.12
3wtl_ligand,6.47
3wjw_ligand,6.22
3wtn_ligand,5.6
3wtm_ligand,6.08
3wmc_ligand,4.57
3wto_ligand,5.77
3w37_ligand,5.05
3wz6_ligand,5.99
3wz7_ligand,7.93
3wz8_ligand,7.43
3zbx_ligand,8.59
3wzn_ligand,5.59
3zc5_ligand,8.85
3zcl_ligand,8.36
3x00_ligand,5.94
3zdv_ligand,5.41
3zk6_ligand,5.87
3zi8_ligand,4.64
3zj6_ligand,7.72
3zhx_ligand,5.59
3zi0_ligand,5.92
3zln_ligand,9.41
3zlr_ligand,9.54
3zm9_ligand,6.55
3znr_ligand,7.7
3zdg_ligand,6.15
3zdh_ligand,6.57
3zps_ligand,7.55
3zpu_ligand,8.53
3zns_ligand,7.5
3zqe_ligand,3.96
3zso_ligand,6.55
3zsq_ligand,5.92
3zq9_ligand,5.04
3zsx_ligand,5.85
3zsy_ligand,5.21
3zt2_ligand,5.2
3zt3_ligand,5.74
3zll_ligand,4.29
3zyu_ligand,7.01
3zyf_ligand,4.98
3zxz_ligand,8.64
4a4q_ligand,8.34
3zze_ligand,8.42
4a4v_ligand,6.18
4a4w_ligand,7.03
4a6b_ligand,8.26
4a6s_ligand,4.55
4a6c_ligand,8.37
4ab9_ligand,3.06
4a7i_ligand,7.6
4aba_ligand,4.29
4a95_ligand,5.88
4abb_ligand,4.37
4abd_ligand,4.16
3zv7_ligand,4.97
4abe_ligand,3.91
4abf_ligand,4.57
4abg_ligand,4.18
4abh_ligand,4.26
4aci_ligand,3.63
4a6l_ligand,7.8
4ad6_ligand,4.51
4ad2_ligand,5.05
4ad3_ligand,4.32
3vd9_ligand,3.97
4ag8_ligand,9.5
4agc_ligand,9.63
3vd4_ligand,3.93
4agl_ligand,3.92
4acc_ligand,6.64
4agm_ligand,4.14
4agn_ligand,4.85
4ago_ligand,5.17
4agq_ligand,5.36
4agp_ligand,5.05
4ahr_ligand,3.43
4ahs_ligand,3.51
4ai5_ligand,3.01
4aia_ligand,3.54
4ahu_ligand,4.11
3vdb_ligand,2.74
4afg_ligand,7.2
4aoi_ligand,9.69
4ap7_ligand,8.2
4app_ligand,7.09
4aq4_ligand,5.41
4aqh_ligand,6.89
4asd_ligand,9.29
4ase_ligand,9.92
4att_ligand,6.39
4alx_ligand,8.07
4auj_ligand,6.64
4aje_ligand,3.24
4aj4_ligand,3.5
4av4_ligand,5.66
4aji_ligand,3.55
4ajl_ligand,5.43
4asj_ligand,7.66
4av5_ligand,6.94
4avh_ligand,5.74
4avi_ligand,6.13
4ara_ligand,6.75
4arb_ligand,6.88
4avj_ligand,5.13
4arw_ligand,6.23
4ax9_ligand,8.29
4ayp_ligand,5.08
4ayq_ligand,4.69
4az6_ligand,7.47
4b0b_ligand,5.37
4avs_ligand,2.82
4azc_ligand,5.35
4azg_ligand,6.54
4b2i_ligand,3.37
4azi_ligand,7.1
4b1j_ligand,6.73
4b2l_ligand,3.83
4axd_ligand,4.53
4ayu_ligand,3.53
4az5_ligand,5.41
4azb_ligand,6.75
4b3b_ligand,5.34
4b3c_ligand,3.17
4b3d_ligand,3.15
4b7p_ligand,7.82
4aq6_ligand,4.88
4b6r_ligand,5.82
4b8y_ligand,7.16
4b32_ligand,3.62
4b9k_ligand,8.07
4b5d_ligand,6.31
4b33_ligand,3.86
4b9z_ligand,4.47
4b34_ligand,2.24
4b35_ligand,3.7
4b5t_ligand,3.1
4b5s_ligand,4.08
4b5w_ligand,3.17
4bak_ligand,8.52
4bah_ligand,7.95
4b6o_ligand,6.74
4b6p_ligand,7.51
4b7j_ligand,7.56
4bam_ligand,8.54
4b7r_ligand,7.64
4ban_ligand,8.3
4bao_ligand,8.11
4baq_ligand,8.14
4b6s_ligand,7.32
4b73_ligand,6.6
4b76_ligand,4.75
4b74_ligand,7.46
4bc5_ligand,4.07
4bb9_ligand,5.06
4bps_ligand,0.0
4bf1_ligand,6.84
4bf6_ligand,6.89
4bcs_ligand,6.99
4bcn_ligand,6.19
4bcm_ligand,6.44
4bco_ligand,7.38
4bck_ligand,6.32
4bcp_ligand,6.75
4bi6_ligand,3.46
4bi7_ligand,3.83
4bks_ligand,6.36
4bj8_ligand,6.76
4bkt_ligand,5.21
4bqg_ligand,6.41
4bqs_ligand,4.57
4bs0_ligand,4.82
4buq_ligand,5.34
4bqh_ligand,7.42
4bup_ligand,5.45
4btk_ligand,6.42
4bt3_ligand,2.85
4bt5_ligand,2.61
4bt4_ligand,2.81
4bny_ligand,7.57
4br3_ligand,6.25
4c2v_ligand,6.96
4c1t_ligand,6.54
4c1u_ligand,6.45
4c1y_ligand,3.73
4c5d_ligand,7.4
4c9x_ligand,6.21
4c52_ligand,6.86
4c6u_ligand,4.24
4cc5_ligand,3.4
4cd0_ligand,7.35
4cd4_ligand,5.86
4cfl_ligand,6.18
4cd5_ligand,4.56
4ca5_ligand,8.16
4ca7_ligand,7.95
4ceb_ligand,5.92
4ca6_ligand,7.66
4ca8_ligand,6.97
4cg9_ligand,6.44
4cgi_ligand,5.3
4cig_ligand,5.82
4cg8_ligand,7.59
4cj4_ligand,6.29
4cjp_ligand,5.72
4cga_ligand,6.29
4cjr_ligand,6.72
4cjq_ligand,6.04
4ck3_ligand,5.45
4cl6_ligand,7.01
4clj_ligand,9.02
4cmo_ligand,6.61
4cp5_ligand,3.84
4cp7_ligand,7.03
4cpr_ligand,6.99
4cps_ligand,8.02
4cpt_ligand,8.83
4cpw_ligand,9.2
4crb_ligand,7.48
4cra_ligand,7.44
4crc_ligand,8.08
4cr5_ligand,4.92
4crf_ligand,7.99
4cr9_ligand,4.6
4css_ligand,6.72
4csd_ligand,5.19
4cst_ligand,7.03
4cpy_ligand,6.77
4cpz_ligand,7.38
4ciw_ligand,5.74
4crl_ligand,7.85
4cs9_ligand,2.69
4cwo_ligand,7.28
4cwp_ligand,8.04
4cwq_ligand,7.93
4cwr_ligand,8.3
4cu7_ligand,5.37
4cws_ligand,7.65
4cwf_ligand,6.3
4cwn_ligand,7.76
4cwt_ligand,7.77
4cu8_ligand,5.35
4d3h_ligand,8.15
4d4d_ligand,5.05
4d1j_ligand,3.93
4d7b_ligand,5.8
4czs_ligand,5.78
4d8z_ligand,5.42
4de0_ligand,7.03
4de1_ligand,7.01
4dcs_ligand,6.24
4daf_ligand,4.97
4de2_ligand,6.97
4db7_ligand,5.09
4ddh_ligand,4.01
4ddk_ligand,3.93
4ddm_ligand,2.66
4da5_ligand,5.68
4de5_ligand,3.88
4der_ligand,4.26
4des_ligand,3.43
4dfg_ligand,9.96
4dbm_ligand,5.62
4dff_ligand,6.28
4det_ligand,4.32
4djo_ligand,9.7
4djp_ligand,9.6
4djr_ligand,7.62
4dew_ligand,1.05
4djq_ligand,9.46
4deu_ligand,5.1
4dju_ligand,5.72
4djv_ligand,7.33
4djw_ligand,6.65
4del_ligand,5.93
4dhl_ligand,2.89
4djx_ligand,6.86
4dko_ligand,6.57
4djy_ligand,7.25
4dkp_ligand,6.26
4dkq_ligand,7.29
4dkr_ligand,6.69
4dst_ligand,3.48
4dld_ligand,5.82
4dmw_ligand,4.92
4dsu_ligand,3.45
4dq2_ligand,7.48
4duh_ligand,6.59
4do4_ligand,5.7
4do5_ligand,5.39
4e3g_ligand,3.49
4e4l_ligand,8.22
4dv8_ligand,7.8
4e4n_ligand,7.66
4e6q_ligand,6.85
4dzy_ligand,5.56
4e7r_ligand,7.95
4e67_ligand,6.78
4e9u_ligand,3.53
4e5w_ligand,8.15
4e6d_ligand,7.76
4ea2_ligand,6.82
4dy6_ligand,4.76
4e0x_ligand,6.26
4efs_ligand,8.24
4egk_ligand,8.53
4e70_ligand,5.8
4ef6_ligand,3.98
4e1k_ligand,7.46
4efk_ligand,2.99
4ej8_ligand,2.44
4ehz_ligand,6.25
4ejl_ligand,3.35
4ei4_ligand,6.73
4eb8_ligand,8.3
4ek9_ligand,5.51
4elg_ligand,8.32
4elf_ligand,8.23
4elh_ligand,7.95
4dsy_ligand,2.35
4emf_ligand,6.02
4emr_ligand,5.59
4epy_ligand,5.0
4erf_ligand,6.33
4er1_ligand,7.93
4er2_ligand,7.27
4en4_ligand,4.0
4ew2_ligand,6.26
4etz_ligand,5.54
4eo6_ligand,7.22
4eo8_ligand,7.27
4eu0_ligand,6.02
4eoh_ligand,2.58
4euo_ligand,4.4
4eor_ligand,6.96
4ew3_ligand,6.04
4ewn_ligand,4.99
4exs_ligand,2.38
4ezx_ligand,5.7
4f1l_ligand,6.4
4f7v_ligand,7.73
4f0c_ligand,4.58
4f2w_ligand,7.99
4f9u_ligand,4.79
4f3k_ligand,6.29
4f5y_ligand,6.72
4f3c_ligand,8.47
4f9w_ligand,7.27
4f09_ligand,6.27
4f6u_ligand,8.64
4f6w_ligand,9.93
4f9y_ligand,7.06
4ezr_ligand,5.45
4ezz_ligand,6.13
4fai_ligand,5.53
4fcq_ligand,5.31
4f39_ligand,6.56
4fev_ligand,5.95
4flp_ligand,6.61
4few_ligand,5.68
4fht_ligand,5.29
4fl1_ligand,4.13
4fk6_ligand,8.15
4ffs_ligand,8.97
4fm7_ligand,7.65
4fm8_ligand,7.11
4fl2_ligand,4.57
4fsl_ligand,7.26
4fnn_ligand,4.69
4fxp_ligand,5.49
4g0y_ligand,3.3
4g0p_ligand,3.35
4g0q_ligand,3.39
4fz3_ligand,4.55
4g0z_ligand,3.2
4fxq_ligand,6.78
4fs4_ligand,6.8
4g4p_ligand,5.96
4fzj_ligand,1.68
4g8m_ligand,6.53
4g8v_ligand,3.85
4g5f_ligand,3.85
4g8y_ligand,4.78
4g90_ligand,3.98
4g95_ligand,7.65
4fys_ligand,6.0
4ge1_ligand,4.5
4g8n_ligand,6.08
4gah_ligand,6.13
4gfo_ligand,6.47
4gfm_ligand,6.48
4ggz_ligand,7.11
4ghi_ligand,8.4
4gg7_ligand,8.46
4gih_ligand,7.33
4gii_ligand,7.78
4gkh_ligand,6.35
4gj2_ligand,7.88
4gid_ligand,8.41
4gj3_ligand,7.91
4gbd_ligand,6.04
4gki_ligand,5.07
4gql_ligand,8.1
4gqp_ligand,6.64
4gny_ligand,5.28
4gkm_ligand,5.33
4gq4_ligand,7.11
4gr0_ligand,8.39
4gqq_ligand,3.18
4gr3_ligand,6.75
4gr8_ligand,6.89
4gqr_ligand,4.52
4gu9_ligand,5.12
4gue_ligand,6.83
4gu6_ligand,7.12
4h3f_ligand,8.69
4h3g_ligand,8.76
4h3j_ligand,7.9
4h42_ligand,3.61
4fp1_ligand,4.27
4h75_ligand,5.16
4hbm_ligand,7.75
4ha5_ligand,6.49
4hdb_ligand,7.61
4h7q_ligand,4.08
4h81_ligand,5.01
4h85_ligand,4.41
4hdf_ligand,8.26
4hdp_ligand,9.87
4heg_ligand,8.76
4hfp_ligand,7.43
4hge_ligand,7.63
4gzp_ligand,5.95
4hla_ligand,8.56
4hp0_ligand,5.47
4hj2_ligand,4.23
4hpi_ligand,4.55
4gzt_ligand,4.73
4gzw_ligand,4.46
4gzx_ligand,4.64
4ht0_ligand,5.63
4hu1_ligand,7.04
4ht2_ligand,6.31
4hw3_ligand,7.39
4hf4_ligand,8.65
4i7j_ligand,3.67
4hy1_ligand,7.96
4hym_ligand,5.69
4i7k_ligand,3.79
4i5c_ligand,8.35
4hzm_ligand,4.88
4i7l_ligand,4.14
4i7m_ligand,4.06
4i7p_ligand,3.06
4i8w_ligand,7.8
4i8n_ligand,5.42
4hwo_ligand,8.53
4i3z_ligand,4.57
4hwp_ligand,7.97
4hws_ligand,8.83
4i8z_ligand,8.07
4ibb_ligand,5.17
4ibc_ligand,5.43
4ibd_ligand,5.44
4ibe_ligand,5.17
4i54_ligand,7.44
4ibf_ligand,4.74
4ibi_ligand,6.46
4ibg_ligand,5.93
4ibj_ligand,6.47
4i71_ligand,7.34
4i72_ligand,6.75
4i74_ligand,6.8
4igt_ligand,0.0
4ibk_ligand,5.94
4ieh_ligand,8.22
4i8x_ligand,3.66
4ih3_ligand,0.94
4ih5_ligand,4.83
4in9_ligand,5.14
4i9h_ligand,7.17
4i9u_ligand,4.1
4idn_ligand,6.19
4ih7_ligand,5.3
4ih6_ligand,5.57
4ido_ligand,6.3
4ij1_ligand,5.18
4io2_ligand,5.5
4io3_ligand,5.16
4io4_ligand,5.03
4isi_ligand,8.03
4ish_ligand,8.83
4io5_ligand,4.56
4io6_ligand,4.68
4io7_ligand,4.7
4itp_ligand,5.88
4ipi_ligand,4.44
4isu_ligand,4.32
4ipj_ligand,4.5
4iue_ligand,7.71
4iic_ligand,4.95
4iid_ligand,5.23
4iie_ligand,2.48
4ipn_ligand,3.87
4iif_ligand,5.38
4iva_ligand,7.42
4ivc_ligand,8.59
4iwz_ligand,7.07
4ivb_ligand,8.36
4ivd_ligand,8.32
4iuo_ligand,5.01
4j7d_ligand,6.31
4j7e_ligand,5.07
4j3l_ligand,8.02
4j21_ligand,8.07
4j22_ligand,7.74
4j44_ligand,5.46
4j45_ligand,5.13
4j46_ligand,5.49
4j47_ligand,5.0
4j48_ligand,5.01
4j93_ligand,5.84
4j28_ligand,5.08
4je8_ligand,4.78
4jfk_ligand,6.73
4jfm_ligand,5.54
4je7_ligand,6.57
4jal_ligand,5.45
4jkw_ligand,3.11
4jia_ligand,7.3
4jfs_ligand,5.02
4jn2_ligand,7.39
4jpx_ligand,4.96
4jpy_ligand,4.76
4jsa_ligand,4.96
4jss_ligand,2.57
4jwk_ligand,5.15
4jsz_ligand,2.78
4jx9_ligand,6.07
4jxs_ligand,5.74
4jym_ligand,5.27
4jyt_ligand,7.0
4jz1_ligand,8.01
4jyb_ligand,7.07
4jyc_ligand,6.39
4k0o_ligand,3.73
4jzi_ligand,6.67
4k3h_ligand,8.03
4k0y_ligand,7.75
4k4j_ligand,7.33
4k7i_ligand,3.02
4k6i_ligand,8.14
4jne_ligand,5.9
4k7o_ligand,3.8
4jh0_ligand,6.36
4k7n_ligand,3.88
4k9y_ligand,9.55
4k55_ligand,3.27
4k18_ligand,7.86
4kao_ligand,7.83
4k77_ligand,6.08
4kb9_ligand,9.26
4kcx_ligand,4.91
4kax_ligand,5.54
4kfq_ligand,5.2
4k5p_ligand,3.39
4keq_ligand,4.02
4km0_ligand,6.15
4km2_ligand,5.6
4kmz_ligand,7.38
4kn0_ligand,7.57
4kif_ligand,2.76
4kn1_ligand,7.14
4kni_ligand,6.8
4knj_ligand,6.14
4knm_ligand,6.31
4knn_ligand,5.96
4kow_ligand,6.14
4kqp_ligand,5.68
4kp5_ligand,6.63
4kp8_ligand,6.87
4ksy_ligand,7.13
4kxn_ligand,5.97
4kiu_ligand,6.72
4kyh_ligand,5.21
4kwo_ligand,7.1
4kyk_ligand,5.65
4kz3_ligand,3.93
4kz4_ligand,4.64
4kz6_ligand,4.38
4kzq_ligand,7.77
4kx8_ligand,5.56
4kxb_ligand,5.78
4kz7_ligand,4.51
4kzu_ligand,8.24
4ks1_ligand,7.59
4l2l_ligand,7.42
4ks4_ligand,4.99
4l19_ligand,5.91
4l4z_ligand,5.06
4kwg_ligand,3.13
4kwf_ligand,6.15
4lar_ligand,5.32
4l50_ligand,5.86
4l51_ligand,4.22
4l4v_ligand,6.52
4k3n_ligand,5.09
4l6t_ligand,4.87
4lch_ligand,9.09
4lbu_ligand,7.59
4l9i_ligand,5.6
4lhv_ligand,7.4
4lj5_ligand,5.95
4lj8_ligand,6.64
4leq_ligand,7.22
4ljh_ligand,4.91
4lk7_ligand,5.18
4lhm_ligand,5.94
4lkq_ligand,2.8
4ll3_ligand,7.54
4llj_ligand,4.61
4llp_ligand,3.47
4llk_ligand,4.83
4llx_ligand,4.6
4lm0_ligand,4.06
4lm1_ligand,4.96
4ko8_ligand,6.01
4lm2_ligand,4.13
4lov_ligand,6.0
4lm3_ligand,5.05
4lm4_ligand,4.28
4loh_ligand,8.28
4loi_ligand,8.01
4loo_ligand,8.17
4luz_ligand,5.78
4loy_ligand,8.7
4lps_ligand,6.24
4lvt_ligand,9.49
4lxd_ligand,7.66
4lrr_ligand,4.33
4lzr_ligand,5.83
4lyw_ligand,5.54
4ly1_ligand,7.71
4lkk_ligand,4.35
4lxz_ligand,6.14
4lzs_ligand,4.89
4lko_ligand,6.41
4m0y_ligand,5.74
4m2r_ligand,6.68
4m2u_ligand,7.47
4ly9_ligand,9.17
4m2v_ligand,7.34
4m0r_ligand,6.69
4m2w_ligand,7.05
4m8e_ligand,7.3
4m8h_ligand,7.42
4m8x_ligand,8.18
4m8y_ligand,8.65
4m7j_ligand,4.35
4m12_ligand,8.4
4m13_ligand,8.95
4mc1_ligand,8.77
4m14_ligand,5.39
4m0e_ligand,7.68
4m0f_ligand,9.18
4mc2_ligand,8.53
4mc6_ligand,8.58
4mdn_ligand,7.13
4mc9_ligand,8.18
4mhy_ligand,5.11
4mgd_ligand,6.57
4mhz_ligand,3.99
4mn3_ligand,7.41
4mmm_ligand,3.39
4m3p_ligand,2.13
4mmp_ligand,5.42
4mnp_ligand,5.16
4mjp_ligand,5.29
4mr3_ligand,4.9
4mo8_ligand,5.8
4mme_ligand,6.69
4mo4_ligand,4.24
4mr6_ligand,5.61
4mre_ligand,2.93
4mrg_ligand,3.77
4mq6_ligand,6.56
4mpn_ligand,6.06
4mrz_ligand,4.65
4mrw_ligand,4.07
4msa_ligand,4.78
4msc_ligand,6.39
4msn_ligand,5.49
4muv_ligand,8.45
4mss_ligand,5.46
4muf_ligand,7.15
4myd_ligand,5.44
4mul_ligand,7.41
4n7u_ligand,2.14
4n6z_ligand,6.92
4m6u_ligand,3.11
4n6g_ligand,4.61
4n5d_ligand,3.69
4n7m_ligand,5.07
4na9_ligand,7.74
4n8q_ligand,3.5
4n07_ligand,6.02
4ndu_ligand,4.83
4n9a_ligand,4.67
4nbk_ligand,6.9
4nbl_ligand,7.35
4ncn_ligand,6.91
4nh7_ligand,8.69
4nh8_ligand,8.3
4n9c_ligand,4.35
4nbn_ligand,7.24
4nj9_ligand,6.02
4nnr_ligand,6.83
4np2_ligand,3.14
4nja_ligand,6.01
4non_ligand,5.18
4np3_ligand,3.88
4nkt_ligand,5.23
4nku_ligand,4.61
4nl1_ligand,3.82
4np9_ligand,3.77
4nra_ligand,4.34
4nuc_ligand,4.85
4nue_ligand,5.4
4ngm_ligand,8.14
4ngn_ligand,6.18
4ngp_ligand,7.19
4o3c_ligand,0.0
4nwc_ligand,5.52
4o0a_ligand,6.62
4o0b_ligand,9.85
4nyf_ligand,6.13
4nxu_ligand,4.09
4nxv_ligand,3.94
4o0x_ligand,8.47
4o0y_ligand,7.04
4o2p_ligand,6.52
4o2c_ligand,7.05
4nvp_ligand,7.44
4o04_ligand,8.46
4o3f_ligand,7.06
4o05_ligand,9.17
4o6w_ligand,6.88
4o07_ligand,9.8
4o9v_ligand,7.95
4o9w_ligand,4.77
4o09_ligand,9.07
4o61_ligand,2.86
4o97_ligand,6.4
4oak_ligand,3.58
4oag_ligand,3.56
4oct_ligand,1.32
4ogj_ligand,5.4
4ocq_ligand,5.04
4og3_ligand,5.44
4oeu_ligand,2.03
4og4_ligand,5.62
4oiv_ligand,7.77
4omj_ligand,7.7
4or4_ligand,4.97
4oks_ligand,5.8
4oc0_ligand,6.88
4omc_ligand,6.9
4omk_ligand,7.38
4oc2_ligand,8.27
4oc3_ligand,8.27
4oc1_ligand,6.43
4or6_ligand,4.03
4oc5_ligand,8.19
4o2b_ligand,8.26
4ovg_ligand,4.33
4ovf_ligand,4.62
4p3h_ligand,4.92
4ozj_ligand,6.08
4p5d_ligand,8.57
4oma_ligand,6.27
4p5z_ligand,8.48
4p6w_ligand,8.81
4p6x_ligand,9.02
4p58_ligand,5.03
4p6c_ligand,3.33
4owm_ligand,3.78
4owv_ligand,3.52
4ovh_ligand,4.37
4pcs_ligand,5.82
4pee_ligand,6.04
4pin_ligand,3.9
4pop_ligand,7.18
4poh_ligand,7.05
4pmm_ligand,9.13
4pb2_ligand,4.9
4poj_ligand,7.62
4pg9_ligand,7.67
4phu_ligand,6.76
4pow_ligand,7.22
4pft_ligand,6.29
4pfu_ligand,4.63
4ou3_ligand,5.48
4pf5_ligand,4.08
4pnu_ligand,4.93
4pox_ligand,6.74
4pp0_ligand,7.13
4pp3_ligand,7.44
4psb_ligand,7.31
4pp5_ligand,7.4
4q0k_ligand,7.78
4q1w_ligand,9.61
4q1x_ligand,9.51
4pv5_ligand,5.1
4pzv_ligand,6.53
4q1y_ligand,9.46
4pqa_ligand,3.13
4pum_ligand,6.63
4pvx_ligand,8.2
4pvy_ligand,8.7
4q6d_ligand,6.37
4q7p_ligand,3.66
4q6e_ligand,6.4
4q4o_ligand,7.06
4q7s_ligand,3.26
4q3t_ligand,3.28
4q4p_ligand,6.63
4q7v_ligand,3.61
4q4q_ligand,6.64
4q4r_ligand,7.45
4q3u_ligand,4.59
4q7w_ligand,3.36
4q8x_ligand,4.37
4q8y_ligand,5.35
4q4s_ligand,6.78
4q08_ligand,6.96
4q9y_ligand,3.93
4q46_ligand,4.99
4q09_ligand,7.4
4q81_ligand,3.83
4q9o_ligand,8.67
4q83_ligand,4.36
4q87_ligand,3.53
4q90_ligand,2.95
4qb3_ligand,6.04
4qem_ligand,3.68
4q19_ligand,5.84
4q99_ligand,4.33
4qd6_ligand,4.53
4qdk_ligand,5.05
4q93_ligand,5.19
4qer_ligand,5.29
4qev_ligand,6.51
4qew_ligand,6.68
4qf7_ligand,3.71
4qf8_ligand,3.36
4qgd_ligand,3.72
4qac_ligand,8.5
4qgi_ligand,9.51
4qf9_ligand,4.83
4qfl_ligand,6.18
4qfn_ligand,5.17
4qfo_ligand,6.03
4qfp_ligand,4.91
4qge_ligand,7.27
4qjx_ligand,5.58
4ql1_ligand,7.72
4qj0_ligand,7.06
4qjw_ligand,6.21
4qlk_ligand,5.59
4qll_ligand,5.52
4qp2_ligand,4.28
4qpd_ligand,6.67
4qsu_ligand,2.86
4qsv_ligand,3.53
4qpl_ligand,6.31
4qtl_ligand,4.03
4qrh_ligand,6.02
4qy3_ligand,4.15
4qxo_ligand,6.78
4qyy_ligand,9.11
4r4c_ligand,7.11
4r4i_ligand,6.59
4r4o_ligand,5.04
4r4t_ligand,6.22
4qnb_ligand,7.84
4r5a_ligand,6.33
4r5b_ligand,5.41
4r3w_ligand,4.79
4r59_ligand,5.39
4qij_ligand,8.35
4r06_ligand,7.58
4r73_ligand,6.7
4r74_ligand,5.53
4r75_ligand,5.68
4r5t_ligand,7.8
4rdn_ligand,4.72
4rd0_ligand,7.72
4ra1_ligand,5.62
4rak_ligand,8.85
4rd3_ligand,7.69
4rd6_ligand,7.49
4r0a_ligand,6.25
4rfc_ligand,5.7
4rfd_ligand,4.87
4rfr_ligand,7.65
4rfm_ligand,9.09
4re2_ligand,4.47
4re4_ligand,5.47
4riu_ligand,5.25
4riv_ligand,5.69
4rj8_ligand,7.5
4rn4_ligand,6.42
4rhx_ligand,6.0
4rlt_ligand,6.3
4rpn_ligand,5.96
4rlu_ligand,6.44
4rlw_ligand,6.48
4rqk_ligand,5.48
4rr6_ligand,6.1
4rqv_ligand,5.9
4rra_ligand,6.13
4rrf_ligand,6.37
4rpo_ligand,5.84
4rrg_ligand,5.17
4rsk_ligand,4.05
4rux_ligand,5.29
4ruy_ligand,5.44
4rvr_ligand,5.12
4ruz_ligand,4.83
4tjz_ligand,4.52
4sga_ligand,6.76
4tkb_ligand,5.45
4rwj_ligand,8.59
4rww_ligand,8.01
4s1g_ligand,8.15
4tkj_ligand,6.57
4tkh_ligand,6.04
4ryd_ligand,6.98
4tim_ligand,2.87
4std_ligand,8.19
4tpw_ligand,4.04
4tln_ligand,2.86
4tmk_ligand,6.33
4tqn_ligand,5.64
4tt2_ligand,4.03
4tte_ligand,4.27
4tu4_ligand,5.34
4r76_ligand,6.03
4tun_ligand,0.14
4trc_ligand,2.78
4ty6_ligand,7.49
4tmn_ligand,7.68
4twp_ligand,7.42
4tz2_ligand,5.65
4ty7_ligand,7.81
4ts1_ligand,4.03
4u1b_ligand,3.93
4u0w_ligand,7.07
4u5n_ligand,4.81
4u6c_ligand,4.08
4u5o_ligand,2.91
4u6w_ligand,3.97
4u8w_ligand,7.12
4u5s_ligand,3.4
4u6z_ligand,3.7
4u69_ligand,4.01
4u70_ligand,4.42
4u71_ligand,3.18
4u54_ligand,2.72
4u43_ligand,5.57
4u73_ligand,4.19
4u0f_ligand,7.1
4ua8_ligand,5.74
4ucc_ligand,4.47
4uac_ligand,5.28
4uc5_ligand,5.31
4ufh_ligand,5.49
4ufi_ligand,5.57
4ufk_ligand,5.28
4uj1_ligand,6.77
4ufj_ligand,5.35
4ual_ligand,7.79
4uin_ligand,6.35
4uj2_ligand,7.49
4uja_ligand,7.0
4ufl_ligand,4.57
4ufm_ligand,5.78
4ujb_ligand,7.32
4up5_ligand,3.18
4unp_ligand,5.65
4und_ligand,8.3
4uye_ligand,6.05
4uyf_ligand,6.66
4uof_ligand,5.01
4us3_ligand,7.77
4v01_ligand,9.27
4v24_ligand,9.42
4v27_ligand,4.85
4urz_ligand,6.74
4ury_ligand,6.21
4uma_ligand,3.66
4umb_ligand,4.3
4uoh_ligand,5.57
4umc_ligand,4.24
4w9c_ligand,6.47
4w9d_ligand,6.71
4w9f_ligand,7.28
4w9h_ligand,7.57
4w9i_ligand,7.42
4w9o_ligand,7.07
4w9l_ligand,7.63
4w9p_ligand,7.39
4w9j_ligand,7.44
4w9k_ligand,7.67
4w52_ligand,3.46
4wa9_ligand,8.31
4wiv_ligand,6.15
4w97_ligand,7.84
4wk1_ligand,7.58
4wn5_ligand,6.78
4wkb_ligand,7.86
4wkn_ligand,7.78
4wt2_ligand,7.89
4wko_ligand,7.18
4x3k_ligand,5.99
4x5p_ligand,6.82
4wov_ligand,6.48
4wkp_ligand,6.31
4wop_ligand,5.64
4wrb_ligand,7.63
4x5q_ligand,7.65
4x5r_ligand,6.09
4x5z_ligand,6.74
4x5y_ligand,7.48
4whs_ligand,3.06
4x6m_ligand,8.51
4x6n_ligand,8.7
4x6o_ligand,8.25
4x8o_ligand,9.42
4x50_ligand,7.23
4x8u_ligand,3.78
4x8v_ligand,7.13
4xip_ligand,7.75
4x24_ligand,7.98
4xaq_ligand,6.84
4xar_ligand,6.75
4xas_ligand,7.27
4x48_ligand,6.89
4xir_ligand,8.48
4xiq_ligand,8.82
4xit_ligand,9.32
4xo8_ligand,5.63
4xoc_ligand,6.25
4xmb_ligand,8.2
4xk9_ligand,11.55
4xoe_ligand,6.43
4xt2_ligand,9.48
4xmr_ligand,5.37
4xtv_ligand,9.52
4xtw_ligand,8.7
4xty_ligand,9.21
4xtx_ligand,8.76
4xu0_ligand,8.64
4xtz_ligand,8.81
4xu1_ligand,9.27
4xu2_ligand,8.22
4xu3_ligand,7.02
4xy8_ligand,5.7
4xya_ligand,6.06
4y0a_ligand,4.17
4xxh_ligand,5.61
4y3j_ligand,2.69
4y3y_ligand,3.25
4y4j_ligand,2.23
4y8x_ligand,8.06
4y2q_ligand,5.4
4y79_ligand,6.62
4y5d_ligand,7.52
4y59_ligand,5.95
4yc0_ligand,6.1
4ybk_ligand,7.95
4yb5_ligand,5.55
4yes_ligand,7.68
4ygf_ligand,4.56
4yha_ligand,3.6
4yk0_ligand,4.7
4yhm_ligand,6.66
4yho_ligand,7.63
4ykj_ligand,4.16
4ykk_ligand,4.37
4ymx_ligand,6.28
4ymq_ligand,7.95
4ymb_ligand,6.31
4ymg_ligand,5.17
4ynl_ligand,4.81
4yml_ligand,8.32
4ymh_ligand,5.7
4ynb_ligand,8.42
4yo8_ligand,7.73
4ytc_ligand,7.12
4yth_ligand,7.12
4yx4_ligand,5.01
4ysl_ligand,4.11
4yxi_ligand,4.87
4yrd_ligand,3.58
4yyt_ligand,4.83
4z1e_ligand,5.88
4yzu_ligand,7.43
4z1j_ligand,8.13
4z0q_ligand,6.79
4z0k_ligand,7.45
4z1k_ligand,8.4
4z2b_ligand,8.81
4z93_ligand,7.1
4z83_ligand,7.29
4z07_ligand,6.49
4z84_ligand,6.47
4zae_ligand,7.39
4zbf_ligand,8.17
4zb6_ligand,5.15
4zbi_ligand,8.4
4zb8_ligand,5.13
4zcs_ligand,5.75
4zba_ligand,5.45
4zgk_ligand,5.11
4zip_ligand,9.29
4zei_ligand,6.22
4zeb_ligand,5.65
4zek_ligand,5.86
4zec_ligand,5.65
4zji_ligand,9.12
4zls_ligand,8.79
4zl4_ligand,7.37
4zme_ligand,5.32
4zt8_ligand,2.31
4zow_ligand,4.88
4zv1_ligand,6.46
4zv2_ligand,5.44
4zo5_ligand,8.32
4zvi_ligand,5.13
4zwx_ligand,4.59
4zwz_ligand,5.52
4zx0_ligand,6.24
4zx1_ligand,4.81
4zyf_ligand,7.31
4zw5_ligand,8.09
4zzd_ligand,5.62
4zw6_ligand,7.33
4zw8_ligand,7.32
4zw7_ligand,8.55
4zzx_ligand,6.45
4zzy_ligand,8.6
5a2i_ligand,3.84
5a5q_ligand,4.22
4zx3_ligand,7.06
5a7b_ligand,5.54
4zx4_ligand,7.9
5a6x_ligand,5.66
5a81_ligand,5.13
4zzz_ligand,5.96
5aan_ligand,5.02
5acy_ligand,6.52
5aa9_ligand,8.8
5aba_ligand,4.64
5ahw_ligand,6.74
5ad1_ligand,5.97
5am6_ligand,6.64
5alb_ligand,9.1
5amd_ligand,6.75
5am7_ligand,6.25
5amg_ligand,6.52
5ant_ligand,6.88
5anu_ligand,7.99
5a6k_ligand,5.46
5aml_ligand,6.19
5afv_ligand,3.77
5anv_ligand,7.44
5aoi_ligand,4.76
5aoj_ligand,5.31
5aol_ligand,5.14
5aut_ligand,6.21
5aqz_ligand,5.5
5azf_ligand,6.96
5ave_ligand,5.78
5avf_ligand,5.57
5ayt_ligand,5.45
5bry_ligand,7.97
5b25_ligand,9.09
5bs4_ligand,8.51
5b5f_ligand,7.03
5btx_ligand,4.42
5boj_ligand,5.58
5b5g_ligand,5.53
5btv_ligand,4.19
5bw4_ligand,4.91
5b2d_ligand,4.11
5byi_ligand,6.57
5bv3_ligand,5.8
5bwc_ligand,5.8
5c5t_ligand,3.39
5c1w_ligand,5.54
5c2a_ligand,6.32
5c2h_ligand,8.07
5c1m_ligand,8.44
5c3p_ligand,4.28
5cap_ligand,7.46
5c8n_ligand,6.84
5c28_ligand,4.88
5caq_ligand,6.87
5c2o_ligand,6.21
5cas_ligand,7.27
5cau_ligand,7.34
5cbr_ligand,7.52
5cc2_ligand,6.39
5cp5_ligand,6.52
5cep_ligand,6.97
5ceq_ligand,6.81
5cj6_ligand,7.48
5cqt_ligand,6.07
5cbs_ligand,5.83
5cjf_ligand,6.9
5cp9_ligand,2.51
5cqu_ligand,5.52
5chk_ligand,7.02
5cbm_ligand,4.75
5cs3_ligand,3.93
5cks_ligand,4.38
5cs6_ligand,2.75
5cy9_ligand,5.6
5cso_ligand,5.11
5cst_ligand,4.94
5cxa_ligand,7.97
5d0c_ligand,6.01
5czm_ligand,8.27
5csp_ligand,4.88
5cu4_ligand,8.41
5ct2_ligand,4.07
5d3c_ligand,7.94
5d3h_ligand,5.6
5d3j_ligand,5.68
5d2r_ligand,5.73
5d0r_ligand,7.15
5d1r_ligand,5.62
5d3l_ligand,5.38
5d3p_ligand,6.34
5d3t_ligand,5.53
5d3n_ligand,6.07
5d3x_ligand,4.77
5d24_ligand,6.58
5d25_ligand,5.6
5d26_ligand,5.68
5d47_ligand,5.49
5d45_ligand,7.36
5d21_ligand,4.67
5d48_ligand,7.66
5dbm_ligand,6.16
5d6j_ligand,5.96
5dey_ligand,8.53
5dfp_ligand,7.9
5dgu_ligand,9.95
5dgw_ligand,8.83
5dex_ligand,7.0
5dit_ligand,6.8
5dh4_ligand,5.41
5dkn_ligand,4.05
5dh5_ligand,7.13
5dlx_ligand,6.27
5dq8_ligand,5.84
5dnu_ligand,5.63
5dhu_ligand,6.53
5dqe_ligand,5.3
5dpx_ligand,5.16
5dqc_ligand,8.97
5drr_ligand,6.54
5dus_ligand,5.97
5duw_ligand,3.48
5dw2_ligand,4.11
5dx4_ligand,5.29
5dqf_ligand,5.15
5dwr_ligand,8.07
5e1s_ligand,7.21
5e2k_ligand,6.04
5dyo_ligand,7.6
5e2o_ligand,7.46
5e2p_ligand,8.36
5e2r_ligand,7.64
5e2s_ligand,6.05
5e7n_ligand,3.98
5e6o_ligand,6.09
5e8f_ligand,5.08
5dxt_ligand,7.52
5e13_ligand,5.04
5e73_ligand,5.72
5e28_ligand,5.52
5e2l_ligand,5.11
5e74_ligand,5.55
5e89_ligand,6.04
5edb_ligand,6.9
5e3a_ligand,6.79
5edc_ligand,6.66
5ect_ligand,6.54
5edl_ligand,5.98
5efa_ligand,4.45
5eei_ligand,7.6
5edd_ligand,6.08
5eek_ligand,6.92
5efc_ligand,4.28
5ef7_ligand,5.13
5een_ligand,5.26
5egu_ligand,6.34
5efh_ligand,5.58
5efj_ligand,7.66
5egm_ligand,8.11
5eh7_ligand,4.05
5eh5_ligand,5.18
5eh8_ligand,4.1
5eis_ligand,5.49
5ei3_ligand,5.66
5ehw_ligand,2.94
5ehq_ligand,11.05
5ehv_ligand,4.09
5eij_ligand,6.31
5ehr_ligand,8.39
5ekm_ligand,4.65
5eng_ligand,5.13
5ep7_ligand,4.51
5epl_ligand,7.19
5epn_ligand,7.86
5eq1_ligand,4.39
5el9_ligand,5.2
5en3_ligand,5.27
5elw_ligand,5.29
5etb_ligand,4.77
5er4_ligand,3.14
5er1_ligand,5.68
5eu1_ligand,6.8
5er2_ligand,7.01
5ev8_ligand,2.17
5evb_ligand,1.81
5evd_ligand,1.42
5eqe_ligand,6.27
5evk_ligand,1.94
5ew0_ligand,4.05
5eqp_ligand,5.45
5ewa_ligand,2.31
5evz_ligand,5.16
5eqy_ligand,6.58
5etj_ligand,7.89
5ewk_ligand,5.95
5ewy_ligand,5.47
5exl_ligand,7.45
5exm_ligand,7.64
5exn_ligand,8.11
5f1h_ligand,7.22
5exw_ligand,6.01
5f2p_ligand,5.01
5ey4_ligand,4.35
5eyr_ligand,8.22
5ey0_ligand,5.36
5f0f_ligand,7.74
5f1v_ligand,2.96
5f5z_ligand,7.76
5f2u_ligand,7.46
5f1r_ligand,7.52
5f1x_ligand,5.93
5f2r_ligand,5.76
5f8y_ligand,4.18
5f25_ligand,5.58
5f08_ligand,8.24
5f60_ligand,6.72
5f61_ligand,8.02
5f9b_ligand,4.26
5f62_ligand,6.76
5f63_ligand,6.99
5fbi_ligand,4.4
5f74_ligand,4.66
5fck_ligand,7.99
5fe6_ligand,4.43
5fhm_ligand,0.0
5fdi_ligand,5.42
5fe7_ligand,4.44
5fdc_ligand,5.63
5fe9_ligand,5.32
5fcz_ligand,4.77
5fh7_ligand,6.59
5fh8_ligand,6.07
5fl4_ligand,6.84
5fl5_ligand,6.6
5fl6_ligand,6.3
5flq_ligand,4.1
5flo_ligand,2.95
5fls_ligand,3.92
5fnf_ligand,5.11
5fhn_ligand,9.62
5fho_ligand,8.48
5flt_ligand,4.02
5fnc_ligand,5.95
5fnd_ligand,4.81
5fng_ligand,5.59
5fnr_ligand,5.84
5fns_ligand,7.31
5fnt_ligand,8.23
5fnu_ligand,8.8
5fog_ligand,5.79
5fot_ligand,5.42
5fou_ligand,5.44
5fov_ligand,4.9
5fs5_ligand,5.41
5fox_ligand,5.41
5fpk_ligand,6.29
5fsn_ligand,5.24
5fso_ligand,3.78
5fol_ligand,7.01
5fsx_ligand,5.5
5fsy_ligand,5.9
5fto_ligand,8.92
5fsc_ligand,3.26
5fyx_ligand,5.34
5fut_ligand,5.25
5g4m_ligand,5.39
5ftg_ligand,6.14
5g4n_ligand,5.58
5g2g_ligand,6.65
5g1z_ligand,5.55
5g2b_ligand,8.16
5g4o_ligand,6.29
5g5v_ligand,8.22
5g5f_ligand,2.78
5g1a_ligand,8.19
5g45_ligand,4.95
5g46_ligand,3.86
5g17_ligand,7.26
5g57_ligand,7.34
5gja_ligand,2.79
5gj9_ligand,2.94
5gmn_ligand,7.42
5g5z_ligand,4.56
5gof_ligand,6.03
5g60_ligand,4.23
5h1t_ligand,3.23
5h1u_ligand,3.42
5g61_ligand,4.13
5h1v_ligand,4.84
5gs9_ligand,6.18
5gsa_ligand,7.3
5h5f_ligand,6.41
5h8e_ligand,8.27
5h85_ligand,4.17
5h9r_ligand,5.69
5ha1_ligand,6.62
5h8g_ligand,7.89
5hbn_ligand,3.59
5hbs_ligand,7.21
5hcv_ligand,10.82
5hrv_ligand,6.84
5hct_ligand,6.26
5hcy_ligand,8.36
5hrw_ligand,6.63
5his_ligand,3.29
5hjq_ligand,3.1
5hi7_ligand,6.0
5gmh_ligand,7.1
5hrx_ligand,6.35
5htl_ligand,8.64
5hva_ligand,5.5
5hu9_ligand,10.31
5htz_ligand,8.14
5hvs_ligand,8.11
5hvt_ligand,7.88
5hz6_ligand,7.86
5hz5_ligand,8.92
5hz8_ligand,8.6
5hwu_ligand,5.91
5hz9_ligand,6.77
5i1q_ligand,7.06
5hwv_ligand,4.23
5i2e_ligand,6.68
5i2f_ligand,4.35
5i7x_ligand,6.29
5i7y_ligand,6.79
5i3v_ligand,7.03
5i3a_ligand,1.74
5i3w_ligand,9.43
5i3x_ligand,8.08
5i80_ligand,6.34
5i8g_ligand,7.41
5i88_ligand,6.56
5i29_ligand,6.9
5i3y_ligand,8.43
5i9x_ligand,7.49
5i9y_ligand,8.13
5i9z_ligand,7.03
5ia0_ligand,6.99
5ia1_ligand,6.7
5ia2_ligand,8.28
5ia3_ligand,7.96
5ia4_ligand,9.16
5ii2_ligand,7.19
5igm_ligand,7.71
5ijr_ligand,3.43
5ia5_ligand,9.45
5ie1_ligand,5.99
5ih9_ligand,7.16
5ikb_ligand,6.67
5ime_ligand,7.51
5ipc_ligand,6.44
5ioz_ligand,7.12
5ihh_ligand,5.82
5ipj_ligand,7.87
5irr_ligand,4.6
5ito_ligand,6.02
5itp_ligand,6.11
5ive_ligand,7.41
5ivc_ligand,5.9
5iyy_ligand,4.17
5ivv_ligand,5.06
5ivy_ligand,5.22
5j0d_ligand,6.08
5iwg_ligand,8.47
5ix0_ligand,8.95
5j1x_ligand,4.25
5izf_ligand,7.19
5izj_ligand,5.92
5j1r_ligand,6.21
5j2x_ligand,6.83
5isz_ligand,9.04
5j3l_ligand,6.71
5j7q_ligand,4.2
5j6m_ligand,7.23
5j6n_ligand,7.65
5j6l_ligand,7.27
5j8z_ligand,6.21
5j20_ligand,7.36
5j27_ligand,7.64
5j8m_ligand,6.31
5j6a_ligand,6.12
5j8u_ligand,6.24
5j9x_ligand,7.17
5j7w_ligand,5.95
5j41_ligand,5.87
5j64_ligand,6.63
5j82_ligand,7.87
5j86_ligand,7.54
5jgi_ligand,3.95
5jfp_ligand,9.62
5jfu_ligand,10.41
5jg1_ligand,10.03
5jgq_ligand,3.89
5jhk_ligand,4.04
5ji8_ligand,3.75
5jq5_ligand,7.66
5ja0_ligand,6.84
5jsg_ligand,6.26
5js3_ligand,6.9
5jsj_ligand,5.96
5jox_ligand,3.72
5jhb_ligand,5.92
5jop_ligand,4.92
5jsq_ligand,5.1
5jss_ligand,6.91
5jt9_ligand,6.1
5jxn_ligand,6.83
5jvi_ligand,6.87
5jy3_ligand,9.05
5k8s_ligand,7.03
5k0h_ligand,7.58
5k03_ligand,5.8
5k0m_ligand,7.54
5k1d_ligand,4.26
5k1f_ligand,4.21
5jxq_ligand,6.52
5k9w_ligand,5.57
5ka1_ligand,5.5
5kat_ligand,5.18
5ka7_ligand,5.55
5kab_ligand,4.18
5ka9_ligand,5.2
5kad_ligand,5.04
5kax_ligand,7.02
5kcb_ligand,5.88
5kh3_ligand,4.83
5kly_ligand,6.39
5kbe_ligand,4.64
5khm_ligand,8.62
5kej_ligand,3.72
5km9_ligand,4.74
5kma_ligand,5.47
5kby_ligand,7.73
5kqx_ligand,9.04
5kqy_ligand,8.39
5ko1_ligand,6.51
5kr0_ligand,7.69
5kr1_ligand,8.06
5kr2_ligand,8.89
5kz0_ligand,7.29
5l2s_ligand,7.89
5kva_ligand,5.76
5l3a_ligand,4.06
5ko5_ligand,4.53
5l8a_ligand,6.29
5l4i_ligand,4.54
5l7e_ligand,7.87
5l4j_ligand,4.94
5l7h_ligand,10.76
5l7g_ligand,8.25
5l8y_ligand,8.28
5l8c_ligand,7.39
5l4m_ligand,4.41
5l9g_ligand,5.81
5l9o_ligand,4.94
5l9i_ligand,6.69
5l9l_ligand,5.85
5l30_ligand,8.58
5laq_ligand,7.64
5ldm_ligand,2.76
5ldp_ligand,3.85
5ljt_ligand,5.98
5ljq_ligand,6.49
5lif_ligand,7.32
5llc_ligand,6.7
5lle_ligand,6.48
5llg_ligand,5.37
5ld8_ligand,5.34
5llh_ligand,6.98
5lne_ligand,4.21
5jzi_ligand,8.19
5lli_ligand,7.9
5lny_ligand,9.11
5lom_ligand,6.5
5llo_ligand,7.23
5lsg_ligand,4.76
5lso_ligand,7.43
5llp_ligand,5.56
5lsh_ligand,3.71
5lud_ligand,2.92
5ltn_ligand,-1.11
5lvl_ligand,6.19
5lvq_ligand,5.14
5lvd_ligand,5.11
5lvr_ligand,3.81
5lwm_ligand,6.97
5lwd_ligand,6.37
5lyn_ligand,4.9
5lyr_ligand,4.98
5lz4_ligand,6.93
5lz5_ligand,7.32
5m04_ligand,7.09
5lz7_ligand,7.26
5m5d_ligand,5.1
5m9w_ligand,6.25
5m23_ligand,5.71
5m25_ligand,6.15
5m17_ligand,5.15
5m28_ligand,5.4
5ma7_ligand,5.65
5m7s_ligand,4.85
5m77_ligand,4.24
5m7u_ligand,6.49
5mge_ligand,3.69
5mgf_ligand,2.84
5mg2_ligand,6.65
5mek_ligand,7.34
5meh_ligand,4.04
5mgj_ligand,3.81
5mgk_ligand,3.34
5mjn_ligand,5.42
5mes_ligand,7.72
5mby_ligand,4.17
5mkr_ligand,5.37
5mlj_ligand,6.42
5mme_ligand,5.92
5mmg_ligand,5.7
5mks_ligand,5.38
5mn1_ligand,3.65
5mnn_ligand,5.5
5mpk_ligand,6.6
5mnr_ligand,6.42
5mpn_ligand,5.62
5mo8_ligand,8.26
5mpz_ligand,4.11
5mod_ligand,4.11
5mqe_ligand,3.14
5mrb_ligand,7.68
5mwh_ligand,6.11
5mrm_ligand,6.6
5mro_ligand,8.78
5mrp_ligand,9.96
5mwp_ligand,9.88
5mwy_ligand,9.89
5msb_ligand,6.24
5n0d_ligand,7.88
5my8_ligand,8.57
5n0e_ligand,7.05
5n0f_ligand,4.33
5n1r_ligand,6.11
5n1s_ligand,6.13
5mxf_ligand,3.74
5n1z_ligand,8.74
5n2t_ligand,6.46
5mz8_ligand,4.33
5n3v_ligand,6.41
5n2z_ligand,6.53
5n3y_ligand,6.2
5n17_ligand,6.21
5n18_ligand,6.38
5n6s_ligand,5.51
5n9r_ligand,10.13
5n24_ligand,5.75
5n25_ligand,5.84
5n31_ligand,6.99
5n34_ligand,6.6
5n84_ligand,6.16
5n93_ligand,6.8
5n99_ligand,7.7
5nea_ligand,5.41
5nap_ligand,7.99
5ngz_ligand,4.15
5neb_ligand,5.95
5nee_ligand,5.25
5nbw_ligand,8.97
5ne5_ligand,4.84
5ndf_ligand,3.18
5nih_ligand,6.76
5nau_ligand,8.14
5njz_ligand,7.61
5nk2_ligand,8.4
5nk3_ligand,7.16
5nk4_ligand,8.21
5nk6_ligand,7.42
5nk7_ligand,7.95
5nk8_ligand,7.42
5nk9_ligand,7.04
5nka_ligand,7.27
5nlk_ligand,6.94
5nkb_ligand,7.93
5nkd_ligand,7.89
5nkc_ligand,7.96
5nkg_ligand,7.35
5nki_ligand,8.18
5nkh_ligand,7.78
5nvv_ligand,7.68
5nvw_ligand,8.16
5nvx_ligand,7.79
5nn5_ligand,4.47
5nw0_ligand,7.67
5nw1_ligand,7.94
5nn6_ligand,4.61
5nw2_ligand,7.53
5nxg_ligand,5.91
5nxi_ligand,6.83
5nxo_ligand,7.31
5nwe_ligand,7.23
5nxp_ligand,8.25
5nw7_ligand,5.04
5nxw_ligand,6.31
5nwi_ligand,5.06
5ny1_ligand,6.59
5ny3_ligand,6.27
5nya_ligand,5.08
5nz4_ligand,7.48
5o1d_ligand,4.88
5nyh_ligand,8.99
5o1f_ligand,5.05
5o5a_ligand,5.99
5o2d_ligand,9.07
5o1h_ligand,5.14
5nze_ligand,7.85
5o4f_ligand,6.17
5o07_ligand,5.89
5nzf_ligand,7.11
5nzn_ligand,7.19
5o9o_ligand,6.01
5o9p_ligand,5.32
5o9r_ligand,4.84
5o9q_ligand,5.67
5od1_ligand,5.91
5ogb_ligand,7.55
5oh2_ligand,3.59
5odx_ligand,7.78
5o58_ligand,4.4
5oei_ligand,5.24
5o87_ligand,5.64
5o9y_ligand,6.02
5obg_ligand,8.98
5oa6_ligand,6.33
5oaj_ligand,2.93
5oa2_ligand,5.65
5oh3_ligand,5.17
5oh4_ligand,4.42
5oh7_ligand,3.78
5oh9_ligand,3.65
5oha_ligand,3.71
5oku_ligand,4.69
5oot_ligand,7.55
5op4_ligand,6.5
5op5_ligand,6.89
5om2_ligand,7.44
5oq8_ligand,6.87
5om3_ligand,8.28
5om7_ligand,8.92
5ohy_ligand,4.85
5oht_ligand,5.36
5orh_ligand,5.11
5org_ligand,7.09
5orv_ligand,3.04
5oqu_ligand,5.44
5orj_ligand,5.68
5ork_ligand,6.16
5orw_ligand,3.61
5os2_ligand,3.54
5os4_ligand,4.62
5os5_ligand,4.31
5ose_ligand,2.26
5os7_ligand,6.79
5os8_ligand,3.77
5osl_ligand,3.26
5ot8_ligand,6.97
5ot9_ligand,5.29
5ota_ligand,5.82
5otc_ligand,6.05
5ov8_ligand,5.75
5ost_ligand,5.71
5ovc_ligand,6.19
5otr_ligand,6.67
5ovp_ligand,6.25
5otz_ligand,6.85
5oss_ligand,4.2
5ovv_ligand,6.3
5ovr_ligand,5.41
5ouh_ligand,6.91
5ovx_ligand,5.62
5owl_ligand,5.38
5qa8_ligand,3.82
5qal_ligand,3.01
5oxk_ligand,4.29
5qay_ligand,2.9
5qqp_ligand,9.61
5qtt_ligand,9.56
5sym_ligand,8.37
5sz0_ligand,5.65
5sxm_ligand,6.53
5sz1_ligand,5.77
5sz2_ligand,3.09
5sz3_ligand,6.42
5sz4_ligand,6.24
5sz5_ligand,5.95
5sz6_ligand,5.88
5std_ligand,9.25
5t7s_ligand,3.67
5sz7_ligand,6.17
5tcj_ligand,0.0
5t8o_ligand,8.03
5t8p_ligand,6.01
5t9w_ligand,7.22
5t9u_ligand,6.27
5t9z_ligand,6.85
5tb6_ligand,5.39
5ta2_ligand,7.53
5ta4_ligand,7.91
5t19_ligand,7.79
5tbm_ligand,8.83
5tbe_ligand,9.61
5tcy_ligand,5.85
5tfx_ligand,8.11
5th4_ligand,2.56
5ti0_ligand,3.37
5tp0_ligand,5.25
5tpx_ligand,7.61
5tmp_ligand,7.46
5tef_ligand,5.39
5tkj_ligand,6.72
5tkk_ligand,7.14
5ttw_ligand,4.28
5tt3_ligand,4.1
5twj_ligand,5.97
5tuo_ligand,4.58
5tmn_ligand,7.24
5txy_ligand,3.94
5ty9_ligand,4.72
5tya_ligand,4.28
5tuz_ligand,6.56
5u0d_ligand,4.22
5u0e_ligand,3.93
5u0f_ligand,3.86
5u0g_ligand,4.34
5u0w_ligand,5.0
5u0y_ligand,5.31
5u0z_ligand,6.09
5u4b_ligand,5.44
5u4d_ligand,3.95
5u28_ligand,6.9
5u6j_ligand,8.93
5u11_ligand,5.61
5ueu_ligand,6.86
5u12_ligand,5.58
5u13_ligand,6.03
5uc4_ligand,7.43
5u8c_ligand,7.68
5u14_ligand,7.73
5ucj_ligand,8.15
5u49_ligand,5.54
5uez_ligand,5.12
5uf0_ligand,4.64
5ufc_ligand,4.82
5uff_ligand,3.57
5ufp_ligand,9.42
5ufr_ligand,7.62
5ufs_ligand,10.23
5ula_ligand,5.11
5uoo_ligand,6.99
5ult_ligand,8.67
5umx_ligand,6.64
5uln_ligand,6.69
5ulp_ligand,5.89
5umy_ligand,10.18
5uov_ligand,8.8
5upz_ligand,9.2
5upj_ligand,6.76
5ut6_ligand,6.98
5uxf_ligand,8.53
5var_ligand,5.42
5uk8_ligand,7.5
5v7a_ligand,5.55
5v79_ligand,6.58
5v0n_ligand,9.66
5upe_ligand,9.64
5uv2_ligand,5.73
5vb5_ligand,7.8
5v82_ligand,8.73
5vb6_ligand,8.92
5upf_ligand,10.77
5vb7_ligand,8.78
5vc4_ligand,7.59
5vc3_ligand,7.33
5vcv_ligand,8.15
5vcw_ligand,7.32
5vcy_ligand,7.43
5vd0_ligand,8.52
5vcz_ligand,8.0
5vh0_ligand,5.38
5vd2_ligand,6.54
5vd1_ligand,9.77
5vgy_ligand,5.34
5vd3_ligand,8.28
5vja_ligand,5.85
5vi6_ligand,7.48
5vij_ligand,7.02
5vih_ligand,7.14
5vm0_ligand,8.35
5vkc_ligand,8.75
5vl2_ligand,8.48
5vo1_ligand,7.0
5voj_ligand,8.08
5vp9_ligand,7.78
5vyy_ligand,7.11
5w44_ligand,5.39
5wa5_ligand,5.8
5w1e_ligand,4.42
5vsf_ligand,6.5
5wa8_ligand,5.0
5wa9_ligand,5.12
5wal_ligand,6.96
5w2s_ligand,5.12
5vr8_ligand,6.02
5wbm_ligand,5.47
5wcm_ligand,3.49
5we9_ligand,4.92
5wex_ligand,6.21
5wgp_ligand,3.41
5wbo_ligand,5.17
5wij_ligand,5.35
5win_ligand,6.51
5vsj_ligand,4.64
5wmg_ligand,6.73
5wlo_ligand,9.81
5wl0_ligand,9.05
5wxh_ligand,4.98
5wp5_ligand,5.13
5wqc_ligand,7.04
5wuk_ligand,7.14
5x54_ligand,7.56
5x74_ligand,9.56
5xg5_ligand,3.91
5xpi_ligand,2.37
5xsr_ligand,7.8
5xva_ligand,6.59
5xmx_ligand,7.31
5y8y_ligand,5.23
5x62_ligand,5.81
5xo7_ligand,8.74
5y12_ligand,5.48
5xvg_ligand,7.14
5y13_ligand,5.18
5y94_ligand,4.95
5ya5_ligand,7.39
5yas_ligand,4.05
5yfs_ligand,7.62
5yft_ligand,7.89
5yj8_ligand,4.05
5yjm_ligand,8.67
5yqx_ligand,6.04
5wyx_ligand,8.95
5ymx_ligand,6.57
5wyz_ligand,9.84
5yum_ligand,4.04
5yyf_ligand,5.79
5yh8_ligand,5.23
5yhe_ligand,4.7
5yhg_ligand,5.29
5yz2_ligand,4.49
5yl2_ligand,7.79
5z7b_ligand,5.49
5za7_ligand,6.41
5za8_ligand,6.09
5zae_ligand,6.33
5za9_ligand,1.25
5z7j_ligand,7.72
5z66_ligand,7.93
5zaf_ligand,6.39
5zag_ligand,6.14
5zaj_ligand,6.24
5zc5_ligand,7.22
5z99_ligand,5.16
5zdb_ligand,6.03
5z5f_ligand,4.58
5zg0_ligand,7.99
5zg1_ligand,7.71
5zg3_ligand,8.04
6a87_ligand,3.51
5zyl_ligand,8.11
5zyg_ligand,6.81
5zhl_ligand,6.41
5zo8_ligand,7.0
5zvw_ligand,7.4
5zkc_ligand,7.45
5zym_ligand,7.73
5zni_ligand,6.58
5znc_ligand,7.17
6ajr_ligand,5.37
6ajv_ligand,5.43
5zw6_ligand,7.31
6ajy_ligand,4.51
6abx_ligand,4.66
6ajz_ligand,5.78
6aox_ligand,4.56
6arn_ligand,5.17
6aro_ligand,5.62
6arm_ligand,5.19
6as8_ligand,5.93
6ayi_ligand,6.43
6aqs_ligand,5.96
6ayo_ligand,8.14
6ayq_ligand,8.08
6ayr_ligand,8.97
6ays_ligand,8.09
6b4l_ligand,7.51
6ayt_ligand,7.92
6b4n_ligand,9.75
6b4d_ligand,4.44
6b1k_ligand,9.0
6b4u_ligand,7.34
6b5q_ligand,8.13
6b59_ligand,6.47
6b7a_ligand,4.19
6b7b_ligand,3.5
6b96_ligand,7.75
6bbx_ligand,7.43
6b97_ligand,7.47
6bdy_ligand,5.42
6b98_ligand,4.06
6bhv_ligand,7.57
6bm5_ligand,5.16
6bm6_ligand,5.09
6c7q_ligand,6.7
6c0s_ligand,8.65
6c7w_ligand,5.39
6c7x_ligand,5.05
6c2r_ligand,7.44
6bs3_ligand,6.47
6bs4_ligand,6.1
6cdj_ligand,8.79
6cdl_ligand,8.95
6cbg_ligand,5.79
6cbf_ligand,6.94
6c9s_ligand,8.55
6c9v_ligand,7.17
6ce6_ligand,4.86
6ced_ligand,5.19
6c85_ligand,2.24
6cdo_ligand,7.02
6cdp_ligand,6.98
6cjr_ligand,9.17
6cjv_ligand,2.77
6ckr_ligand,6.8
6cks_ligand,6.17
6cfc_ligand,5.63
6cjs_ligand,7.37
6cn5_ligand,10.64
6cq1_ligand,5.34
6cpa_ligand,6.79
6cpw_ligand,9.77
6csp_ligand,4.92
6chp_ligand,7.77
6csq_ligand,5.91
6csr_ligand,5.18
6css_ligand,4.18
6cwn_ligand,7.31
6cwh_ligand,6.85
6cvf_ligand,5.19
6ckw_ligand,8.52
6cvv_ligand,4.46
6czb_ligand,3.3
6czc_ligand,5.41
6d1a_ligand,2.96
6cze_ligand,3.53
6d1b_ligand,3.07
6d1d_ligand,3.2
6d1g_ligand,3.08
6d1h_ligand,3.1
6d1i_ligand,3.05
6d1j_ligand,2.68
6d1k_ligand,3.06
6d2o_ligand,-0.18
6czf_ligand,5.86
6d15_ligand,4.35
6d9x_ligand,4.62
6d16_ligand,5.0
6d3q_ligand,7.24
6d17_ligand,5.57
6d18_ligand,5.49
6d5e_ligand,7.96
6d5g_ligand,8.69
6d19_ligand,5.5
6d5j_ligand,7.37
6d5h_ligand,8.49
6d9s_ligand,6.13
6dai_ligand,5.96
6d50_ligand,4.75
6dak_ligand,5.91
6d55_ligand,8.87
6dar_ligand,6.4
6dd0_ligand,4.94
6det_ligand,6.27
6dgl_ligand,7.38
6d56_ligand,8.56
6dh1_ligand,8.81
6dgq_ligand,5.03
6dh6_ligand,8.53
6dh2_ligand,8.14
6dh7_ligand,9.04
6d78_ligand,8.25
6dgr_ligand,5.78
6dif_ligand,8.57
6dh8_ligand,8.32
6dl2_ligand,6.11
6dil_ligand,8.37
6dj7_ligand,7.02
6dj1_ligand,9.46
6dj2_ligand,9.6
6dj5_ligand,8.91
6dpt_ligand,7.13
6dpx_ligand,6.38
6dpy_ligand,5.24
6dpz_ligand,5.58
6dy7_ligand,5.16
6dsp_ligand,5.72
6dq4_ligand,6.5
6dyn_ligand,2.28
6dys_ligand,5.19
6dyr_ligand,4.3
6dyu_ligand,8.16
6dyv_ligand,8.75
6dyw_ligand,7.48
6dyy_ligand,7.0
6dzx_ligand,4.73
6e4a_ligand,5.07
6e5l_ligand,7.08
6e5t_ligand,6.55
6e1y_ligand,7.21
6e1z_ligand,3.7
6dz0_ligand,7.44
6dyz_ligand,7.26
6dz2_ligand,7.72
6e6m_ligand,6.44
6e7j_ligand,9.72
6dz3_ligand,6.99
6e9a_ligand,9.99
6ebe_ligand,6.69
6e22_ligand,6.64
6ecz_ligand,6.12
6eeb_ligand,4.31
6e23_ligand,8.06
6edr_ligand,4.47
6eeo_ligand,6.86
6e7r_ligand,7.87
6e7t_ligand,8.5
6e7u_ligand,8.17
6efj_ligand,4.03
6ei5_ligand,8.77
6eif_ligand,5.91
6eij_ligand,6.93
6eiq_ligand,6.82
6ekq_ligand,4.81
6eiz_ligand,5.38
6eed_ligand,8.81
6eis_ligand,9.11
6ej2_ligand,8.1
6ej3_ligand,8.07
6elo_ligand,7.51
6el5_ligand,7.25
6eln_ligand,6.91
6eog_ligand,5.85
6elp_ligand,7.76
6eol_ligand,6.06
6eir_ligand,6.28
6en5_ligand,6.39
6epa_ligand,5.68
6ep4_ligand,4.31
6eq2_ligand,4.77
6eq5_ligand,4.47
6eq3_ligand,5.06
6eq7_ligand,7.02
6equ_ligand,6.89
6epy_ligand,6.41
6epz_ligand,5.6
6eqv_ligand,6.99
6eq1_ligand,5.61
6eqp_ligand,5.69
6eqw_ligand,7.23
6eq8_ligand,5.86
6eqx_ligand,6.77
6euw_ligand,7.25
6ets_ligand,3.51
6evn_ligand,5.74
6eux_ligand,6.35
6evr_ligand,6.74
6ex1_ligand,6.34
6euc_ligand,5.2
6exj_ligand,5.97
6ey8_ligand,7.73
6ey9_ligand,7.87
6eya_ligand,8.3
6eyb_ligand,7.44
6exs_ligand,3.76
6eyt_ligand,6.83
6f1n_ligand,6.36
6f05_ligand,3.87
6f3b_ligand,6.43
6exi_ligand,6.06
6f9g_ligand,3.84
6ezq_ligand,6.52
6f20_ligand,3.28
6f1j_ligand,3.55
6f28_ligand,7.49
6fa4_ligand,5.52
6f9u_ligand,6.72
6f9v_ligand,6.59
6faf_ligand,6.92
6fag_ligand,6.53
6fcj_ligand,5.95
6fgg_ligand,4.5
6f90_ligand,5.39
6faa_ligand,4.85
6fe0_ligand,6.13
6fhq_ligand,2.87
6fe1_ligand,7.82
6fhu_ligand,3.66
6fhk_ligand,5.72
6fba_ligand,5.29
6fmc_ligand,4.37
6fh3_ligand,3.1
6fmj_ligand,7.42
6fnf_ligand,10.17
6fng_ligand,10.29
6fni_ligand,10.64
6fnj_ligand,10.4
6fnq_ligand,3.73
6fo5_ligand,6.47
6fnr_ligand,3.18
6fsy_ligand,6.24
6f92_ligand,5.27
6fs1_ligand,8.29
6ftf_ligand,7.92
6ftp_ligand,6.95
6ftz_ligand,6.59
6fuh_ligand,7.36
6ftw_ligand,6.43
6fs0_ligand,11.9
6fui_ligand,7.85
6fuj_ligand,5.0
6g2b_ligand,5.56
6fyz_ligand,9.02
6g2c_ligand,5.73
6g2e_ligand,5.31
6g2f_ligand,7.05
6g0z_ligand,7.11
6fz4_ligand,5.89
6fv4_ligand,5.1
6g2o_ligand,6.87
6g2s_ligand,7.62
6g2r_ligand,7.48
6g2l_ligand,6.88
6g3a_ligand,6.42
6g3q_ligand,5.45
6g2m_ligand,7.62
6g3v_ligand,4.82
6g5u_ligand,6.34
6g6t_ligand,7.34
6g9i_ligand,5.13
6g5l_ligand,7.21
6g24_ligand,4.31
6g25_ligand,5.72
6g9u_ligand,6.8
6g7a_ligand,7.16
6g27_ligand,6.13
6g29_ligand,6.46
6g14_ligand,6.42
6g9x_ligand,2.66
6g34_ligand,6.32
6g35_ligand,6.44
6g36_ligand,6.49
6g37_ligand,6.2
6g39_ligand,6.43
6g38_ligand,5.8
6ge7_ligand,5.62
6gfs_ligand,5.45
6gf9_ligand,6.29
6ggb_ligand,6.07
6gga_ligand,5.31
6ggf_ligand,5.94
6g98_ligand,6.45
6gfz_ligand,7.97
6ghh_ligand,5.42
6gg4_ligand,4.5
6gj6_ligand,6.13
6gj8_ligand,5.45
6gdy_ligand,2.85
6ghj_ligand,5.09
6gji_ligand,5.13
6gjj_ligand,5.26
6gjl_ligand,5.4
6gjm_ligand,5.34
6gjn_ligand,7.27
6gjr_ligand,6.08
6gjw_ligand,7.91
6gl8_ligand,8.76
6gl9_ligand,6.25
6gla_ligand,6.0
6glb_ligand,6.54
6gnm_ligand,5.26
6gnp_ligand,4.18
6gnr_ligand,5.17
6gnw_ligand,4.51
6got_ligand,6.49
6gon_ligand,6.27
6guh_ligand,7.94
6guk_ligand,7.47
6gvz_ligand,6.03
6guc_ligand,6.46
6gw4_ligand,6.09
6gue_ligand,7.95
6gxb_ligand,6.57
6gxg_ligand,3.67
6gxe_ligand,6.53
6gwe_ligand,6.64
6gwr_ligand,8.44
6gzd_ligand,6.31
6gxq_ligand,7.45
6gvf_ligand,7.05
6h1d_ligand,6.03
6h2t_ligand,5.42
6h1u_ligand,5.58
6h2z_ligand,7.09
6h8s_ligand,5.83
6gzm_ligand,7.14
6h29_ligand,3.24
6h33_ligand,6.83
6h34_ligand,7.26
6h5x_ligand,7.53
6h37_ligand,8.22
6h36_ligand,7.69
6h38_ligand,7.34
6hai_ligand,11.06
6haz_ligand,6.47
6hd6_ligand,5.92
6hax_ligand,10.64
6hgf_ligand,7.73
6hay_ligand,9.88
6hgg_ligand,7.46
6hgi_ligand,7.17
6hgj_ligand,6.53
6h77_ligand,6.16
6hhr_ligand,6.42
6hgr_ligand,4.69
6hgs_ligand,6.1
6hh3_ligand,5.01
6hh5_ligand,4.79
6hk3_ligand,6.98
6hk4_ligand,6.94
6hke_ligand,3.91
6hly_ligand,4.64
6hlx_ligand,5.86
6hpw_ligand,6.25
6hni_ligand,5.73
6hm1_ligand,5.38
6hmg_ligand,4.71
6hoq_ligand,5.44
6ht1_ligand,5.07
6hqy_ligand,4.77
6hrq_ligand,6.6
6hsh_ligand,4.6
6hr2_ligand,10.44
6htg_ligand,4.7
6hq7_ligand,7.88
6hza_ligand,7.98
6hzb_ligand,7.59
6i8y_ligand,5.64
6i5g_ligand,5.49
6i8m_ligand,7.95
6i8t_ligand,7.74
6i0z_ligand,7.11
6i11_ligand,7.55
6i12_ligand,7.94
6i13_ligand,7.79
6i14_ligand,8.68
6hzy_ligand,5.13
6i61_ligand,7.53
6i17_ligand,9.02
6i18_ligand,8.8
6i62_ligand,6.72
6i63_ligand,6.64
6i64_ligand,6.41
6ic2_ligand,5.79
6i65_ligand,4.45
6i66_ligand,4.62
6i67_ligand,5.32
6idb_ligand,3.92
6iez_ligand,7.21
6if0_ligand,7.38
6ift_ligand,5.7
6ibk_ligand,4.27
6idg_ligand,7.33
6iht_ligand,3.72
6iiu_ligand,8.82
6im4_ligand,7.26
6iou_ligand,5.01
6ior_ligand,4.33
6j0g_ligand,4.14
6ixd_ligand,8.9
6j0o_ligand,7.52
6j3o_ligand,5.83
6ios_ligand,4.93
6j1l_ligand,8.73
6j3p_ligand,6.85
6j7e_ligand,4.43
6j9y_ligand,6.48
6j9w_ligand,6.26
6jad_ligand,6.08
6j72_ligand,6.38
6jag_ligand,5.98
6jam_ligand,5.85
6jao_ligand,5.91
6jan_ligand,6.23
6jaq_ligand,4.65
6jap_ligand,5.61
6jav_ligand,5.39
6jaw_ligand,6.52
6jay_ligand,5.4
6jb0_ligand,5.21
6jb4_ligand,5.53
6jbb_ligand,5.32
6jdi_ligand,5.37
6jdl_ligand,5.15
6jbe_ligand,4.94
6k04_ligand,6.84
6jfk_ligand,5.93
6jon_ligand,5.01
6jof_ligand,6.7
6k3l_ligand,7.12
6kjd_ligand,7.26
6m8q_ligand,7.2
6jtc_ligand,3.9
6md0_ligand,5.56
6maj_ligand,9.21
6ma2_ligand,4.47
6ma4_ligand,5.36
6ma3_ligand,6.17
6md8_ligand,5.73
6mh1_ligand,6.77
6mdu_ligand,5.86
6ma5_ligand,5.69
6md6_ligand,3.78
6mh7_ligand,6.76
6mj7_ligand,3.28
6mg5_ligand,7.27
6mku_ligand,6.73
6mkw_ligand,4.79
6mla_ligand,5.74
6mle_ligand,6.8
6ml9_ligand,6.72
6mlg_ligand,6.19
6mj4_ligand,7.99
6mli_ligand,4.12
6mlj_ligand,6.36
6mll_ligand,6.56
6mln_ligand,6.59
6mlo_ligand,6.3
6mja_ligand,8.17
6mjf_ligand,5.46
6mlp_ligand,4.75
6mji_ligand,7.81
6mm2_ligand,6.82
6mnv_ligand,5.82
6mqc_ligand,7.94
6mqe_ligand,7.89
6n3v_ligand,5.74
6mnc_ligand,5.72
6n0j_ligand,8.51
6n3w_ligand,4.95
6n0k_ligand,8.95
6n3x_ligand,5.65
6msy_ligand,3.64
6n3y_ligand,5.53
6mxc_ligand,6.96
6n5x_ligand,1.26
6mu3_ligand,3.78
6mub_ligand,2.37
6n7a_ligand,7.67
6n8x_ligand,6.71
6ncn_ligand,4.67
6nco_ligand,5.29
6n7b_ligand,7.75
6n7d_ligand,7.96
6ne5_ligand,8.39
6n78_ligand,7.74
6n79_ligand,7.21
6nfh_ligand,6.5
6ndl_ligand,8.09
6n95_ligand,6.71
6n9l_ligand,6.06
6nmb_ligand,3.51
6nfy_ligand,6.85
6np2_ligand,6.17
6no9_ligand,8.02
6nsv_ligand,6.63
6np3_ligand,6.03
6np4_ligand,5.04
6np5_ligand,5.04
6nv7_ligand,8.45
6nwk_ligand,10.3
6nv9_ligand,8.55
6nu1_ligand,4.57
6nu5_ligand,4.71
6nw3_ligand,9.01
6nxz_ligand,1.48
6nwl_ligand,9.83
6ny0_ligand,-0.77
6nyv_ligand,5.88
6nzv_ligand,8.71
6o0k_ligand,9.46
6o0m_ligand,9.33
6o0o_ligand,7.97
6o0p_ligand,9.33
6o5a_ligand,5.97
6o5g_ligand,5.06
6o5t_ligand,3.33
6o5x_ligand,7.46
6o5u_ligand,5.31
6o48_ligand,7.58
6o95_ligand,8.07
6o94_ligand,8.57
6o9c_ligand,6.37
6odz_ligand,5.98
6oe0_ligand,7.65
6oe1_ligand,5.74
6oja_ligand,4.79
6olx_ligand,6.67
6oqb_ligand,11.77
6ooy_ligand,7.96
6oqc_ligand,12.08
6oqd_ligand,11.65
6om8_ligand,6.09
6otg_ligand,8.1
6orr_ligand,9.59
6of5_ligand,1.28
6p9e_ligand,6.28
6p5o_ligand,4.95
6p3v_ligand,6.58
6pg3_ligand,3.43
6pg4_ligand,3.17
6p8a_ligand,7.09
6ouv_ligand,5.55
6pg5_ligand,5.5
6p3t_ligand,8.1
6pg6_ligand,4.97
6p83_ligand,7.55
6p84_ligand,6.94
6p85_ligand,6.74
6p87_ligand,6.24
6p88_ligand,6.95
6p86_ligand,7.19
6pg7_ligand,4.91
6p89_ligand,7.31
6pg8_ligand,4.92
6pg9_ligand,5.59
6pga_ligand,4.63
6pgb_ligand,6.36
6pgc_ligand,5.24
6pge_ligand,4.31
6pi5_ligand,3.47
6pi6_ligand,4.33
6poi_ligand,4.89
6prf_ligand,8.47
6pl1_ligand,8.66
6phx_ligand,5.0
6pia_ligand,5.31
6pvv_ligand,3.58
6pvw_ligand,5.24
6plf_ligand,5.98
6pid_ligand,4.75
6pve_ligand,8.72
6pu3_ligand,5.58
6pvz_ligand,4.4
6ppy_ligand,4.8
6q60_ligand,0.0
6q54_ligand,0.0
6q3y_ligand,5.4
6py0_ligand,4.93
6q3q_ligand,4.94
6q3z_ligand,5.9
6q4e_ligand,4.0
6q4g_ligand,5.06
6qas_ligand,6.78
6qge_ligand,6.04
6qgf_ligand,5.78
6qgg_ligand,8.3
6qe0_ligand,4.9
6qe5_ligand,5.61
6qgh_ligand,9.27
6qi4_ligand,4.0
6qi7_ligand,6.18
6qln_ligand,5.11
6ql1_ligand,6.14
6qau_ligand,6.65
6ql2_ligand,5.17
6qav_ligand,7.45
6qlo_ligand,5.19
6qlp_ligand,5.78
6qlq_ligand,5.32
6qlr_ligand,5.21
6qls_ligand,5.18
6qlu_ligand,5.2
6qlt_ligand,4.77
6qpl_ligand,5.6
6qmj_ligand,7.81
6qmk_ligand,8.45
6qqq_ligand,6.93
6qqv_ligand,7.53
6qqu_ligand,7.75
6qqz_ligand,9.01
6qqw_ligand,7.19
6qr0_ligand,8.68
6qr1_ligand,7.75
6qr2_ligand,9.05
6qr4_ligand,8.71
6qz5_ligand,6.08
6qr3_ligand,8.28
6r0v_ligand,6.05
6qr7_ligand,8.44
6qrc_ligand,7.22
6qr9_ligand,8.0
6quv_ligand,5.79
6r1d_ligand,6.33
6r8l_ligand,8.52
6r1a_ligand,5.33
6r1w_ligand,5.69
6r8o_ligand,8.67
6r1b_ligand,4.27
6r8w_ligand,8.74
6r11_ligand,5.8
6r9u_ligand,5.72
6r9x_ligand,5.9
6r13_ligand,6.41
6rnt_ligand,3.57
6r18_ligand,6.32
6r4k_ligand,5.74
6rfn_ligand,5.82
6rfw_ligand,6.5
6rih_ligand,5.49
6s56_ligand,5.94
6rot_ligand,7.69
6s4n_ligand,10.22
6s5k_ligand,9.34
6s4t_ligand,10.65
6rtw_ligand,7.69
6s57_ligand,7.52
6sge_ligand,6.65
6ssy_ligand,5.01
6sbt_ligand,5.41
6t1i_ligand,5.58
6st0_ligand,4.92
6szp_ligand,5.23
6stl_ligand,5.18
6t1j_ligand,5.19
6t1l_ligand,5.22
6t1m_ligand,5.17
6t1n_ligand,6.04
6t1o_ligand,5.55
6u5y_ligand,6.87
6std_ligand,8.75
6u6w_ligand,6.27
6u8b_ligand,6.09
6u8o_ligand,6.08
6ud2_ligand,10.11
6udi_ligand,10.35
6udt_ligand,11.22
6udu_ligand,11.16
6udv_ligand,11.85
6ugp_ligand,6.69
6ugn_ligand,6.19
6ugr_ligand,6.1
6ugz_ligand,5.72
6uh0_ligand,4.98
6upj_ligand,6.22
7upj_ligand,8.1
6ueg_ligand,4.61
8a3h_ligand,5.53
184l_ligand,5.07
185l_ligand,4.93
186l_ligand,4.72
187l_ligand,3.58
7std_ligand,9.26
8cpa_ligand,5.49
188l_ligand,3.85
10gs_ligand,5.88
966c_ligand,6.97
456c_ligand,7.48
