ligand,pK(nnscore2)
1a28_ligand,8.231
1afk_ligand,6.86
1afl_ligand,7.845
1a30_ligand,2.951
1adl_ligand,5.754
1a4w_ligand,6.448
1aaq_ligand,7.748
1a1e_ligand,7.948
1a9m_ligand,6.37
1a94_ligand,7.962
1a4r_ligand,5.31
1a99_ligand,6.009
1ai4_ligand,4.158
1a9q_ligand,4.513
1aid_ligand,4.385
1ajv_ligand,7.148
1alw_ligand,4.224
1ajx_ligand,8.208
1aj7_ligand,5.537
1amk_ligand,5.721
1amw_ligand,2.09
1ai5_ligand,4.657
1ai7_ligand,3.301
1ajq_ligand,3.859
1ajn_ligand,3.456
1ajp_ligand,4.081
1atr_ligand,3.719
1apv_ligand,7.403
1ax0_ligand,3.5
1ado_ligand,3.22
1a69_ligand,4.958
1b3g_ligand,6.735
1b1h_ligand,6.437
1b0h_ligand,8.047
1b2h_ligand,6.361
1b3f_ligand,6.553
1b3l_ligand,5.919
1b3h_ligand,7.026
1b6j_ligand,7.472
1b6k_ligand,7.811
1b4h_ligand,6.611
1b5i_ligand,6.243
1b4z_ligand,6.072
1b5h_ligand,6.533
1b5j_ligand,6.048
1b05_ligand,5.922
1b6h_ligand,6.897
1b6l_ligand,7.716
1b8o_ligand,6.03
1b8n_ligand,6.343
1b38_ligand,4.54
1bcu_ligand,3.277
1bdq_ligand,7.817
1bai_ligand,7.317
1b9j_ligand,7.248
1b7h_ligand,6.912
1bgq_ligand,7.638
1b32_ligand,7.251
1bhf_ligand,7.597
1b40_ligand,6.879
1b51_ligand,6.49
1b46_ligand,6.151
1b52_ligand,6.906
1b58_ligand,6.919
1bhx_ligand,6.78
1bju_ligand,5.83
1bjv_ligand,5.72
1bma_ligand,5.625
1bty_ligand,4.102
1bm7_ligand,6.839
1br6_ligand,6.122
1bv7_ligand,9.129
1bwa_ligand,8.064
1bv9_ligand,9.127
1bwb_ligand,8.192
1bxo_ligand,7.783
1bxq_ligand,7.705
1bp0_ligand,4.495
1bzj_ligand,8.761
1bzc_ligand,8.489
1c5n_ligand,5.035
1c4u_ligand,10.176
1c5p_ligand,4.574
1c5c_ligand,7.499
1bq4_ligand,4.749
1c5o_ligand,3.723
1c5s_ligand,5.08
1c5q_ligand,5.725
1c5t_ligand,5.159
1c5x_ligand,5.981
1c5y_ligand,4.846
1c3x_ligand,6.703
1c70_ligand,9.581
1bzy_ligand,6.097
1c83_ligand,4.731
1ceb_ligand,4.918
1bxr_ligand,4.845
1c86_ligand,4.142
1c84_ligand,5.051
1c87_ligand,4.095
1d3p_ligand,7.167
1d3d_ligand,8.044
1c88_ligand,4.538
1d4i_ligand,8.77
1d4h_ligand,8.681
1d4l_ligand,9.528
1d4j_ligand,8.856
1d4k_ligand,7.39
1d4p_ligand,6.594
1d7i_ligand,2.486
1d4y_ligand,10.572
1d7j_ligand,1.31
1det_ligand,5.055
1d6w_ligand,7.676
1d9i_ligand,7.289
1dl7_ligand,7.876
1dgm_ligand,2.246
1dhj_ligand,7.363
1dhi_ligand,6.635
1dmp_ligand,9.178
1dif_ligand,9.796
1df8_ligand,10.441
1cet_ligand,3.226
1dar_ligand,4.787
1drj_ligand,3.781
1drk_ligand,4.213
1dzk_ligand,6.078
1dud_ligand,5.209
1dqn_ligand,5.089
1e3v_ligand,4.685
1e1v_ligand,2.112
1e3g_ligand,8.638
1e1x_ligand,5.031
1e4h_ligand,3.709
1e2l_ligand,6.203
1e2k_ligand,6.466
1e5j_ligand,3.004
1eb2_ligand,6.779
1ebw_ligand,8.901
1eby_ligand,8.735
1ebz_ligand,9.342
1ec1_ligand,9.225
1ec3_ligand,9.132
1ec2_ligand,8.312
1d2e_ligand,5.126
1ec0_ligand,8.666
1duv_ligand,7.387
1drv_ligand,6.677
1ecv_ligand,4.48
1efy_ligand,7.724
1e66_ligand,10.612
1ejn_ligand,6.22
1ela_ligand,5.294
1elb_ligand,6.422
1erb_ligand,7.608
1eld_ligand,4.115
1ele_ligand,7.679
1elc_ligand,5.198
1egh_ligand,4.37
1epo_ligand,7.62
1ez9_ligand,2.978
1ezq_ligand,8.887
1ex8_ligand,5.192
1f0r_ligand,7.719
1f0s_ligand,7.609
1f0t_ligand,5.841
1f0u_ligand,6.626
1f5k_ligand,3.669
1f5l_ligand,5.353
1f4e_ligand,3.015
1f4f_ligand,4.931
1f4x_ligand,4.53
1f4g_ligand,7.223
1fao_ligand,7.101
1fch_ligand,7.101
1fcx_ligand,8.183
1fcz_ligand,8.689
1fcy_ligand,8.586
1fd0_ligand,8.488
1fh7_ligand,6.006
1fh8_ligand,4.855
1fh9_ligand,5.444
1ecq_ligand,6.644
1fhd_ligand,5.372
1fkb_ligand,7.299
1ec9_ligand,6.507
1fkf_ligand,7.838
1f73_ligand,3.033
1fkg_ligand,7.841
1fjs_ligand,9.609
1f74_ligand,2.823
1fiv_ligand,8.96
1fkh_ligand,8.176
1fki_ligand,6.43
1fl3_ligand,7.137
1fv0_ligand,5.512
1fpc_ligand,6.417
1flr_ligand,10.083
1fkn_ligand,7.109
1fm9_ligand,8.38
1fq5_ligand,9.018
1f8c_ligand,5.329
1f8b_ligand,4.052
1fzk_ligand,10.375
1fzj_ligand,8.591
1f8d_ligand,4.496
1fzq_ligand,5.788
1g2k_ligand,8.542
1f8e_ligand,5.661
1g3d_ligand,4.611
1g2l_ligand,7.823
1g3e_ligand,4.703
1fzo_ligand,10.645
1fzm_ligand,9.672
1g7f_ligand,5.733
1g7g_ligand,5.795
1g7v_ligand,5.447
1g2o_ligand,7.019
1g30_ligand,6.511
1g74_ligand,4.389
1g32_ligand,6.408
1g36_ligand,7.265
1g35_ligand,7.675
1g85_ligand,4.631
1g7q_ligand,8.519
1gaf_ligand,7.374
1gfy_ligand,3.009
1fo0_ligand,10.245
1gai_ligand,5.29
1ghv_ligand,5.275
1gar_ligand,6.194
1ghw_ligand,6.069
1ghz_ligand,4.868
1gi1_ligand,5.261
1gi7_ligand,4.842
1gj6_ligand,7.544
1gjc_ligand,6.714
1gnm_ligand,6.551
1gnn_ligand,5.695
1gno_ligand,7.818
1gyy_ligand,3.342
1gyx_ligand,2.642
1gpk_ligand,6.219
1g98_ligand,5.733
1gx8_ligand,6.95
1gpn_ligand,7.792
1gwv_ligand,2.783
1gvw_ligand,5.901
1gvx_ligand,9.275
1h0a_ligand,5.883
1h4w_ligand,3.903
1grp_ligand,3.269
1h6h_ligand,4.825
1h1s_ligand,8.069
1h5v_ligand,4.213
1hbv_ligand,6.954
1hi3_ligand,8.254
1hi5_ligand,7.636
1hi4_ligand,6.459
1hii_ligand,7.748
1hih_ligand,7.765
1h46_ligand,3.64
1h22_ligand,8.754
1hms_ligand,6.444
1hmr_ligand,6.341
1h23_ligand,8.793
1hmt_ligand,6.52
1hk4_ligand,5.32
1hn4_ligand,5.657
1hos_ligand,7.778
1hpo_ligand,9.138
1h2t_ligand,5.721
1hps_ligand,9.02
1hpx_ligand,8.436
1hpv_ligand,8.884
1hsh_ligand,7.252
1hvh_ligand,6.109
1hp5_ligand,0.757
1hvi_ligand,9.651
1hvj_ligand,9.245
1hvk_ligand,10.11
1hvl_ligand,8.856
1hvr_ligand,8.454
1hvs_ligand,9.361
1hwr_ligand,7.553
1hxb_ligand,8.11
1hxw_ligand,10.397
1i37_ligand,8.924
1ie9_ligand,9.837
1i2s_ligand,4.231
1i7z_ligand,7.142
1ikt_ligand,4.931
1ii5_ligand,5.248
1iih_ligand,3.462
1ivp_ligand,9.308
1iiq_ligand,6.88
1izh_ligand,8.185
1izi_ligand,7.827
1j4r_ligand,7.76
1i5r_ligand,10.916
1j01_ligand,4.835
1j14_ligand,4.463
1igj_ligand,6.351
1j16_ligand,4.08
1ik4_ligand,5.037
1j17_ligand,7.904
1jak_ligand,5.173
1jgl_ligand,8.945
1jn4_ligand,5.62
1jeu_ligand,6.08
1jq8_ligand,0.01
1jet_ligand,6.515
1jvu_ligand,5.201
1jsv_ligand,5.23
1jmf_ligand,6.954
1jev_ligand,7.943
1jmg_ligand,6.474
1jqy_ligand,4.805
1k1i_ligand,6.955
1jys_ligand,4.668
1jyq_ligand,9.448
1k1j_ligand,6.984
1jlr_ligand,4.702
1k1l_ligand,6.759
1k1o_ligand,6.198
1k1m_ligand,6.567
1k1n_ligand,6.634
1k6c_ligand,6.788
1k6p_ligand,7.648
1k6v_ligand,7.539
1k6t_ligand,7.431
1k21_ligand,7.247
1k22_ligand,6.978
1kav_ligand,7.784
1k1y_ligand,2.979
1kdk_ligand,8.181
1kpm_ligand,5.386
1kjr_ligand,7.089
1kel_ligand,6.949
1km3_ligand,4.813
1k27_ligand,8.058
1ksn_ligand,9.168
1kv1_ligand,7.358
1kzk_ligand,9.296
1kv5_ligand,4.155
1kzn_ligand,7.496
1l83_ligand,3.438
1laf_ligand,6.926
1l8g_ligand,5.583
1lah_ligand,6.312
1lag_ligand,4.68
1kyv_ligand,7.688
1lbf_ligand,6.915
1lgw_ligand,4.391
1lee_ligand,7.19
1lf2_ligand,7.285
1k9s_ligand,5.508
1lbk_ligand,4.736
1li2_ligand,3.99
1lhu_ligand,8.383
1koj_ligand,3.384
1li3_ligand,3.958
1li6_ligand,2.793
1lke_ligand,7.148
1lnm_ligand,7.992
1lkl_ligand,8.315
1lkk_ligand,8.771
1lpg_ligand,7.792
1loq_ligand,6.088
1lst_ligand,7.037
1lpz_ligand,8.106
1lpk_ligand,6.498
1lzq_ligand,7.451
1m0b_ligand,7.451
1lyb_ligand,7.673
1lyx_ligand,4.224
1m2p_ligand,7.514
1m2q_ligand,6.329
1m48_ligand,5.594
1m2r_ligand,6.28
1m7d_ligand,2.622
1kc7_ligand,3.925
1m7i_ligand,2.981
1m4h_ligand,7.545
1mai_ligand,7.133
1mes_ligand,7.916
1m83_ligand,6.36
1mfa_ligand,3.275
1m1b_ligand,3.369
1met_ligand,8.067
1mfi_ligand,5.374
1mfd_ligand,4.36
1m7y_ligand,8.99
1mh5_ligand,8.616
1mjj_ligand,8.791
1mq6_ligand,10.711
1mrw_ligand,8.61
1mq5_ligand,8.635
1mrx_ligand,8.474
1moq_ligand,4.504
1mrs_ligand,4.836
1msm_ligand,10.602
1lvu_ligand,5.132
1msn_ligand,8.554
1mrn_ligand,5.938
1mtr_ligand,7.599
1mu6_ligand,7.153
1mue_ligand,9.067
1m0n_ligand,4.77
1mu8_ligand,8.912
1n0s_ligand,8.031
1n4h_ligand,7.048
1m0o_ligand,4.577
1n4k_ligand,8.208
1m0q_ligand,4.109
1nc1_ligand,5.638
1n46_ligand,9.746
1n3i_ligand,8.59
1nc3_ligand,6.816
1m5w_ligand,6.403
1nfu_ligand,7.873
1nfx_ligand,8.764
1nfw_ligand,9.023
1nf8_ligand,6.195
1nhz_ligand,8.153
1nfy_ligand,8.703
1nh0_ligand,7.977
1nhu_ligand,5.749
1n5r_ligand,4.604
1nki_ligand,3.361
1nli_ligand,3.689
1njs_ligand,6.438
1njc_ligand,5.277
1nja_ligand,6.635
1nm6_ligand,9.627
1nl9_ligand,6.035
1njd_ligand,5.631
1no6_ligand,5.138
1nje_ligand,5.42
1nny_ligand,7.013
1nq7_ligand,7.432
1nt1_ligand,8.867
1n1m_ligand,4.484
1nvq_ligand,7.894
1nvs_ligand,8.057
1nvr_ligand,7.623
1o0f_ligand,5.306
1nw5_ligand,5.779
1np0_ligand,0.222
1o0m_ligand,5.224
1o0h_ligand,6.018
1nw7_ligand,5.042
1o0n_ligand,4.749
1nwl_ligand,3.284
1nz7_ligand,6.266
1o2h_ligand,7.767
1o2j_ligand,6.102
1o2o_ligand,6.983
1o2n_ligand,6.372
1o2q_ligand,6.448
1o3d_ligand,7.106
1o2r_ligand,6.54
1o2w_ligand,6.133
1o2z_ligand,6.546
1o3f_ligand,6.281
1o3i_ligand,7.185
1o3j_ligand,6.672
1o3l_ligand,7.183
1o5a_ligand,4.796
1n51_ligand,6.561
1o5c_ligand,7.072
1o5g_ligand,6.111
1o33_ligand,5.271
1o5e_ligand,6.633
1o7o_ligand,4.033
1o35_ligand,5.784
1o30_ligand,6.348
1nw4_ligand,7.08
1oau_ligand,7.914
1o38_ligand,6.484
1o36_ligand,5.7
1oar_ligand,6.776
1oba_ligand,2.053
1od8_ligand,4.827
1ocq_ligand,4.93
1ogx_ligand,6.425
1ogz_ligand,6.435
1oe8_ligand,5.565
1ohr_ligand,8.672
1om1_ligand,8.105
1onz_ligand,5.136
1oif_ligand,5.167
1ony_ligand,6.561
1ork_ligand,7.121
1oss_ligand,4.161
1oxr_ligand,4.966
1owe_ligand,5.592
1owh_ligand,6.397
1odi_ligand,5.628
1os5_ligand,6.484
1oyt_ligand,6.885
1oyq_ligand,6.37
1p1n_ligand,6.117
1ogg_ligand,4.991
1odj_ligand,5.171
1ogd_ligand,3.344
1pa9_ligand,4.936
1p19_ligand,4.413
1pb8_ligand,4.763
1p1o_ligand,6.065
1p57_ligand,5.417
1pb9_ligand,4.073
1pbq_ligand,6.174
1olu_ligand,7.18
1pme_ligand,9.305
1ols_ligand,7.398
1pdz_ligand,2.846
1ppc_ligand,6.721
1pph_ligand,5.686
1pot_ligand,5.924
1olx_ligand,9.179
1ppk_ligand,6.246
1oz0_ligand,6.374
1ppl_ligand,6.939
1pgp_ligand,4.915
1ppm_ligand,5.067
1pro_ligand,7.435
1phw_ligand,4.641
1ppi_ligand,4.228
1pxn_ligand,7.618
1pxo_ligand,3.383
1pxp_ligand,6.709
1pzp_ligand,3.263
1pyn_ligand,6.011
1pzi_ligand,4.879
1pz5_ligand,5.969
1q7a_ligand,6.444
1q8t_ligand,4.727
1q8u_ligand,6.208
1q8w_ligand,5.706
1pkx_ligand,5.439
1q5k_ligand,7.194
1q54_ligand,5.874
1q72_ligand,7.689
1q91_ligand,4.987
1qan_ligand,4.606
1pr5_ligand,5.318
1qb1_ligand,7.092
1qb6_ligand,6.005
1qb9_ligand,7.755
1qbo_ligand,7.349
1qbs_ligand,7.687
1qbn_ligand,6.091
1qaw_ligand,5.846
1qbu_ligand,7.819
1qbr_ligand,10.026
1qbt_ligand,8.65
1pvn_ligand,7.719
1qft_ligand,5.679
1qbv_ligand,8.119
1qhc_ligand,8.62
1q84_ligand,10.299
1q1g_ligand,8.669
1ql7_ligand,6.307
1ql9_ligand,8.548
1qkt_ligand,7.748
1rbp_ligand,7.802
1qxk_ligand,5.285
1qyg_ligand,7.454
1r9l_ligand,5.062
1r0p_ligand,6.84
1qkb_ligand,6.923
1rd4_ligand,7.538
1qk3_ligand,5.15
1rjk_ligand,9.171
1rnm_ligand,4.7
1qka_ligand,6.961
1qk4_ligand,4.086
1rnt_ligand,4.238
1rpf_ligand,5.633
1s19_ligand,9.204
1rtf_ligand,3.899
1rql_ligand,2.993
1sbg_ligand,7.956
1sb1_ligand,7.112
1sdt_ligand,8.231
1sgu_ligand,6.96
1sdu_ligand,8.453
1sh9_ligand,6.455
1sdv_ligand,8.036
1siv_ligand,7.851
1rr6_ligand,5.265
1s89_ligand,4.503
1s5z_ligand,3.202
1sl3_ligand,11.422
1sqa_ligand,8.778
1sqo_ligand,8.343
1sld_ligand,5.828
1sqt_ligand,6.842
1sv3_ligand,4.455
1sr7_ligand,10.023
1srg_ligand,6.12
1stc_ligand,8.176
1sw2_ligand,6.303
1str_ligand,4.322
1swg_ligand,8.059
1swr_ligand,8.958
1t4v_ligand,6.733
1t7d_ligand,5.802
1syh_ligand,6.458
1t7j_ligand,8.13
1td7_ligand,8.948
1ta6_ligand,9.083
1tcx_ligand,7.539
1t32_ligand,8.498
1syi_ligand,6.121
1tng_ligand,2.489
1tnh_ligand,3.926
1rp7_ligand,8.405
1t5f_ligand,3.144
1tni_ligand,3.681
1tom_ligand,7.004
1trd_ligand,4.791
1tx7_ligand,3.873
1tpw_ligand,4.219
1ssq_ligand,5.862
1tq4_ligand,5.381
1tsy_ligand,5.439
1u1b_ligand,6.898
1u71_ligand,7.152
1u1w_ligand,5.143
1ui0_ligand,6.956
1thz_ligand,6.508
1ua4_ligand,6.108
1uj5_ligand,4.804
1u33_ligand,4.056
1ugx_ligand,2.489
1tjp_ligand,5.63
1tkb_ligand,7.456
1uou_ligand,6.783
1utj_ligand,3.741
1utl_ligand,2.372
1utm_ligand,2.742
1ucn_ligand,5.127
1utn_ligand,3.412
1usi_ligand,5.367
1u0g_ligand,5.396
1uto_ligand,1.838
1upf_ligand,4.339
1uvt_ligand,8.17
1uwf_ligand,3.686
1ur9_ligand,5.329
1v0l_ligand,5.264
1uz4_ligand,3.072
1uz1_ligand,3.653
1v0k_ligand,5.083
1uz8_ligand,2.596
1v2j_ligand,4.17
1uv6_ligand,3.147
1v2k_ligand,6.633
1usk_ligand,4.186
1v2l_ligand,4.104
1uw6_ligand,6.927
1v2s_ligand,4.191
1v2r_ligand,4.202
1v2o_ligand,4.131
1v2n_ligand,5.992
1v2t_ligand,3.984
1v2u_ligand,4.183
1v2w_ligand,4.194
1vyf_ligand,6.551
1vyg_ligand,7.749
1vso_ligand,5.727
1vzq_ligand,7.028
1w0z_ligand,6.118
1w4o_ligand,4.925
1w3k_ligand,3.986
1w3j_ligand,5.739
1w3l_ligand,4.173
1w4p_ligand,5.304
1w4q_ligand,5.669
1v1m_ligand,6.467
1v1j_ligand,4.228
1w5v_ligand,7.619
1w7g_ligand,5.561
1w5y_ligand,8.217
1w5w_ligand,9.629
1w5x_ligand,7.524
1w9u_ligand,5.968
1w9v_ligand,6.442
1w11_ligand,7.17
1w13_ligand,6.616
1w96_ligand,7.6
1v11_ligand,6.51
1wc1_ligand,3.86
1wm1_ligand,7.151
1wdn_ligand,6.648
1v16_ligand,6.536
1x8d_ligand,4.762
1ws4_ligand,2.805
1x1z_ligand,8.24
1wvj_ligand,6.527
1wcq_ligand,5.863
1uwt_ligand,4.383
1uwu_ligand,3.649
1wht_ligand,5.699
1x8j_ligand,6.077
1xap_ligand,8.538
1xbo_ligand,5.22
1x8t_ligand,7.82
1x38_ligand,7.292
1x8r_ligand,6.788
1x39_ligand,6.458
1xff_ligand,5.278
1xgi_ligand,5.141
1xh4_ligand,7.609
1xh5_ligand,6.39
1xjd_ligand,7.508
1xh9_ligand,8.075
1xk5_ligand,6.686
1xd0_ligand,5.058
1xk9_ligand,5.971
1xhy_ligand,6.649
1xka_ligand,7.703
1xow_ligand,8.787
1xkk_ligand,8.776
1xt8_ligand,9.251
1xws_ligand,6.649
1y1z_ligand,4.955
1y0l_ligand,8.733
1y3v_ligand,5.817
1y3x_ligand,6.617
1y20_ligand,4.605
1y6q_ligand,7.984
1y3n_ligand,3.313
1y6r_ligand,6.572
1yc1_ligand,7.538
1yc4_ligand,6.128
1xr9_ligand,10.584
1y3p_ligand,2.84
1ydr_ligand,5.834
1ydk_ligand,6.011
1yet_ligand,6.468
1yds_ligand,5.194
1ydt_ligand,8.084
1yp9_ligand,5.656
1ype_ligand,7.269
1ypj_ligand,7.351
1ypg_ligand,7.212
1yfz_ligand,4.206
1z1h_ligand,8.135
1yqj_ligand,7.924
1z6s_ligand,5.469
1z4o_ligand,4.202
1yq7_ligand,4.365
1z6e_ligand,9.079
1z95_ligand,5.042
1z71_ligand,8.328
1zgi_ligand,8.8
1zc9_ligand,3.737
1zhy_ligand,7.818
1zea_ligand,7.989
1zp8_ligand,9.419
1zpa_ligand,7.345
1zoe_ligand,3.918
1zog_ligand,3.645
1zsf_ligand,7.465
2a5s_ligand,4.769
1zoh_ligand,6.947
2a5b_ligand,4.993
2a4m_ligand,1.165
2a5c_ligand,5.232
2a14_ligand,6.896
2aac_ligand,4.582
2a8g_ligand,4.852
2al5_ligand,7.226
2ans_ligand,5.555
2am4_ligand,3.878
2arm_ligand,2.699
2aoe_ligand,9.057
2aod_ligand,9.778
2aqu_ligand,7.495
2aoc_ligand,9.282
2ax9_ligand,8.606
2avo_ligand,8.509
2aog_ligand,9.084
2avs_ligand,8.443
2avm_ligand,9.478
2avq_ligand,9.515
2azr_ligand,4.025
2ayr_ligand,9.249
2b4l_ligand,5.187
2b07_ligand,6.222
2b9a_ligand,8.812
2bet_ligand,4.269
2bal_ligand,6.346
2bes_ligand,5.235
2bak_ligand,8.986
2baj_ligand,8.271
2bfq_ligand,5.304
2bfr_ligand,5.013
2b7d_ligand,7.01
2bmk_ligand,5.607
2aj8_ligand,6.645
2bok_ligand,6.063
2bpv_ligand,7.523
2boh_ligand,6.86
2bpy_ligand,6.953
2bqv_ligand,7.168
2boj_ligand,1.25
2br1_ligand,5.637
2bq7_ligand,7.246
2brb_ligand,5.193
2b1g_ligand,4.307
2bt9_ligand,5.494
2brm_ligand,5.955
2b1i_ligand,4.824
2bza_ligand,3.712
2c3i_ligand,6.72
2bvd_ligand,4.164
2bvr_ligand,4.292
2c3l_ligand,5.091
2bvs_ligand,3.84
2bz6_ligand,6.613
2c1p_ligand,4.845
2c80_ligand,5.379
2c97_ligand,8.479
2c92_ligand,7.1
2c94_ligand,6.127
2cbz_ligand,3.993
2ca8_ligand,3.71
2cbv_ligand,5.512
2bo4_ligand,4.099
2ccb_ligand,7.321
2cbu_ligand,4.241
2bys_ligand,8.372
2cbj_ligand,5.659
2cc7_ligand,8.104
2byr_ligand,8.55
2ccc_ligand,6.157
2cen_ligand,7.578
2cej_ligand,7.65
2ce9_ligand,7.126
2ceq_ligand,4.299
2cf9_ligand,7.491
2cf8_ligand,7.697
2cgf_ligand,5.643
2cer_ligand,6.187
2ces_ligand,3.904
2cet_ligand,5.202
2cgr_ligand,7.293
2cn0_ligand,7.507
2d0k_ligand,7.936
2dri_ligand,3.664
2drc_ligand,8.301
2csn_ligand,4.726
2d3u_ligand,6.985
2d3z_ligand,6.475
2e2p_ligand,3.889
2e2r_ligand,6.653
2dw7_ligand,4.768
2e9u_ligand,6.542
2cle_ligand,4.707
2e27_ligand,5.658
2e7f_ligand,5.867
2clh_ligand,5.149
2clk_ligand,3.607
2e91_ligand,2.369
2cht_ligand,3.742
2e92_ligand,3.344
2euk_ligand,9.279
2cli_ligand,5.23
2erz_ligand,6.022
2e94_ligand,4.24
2evl_ligand,8.653
2exm_ligand,5.26
2ewa_ligand,5.65
2f1g_ligand,7.501
2ews_ligand,5.401
2f8g_ligand,9.6
2f6t_ligand,5.151
2f7i_ligand,9.147
2f80_ligand,8.833
2f34_ligand,6.139
2f35_ligand,5.691
2f81_ligand,7.979
1px4_ligand,2.217
2fgu_ligand,8.223
2fdp_ligand,6.861
2fgv_ligand,8.203
2fle_ligand,9.459
2flr_ligand,6.929
2epn_ligand,3.582
2fmb_ligand,9.13
2fqw_ligand,6.076
2fqx_ligand,6.016
2fx6_ligand,2.774
2fxs_ligand,6.207
2fqy_ligand,5.351
2fvd_ligand,8.227
2fxu_ligand,7.898
2fxv_ligand,4.46
2g5u_ligand,10.099
2gj5_ligand,4.836
2g94_ligand,9.914
2fpz_ligand,3.091
2gh9_ligand,4.904
2gss_ligand,3.314
2gv6_ligand,6.765
2gv7_ligand,6.993
2gst_ligand,6.134
2gvv_ligand,4.441
2h4g_ligand,5.714
2fw6_ligand,3.105
2h4k_ligand,5.299
2glp_ligand,6.247
2gl0_ligand,4.4
2h21_ligand,4.341
2gz2_ligand,4.848
2gvj_ligand,9.876
2hah_ligand,7.094
2hb1_ligand,3.132
2hb3_ligand,9.769
2haw_ligand,5.705
2hhn_ligand,7.284
2hnx_ligand,6.544
2hs1_ligand,8.703
2hkf_ligand,7.485
2ha2_ligand,5.837
2hxm_ligand,5.939
2ha3_ligand,1.142
2i0a_ligand,10.716
2ha6_ligand,3.014
2hjb_ligand,4.013
2i4d_ligand,10.481
2hzl_ligand,2.887
2gyi_ligand,0.05
2i4u_ligand,10.056
2i4v_ligand,9.604
2i4w_ligand,11.0
2hmv_ligand,5.796
2i4j_ligand,4.112
2i4x_ligand,11.067
2hmu_ligand,5.867
2i6b_ligand,7.694
2i4z_ligand,2.995
2idw_ligand,9.487
2i2c_ligand,5.304
2ihq_ligand,7.956
2iwx_ligand,6.611
2i19_ligand,4.857
2ihj_ligand,4.841
2i80_ligand,10.169
2j2u_ligand,7.658
2iuz_ligand,8.605
2izl_ligand,12.625
2j4i_ligand,9.271
2j4g_ligand,5.755
2j7b_ligand,3.76
2j7d_ligand,4.312
2h6b_ligand,5.569
2j7e_ligand,4.336
2j34_ligand,7.405
2j7f_ligand,2.215
2j7g_ligand,4.872
2j27_ligand,4.539
2j7h_ligand,5.3
2j75_ligand,5.84
2j77_ligand,3.368
2j47_ligand,7.336
2j78_ligand,4.416
2j94_ligand,8.579
2j79_ligand,5.23
2j95_ligand,6.755
2jdp_ligand,1.542
2jdm_ligand,0.963
2jds_ligand,8.05
2jdu_ligand,0.894
2jfz_ligand,8.368
2jh0_ligand,7.132
2jgs_ligand,9.023
2jh6_ligand,7.507
2jh5_ligand,7.074
2jf4_ligand,5.911
2j62_ligand,7.579
2jg0_ligand,6.54
2jkh_ligand,7.965
2jiw_ligand,5.121
2jxr_ligand,7.47
2nmz_ligand,8.382
2jkp_ligand,4.894
2nt7_ligand,6.819
2o0u_ligand,6.212
2nta_ligand,3.817
2o4j_ligand,9.603
2o4k_ligand,7.845
2o4l_ligand,9.178
2o4n_ligand,8.535
2jjb_ligand,4.739
2o4r_ligand,9.733
2oax_ligand,9.793
2oiq_ligand,7.076
2iko_ligand,6.579
2ojg_ligand,5.01
2oi2_ligand,4.54
2mas_ligand,4.321
2ogy_ligand,5.575
2ojj_ligand,7.461
2nsl_ligand,4.325
2nsj_ligand,5.509
2oxd_ligand,5.318
2olb_ligand,6.37
2oxx_ligand,4.855
2oxn_ligand,4.922
2oxy_ligand,5.898
2jke_ligand,4.205
2p3a_ligand,7.413
2oym_ligand,5.978
2on6_ligand,6.488
2p3b_ligand,6.894
2p2a_ligand,7.074
2p3c_ligand,8.312
2p3i_ligand,3.46
2p7g_ligand,7.096
2p7a_ligand,6.016
2p7z_ligand,7.452
2p16_ligand,7.563
2p4y_ligand,9.166
2p4j_ligand,8.737
2p95_ligand,8.097
2p15_ligand,9.764
2pcp_ligand,8.469
2pbw_ligand,7.171
2ot1_ligand,3.142
2oag_ligand,7.903
2p4s_ligand,8.378
2pk6_ligand,10.139
2pk5_ligand,9.804
2pql_ligand,8.477
2pog_ligand,8.754
2ole_ligand,7.919
2pqz_ligand,5.856
2psu_ligand,8.066
2psv_ligand,7.775
2pqc_ligand,5.954
2pqb_ligand,7.116
2pv1_ligand,7.083
2pu2_ligand,5.05
2pgz_ligand,5.337
2pq9_ligand,7.703
2pvh_ligand,6.606
2pvj_ligand,8.259
2pvk_ligand,7.118
2pvu_ligand,7.321
2pvm_ligand,7.251
2pvl_ligand,7.617
2pwc_ligand,6.575
2pwr_ligand,6.58
2pym_ligand,8.293
2pyn_ligand,7.914
2q5k_ligand,9.378
2pwd_ligand,1.947
2q2a_ligand,6.962
2pwg_ligand,2.376
2pyy_ligand,5.898
2py4_ligand,6.153
2q54_ligand,8.412
2q6f_ligand,5.965
2q8h_ligand,2.658
2q64_ligand,8.506
2q63_ligand,8.511
2q55_ligand,8.804
2qbq_ligand,6.932
2qbp_ligand,7.756
2qbr_ligand,6.451
2qbs_ligand,6.521
2q8z_ligand,5.696
2q7q_ligand,5.273
2qci_ligand,9.525
2qbw_ligand,8.079
2qd6_ligand,9.935
2qbu_ligand,5.598
2qd7_ligand,9.713
2qg2_ligand,7.119
2qhz_ligand,7.338
2qhy_ligand,7.444
2qd8_ligand,10.107
2qi3_ligand,10.08
2qe4_ligand,8.347
2qi1_ligand,7.312
2qg0_ligand,4.259
2qi0_ligand,7.636
2q8m_ligand,4.795
2qi4_ligand,9.854
2qi5_ligand,10.458
2qi6_ligand,9.727
2qi7_ligand,9.206
2qm9_ligand,1.901
2qnp_ligand,6.407
2qpq_ligand,4.544
2qnq_ligand,6.301
2qnn_ligand,10.241
2qrl_ligand,4.488
2qrk_ligand,3.318
2qmg_ligand,8.812
2qpu_ligand,2.086
2qtg_ligand,2.799
2qu6_ligand,7.716
2qtn_ligand,4.683
2qw1_ligand,4.084
2qtt_ligand,3.6
2r2w_ligand,5.327
2r2m_ligand,7.234
2r5a_ligand,4.336
2r3w_ligand,6.761
2r5p_ligand,8.01
2r3t_ligand,6.06
2r0z_ligand,8.278
2r9w_ligand,5.787
2r0h_ligand,4.706
2r43_ligand,6.683
2r58_ligand,3.305
2r9x_ligand,5.198
2r38_ligand,7.039
2ra0_ligand,6.073
2rcb_ligand,5.154
2r75_ligand,4.393
2reg_ligand,4.584
2rin_ligand,3.63
2ri9_ligand,2.974
2rkf_ligand,8.324
2rk8_ligand,4.3
2qta_ligand,7.99
2rka_ligand,2.21
2rkd_ligand,3.614
2rke_ligand,3.903
2rio_ligand,3.502
2rkg_ligand,8.751
2qwb_ligand,2.53
2qwc_ligand,4.277
2qwd_ligand,5.316
2qwf_ligand,6.611
2qwe_ligand,6.625
2tpi_ligand,4.296
2rkm_ligand,4.815
2sim_ligand,3.834
2uwl_ligand,7.556
2std_ligand,9.817
2uwo_ligand,8.056
2uwd_ligand,7.415
2uwp_ligand,7.257
2uxi_ligand,7.237
2uxz_ligand,7.897
2uy3_ligand,3.154
2uy0_ligand,7.184
2uy4_ligand,4.862
2uy5_ligand,5.322
2uyq_ligand,5.04
2uyn_ligand,2.656
2v00_ligand,4.126
2v2q_ligand,4.924
2v2v_ligand,4.681
2v2c_ligand,3.812
2v3u_ligand,5.587
2v3d_ligand,3.713
2v2h_ligand,3.728
2v7a_ligand,7.075
2v8w_ligand,6.492
2v57_ligand,5.592
2v54_ligand,5.161
2v95_ligand,6.855
2v58_ligand,7.39
2v59_ligand,6.389
2vfk_ligand,5.282
2vh0_ligand,9.146
2vh6_ligand,8.832
2vb8_ligand,1.78
2vba_ligand,3.435
2vk2_ligand,3.332
2vc9_ligand,5.888
2vk6_ligand,4.502
2vnp_ligand,8.043
2vkm_ligand,8.362
2vnt_ligand,6.931
2vo4_ligand,0.032
2vjx_ligand,4.164
2vmc_ligand,1.147
2vmd_ligand,0.888
2vpn_ligand,6.026
2vl4_ligand,4.652
2vpo_ligand,5.868
2vmf_ligand,5.144
2rd6_ligand,6.391
2vrj_ligand,3.895
2vvc_ligand,9.769
2vt3_ligand,3.709
2vvu_ligand,9.327
2vo5_ligand,6.511
2vot_ligand,5.369
2vvv_ligand,10.507
2vvs_ligand,5.775
2vw5_ligand,7.66
2vvn_ligand,4.573
2vwc_ligand,7.164
2vqt_ligand,3.778
2vwl_ligand,9.967
2vwm_ligand,9.676
2vw2_ligand,4.598
2vwn_ligand,9.754
2vw1_ligand,4.198
2vwo_ligand,9.712
2vyt_ligand,3.163
2vxn_ligand,4.589
2vzr_ligand,4.86
2vhj_ligand,5.247
2w5g_ligand,6.419
2w8y_ligand,9.044
2w9h_ligand,7.119
2w4x_ligand,3.972
2w47_ligand,1.093
2w26_ligand,9.038
2w8j_ligand,5.537
2w8w_ligand,5.258
2wc3_ligand,6.316
2wb5_ligand,6.514
2wc4_ligand,6.279
2w67_ligand,4.558
2we3_ligand,5.597
2w66_ligand,4.648
2wca_ligand,6.46
2w08_ligand,0.74
2wf5_ligand,6.043
2weq_ligand,7.246
2wbg_ligand,6.884
2web_ligand,5.993
2wec_ligand,4.986
2wer_ligand,5.85
2wed_ligand,6.126
2wgj_ligand,7.033
2wjg_ligand,4.631
2wkz_ligand,7.523
2wl0_ligand,6.988
2wky_ligand,5.991
2whp_ligand,4.134
2wk6_ligand,5.344
2wly_ligand,3.13
2wtv_ligand,8.287
2wq5_ligand,5.605
2wlz_ligand,5.039
2wyf_ligand,2.724
2wm0_ligand,5.864
2wuf_ligand,5.325
2wyg_ligand,8.28
2wyj_ligand,9.492
2wvz_ligand,2.903
2wr8_ligand,9.528
2wzm_ligand,6.699
2wn9_ligand,7.91
2wnc_ligand,7.475
2wzf_ligand,3.348
2wvt_ligand,5.273
2x4z_ligand,8.095
2wnj_ligand,7.691
2xab_ligand,7.475
2wzs_ligand,3.989
2xb7_ligand,7.657
2xbv_ligand,9.681
2xbx_ligand,9.102
2xbw_ligand,8.911
2xc0_ligand,9.053
2xbp_ligand,6.225
2xc4_ligand,10.359
2x2r_ligand,7.007
2xde_ligand,6.362
2x00_ligand,8.66
2x0y_ligand,6.563
2xdk_ligand,3.362
2xdl_ligand,3.992
2xht_ligand,4.865
2xdx_ligand,4.133
2xj1_ligand,5.911
2xj2_ligand,6.779
2xib_ligand,5.49
2xg9_ligand,3.875
2xjg_ligand,7.485
2xjj_ligand,6.873
2xii_ligand,6.71
2xjx_ligand,6.886
2xmy_ligand,5.83
2xn3_ligand,5.226
2xog_ligand,6.932
2xp7_ligand,5.055
2xnb_ligand,6.962
2xn5_ligand,4.733
2xm2_ligand,5.23
2xm1_ligand,4.384
2xb8_ligand,5.829
2xxr_ligand,5.787
2xye_ligand,8.231
2xyf_ligand,8.138
2xxt_ligand,6.426
2xxx_ligand,5.72
2xj7_ligand,6.064
2y5g_ligand,9.142
2y5f_ligand,8.332
2xd9_ligand,7.067
2y5h_ligand,8.538
2x6x_ligand,3.168
2xda_ligand,6.527
2y7x_ligand,8.567
2xpk_ligand,6.818
2y7z_ligand,8.499
2y82_ligand,8.764
2y80_ligand,8.102
2y81_ligand,8.831
2xys_ligand,7.136
2y8c_ligand,6.55
2ya6_ligand,4.586
2ya7_ligand,6.286
2ya8_ligand,6.127
2xyt_ligand,2.912
2ydw_ligand,5.09
2yek_ligand,4.857
2yel_ligand,4.769
2yb0_ligand,4.905
2yaz_ligand,4.396
2yay_ligand,3.847
2ydt_ligand,5.056
2yfe_ligand,6.539
2yfx_ligand,6.122
2yge_ligand,5.715
2yfa_ligand,5.621
2ygf_ligand,7.198
2yi0_ligand,2.124
2yi7_ligand,4.929
2yix_ligand,8.054
2f2h_ligand,4.367
2yk1_ligand,7.048
2yki_ligand,8.448
2yxj_ligand,8.693
2ylc_ligand,4.452
2z4o_ligand,10.388
2zb1_ligand,7.112
2ypi_ligand,5.201
2zc9_ligand,8.699
2zcq_ligand,6.79
2zcr_ligand,8.394
2zcs_ligand,8.92
2zda_ligand,7.414
2zdl_ligand,6.824
2zdk_ligand,6.749
2zdm_ligand,6.824
2zdn_ligand,7.162
2zfp_ligand,5.996
2yme_ligand,5.534
2zft_ligand,6.149
2zfs_ligand,6.753
2za5_ligand,7.831
2zgx_ligand,6.913
2zjw_ligand,5.567
2zmm_ligand,6.986
2zn7_ligand,7.784
2zq2_ligand,6.549
2zy1_ligand,6.04
2zkj_ligand,3.426
2zz1_ligand,5.955
2zz2_ligand,7.013
2zym_ligand,3.576
3a2o_ligand,8.921
3a1c_ligand,5.289
3a1d_ligand,6.073
3a1e_ligand,4.593
3a6t_ligand,6.348
3aau_ligand,6.284
2ypo_ligand,5.349
3aaq_ligand,5.173
3acw_ligand,7.501
3acx_ligand,7.129
3a5y_ligand,7.236
3ag9_ligand,7.18
3ai8_ligand,3.101
3aid_ligand,6.385
3agl_ligand,8.177
3ap4_ligand,5.917
3aqt_ligand,5.257
3alt_ligand,2.176
3arp_ligand,7.605
3arq_ligand,7.915
3arw_ligand,7.81
3arx_ligand,4.539
3b1m_ligand,7.333
3axz_ligand,5.739
2zq0_ligand,3.349
3b4p_ligand,5.706
3b3x_ligand,3.914
3b5r_ligand,9.074
3b24_ligand,1.859
3b25_ligand,6.35
3b26_ligand,6.322
3b27_ligand,5.882
3b2q_ligand,3.736
3b50_ligand,5.305
3b65_ligand,8.082
2ymd_ligand,4.953
3b66_ligand,7.896
3b7j_ligand,4.385
3b67_ligand,8.366
3b68_ligand,7.949
3be9_ligand,7.459
3bex_ligand,4.208
3bgb_ligand,6.279
3bgq_ligand,8.068
3bgc_ligand,5.846
3bgz_ligand,7.422
3bfu_ligand,5.111
3bqc_ligand,6.401
3bbf_ligand,4.117
3bbb_ligand,3.825
3bra_ligand,3.375
3brn_ligand,8.436
3bu1_ligand,8.493
3bgs_ligand,6.447
3buf_ligand,3.167
3buh_ligand,3.236
3bug_ligand,2.18
3bv9_ligand,6.102
3bvb_ligand,8.333
3bva_ligand,9.334
3bxe_ligand,5.405
3bwj_ligand,6.933
3bxf_ligand,4.592
3bxg_ligand,5.073
3bxh_ligand,3.446
3c4h_ligand,7.457
3bzf_ligand,8.792
3c39_ligand,4.59
3c79_ligand,5.744
3c84_ligand,1.87
3c2o_ligand,3.985
3c2f_ligand,5.368
3c2r_ligand,3.743
2zwz_ligand,5.534
2zx7_ligand,4.017
3cfn_ligand,5.174
2zx6_ligand,5.107
2zxd_ligand,5.872
3cft_ligand,3.259
3cct_ligand,6.991
3ccw_ligand,7.476
3ccz_ligand,7.087
2zx8_ligand,3.841
3cf8_ligand,2.803
3cd0_ligand,7.482
3cj5_ligand,6.3
3cd5_ligand,7.471
3ckp_ligand,6.61
3ckb_ligand,2.375
3cs7_ligand,9.419
3cyw_ligand,7.635
3cow_ligand,8.415
3coy_ligand,7.825
3cyx_ligand,8.16
3coz_ligand,6.825
3cyz_ligand,5.254
3cz1_ligand,3.973
3cd7_ligand,7.028
3cke_ligand,5.949
3d0b_ligand,6.399
3ctt_ligand,-0.077
3cda_ligand,7.673
3cdb_ligand,7.141
3d1x_ligand,7.601
3d1z_ligand,9.788
3d6o_ligand,2.617
3d6p_ligand,2.975
3d1y_ligand,8.202
3c2u_ligand,5.195
3d8z_ligand,2.872
3d7z_ligand,7.672
3d0e_ligand,8.093
3d78_ligand,5.292
3d83_ligand,9.449
3da9_ligand,6.327
3djp_ligand,5.187
3djq_ligand,3.285
3djo_ligand,4.772
3djk_ligand,9.904
3d91_ligand,9.436
3djv_ligand,5.074
3dk1_ligand,10.331
3djx_ligand,4.494
3dnd_ligand,2.667
3cl0_ligand,6.423
3d2e_ligand,7.029
3dne_ligand,5.457
3ckz_ligand,6.866
3dsz_ligand,5.691
3dzt_ligand,7.714
3e3c_ligand,4.343
3dp9_ligand,9.694
3e5a_ligand,8.158
3dri_ligand,3.762
3e5u_ligand,5.887
3drf_ligand,5.987
3eax_ligand,4.378
3e92_ligand,7.878
3e6y_ligand,4.211
3eb1_ligand,3.696
3e93_ligand,9.021
3drg_ligand,7.132
3ebl_ligand,6.685
3eko_ligand,6.598
3ekr_ligand,7.614
3ekp_ligand,7.811
3eeb_ligand,7.983
3ekx_ligand,9.076
3ekv_ligand,8.958
3ekw_ligand,8.345
3ekt_ligand,7.691
3el1_ligand,7.333
3egt_ligand,5.834
3el4_ligand,8.369
3ed0_ligand,6.352
3el5_ligand,8.092
3el9_ligand,7.672
3eqr_ligand,8.701
3evd_ligand,4.94
3f8c_ligand,9.255
3ery_ligand,7.557
3f8f_ligand,6.87
3f68_ligand,8.408
3f3c_ligand,5.349
3f3d_ligand,3.563
3f78_ligand,4.77
3f3e_ligand,3.621
3f70_ligand,4.952
3fas_ligand,6.338
3d7k_ligand,5.653
3f48_ligand,3.358
3ebp_ligand,5.845
3ebo_ligand,5.117
3fhb_ligand,3.763
3fat_ligand,5.814
3ffg_ligand,10.636
3fj7_ligand,3.641
3f80_ligand,1.611
3exh_ligand,7.058
3exe_ligand,8.519
3fjg_ligand,3.094
3fl5_ligand,7.178
3fqe_ligand,6.925
3fur_ligand,7.84
3fuz_ligand,6.188
3fql_ligand,7.694
3fv2_ligand,5.716
3fvh_ligand,5.84
3fv1_ligand,5.65
3fv3_ligand,7.619
3fvn_ligand,6.144
3fvk_ligand,6.476
3g0e_ligand,7.713
3fuc_ligand,7.163
3g0w_ligand,6.105
3fzy_ligand,9.244
3g1d_ligand,6.455
3g2y_ligand,0.345
3g19_ligand,4.993
3g2z_ligand,1.671
3g0i_ligand,4.841
3g30_ligand,4.748
3g31_ligand,1.541
3g1v_ligand,5.265
3g3r_ligand,6.282
3g32_ligand,2.037
3g34_ligand,-1.189
3g35_ligand,4.439
3ga5_ligand,4.571
3gba_ligand,5.696
3gbb_ligand,6.086
3gcp_ligand,6.299
3gi4_ligand,9.031
3ggu_ligand,9.13
3gcs_ligand,10.109
3gi5_ligand,9.952
3gi6_ligand,9.348
3gdt_ligand,4.909
3gbe_ligand,2.775
3gk1_ligand,1.221
3gjw_ligand,7.914
3gcu_ligand,9.184
3gkz_ligand,5.988
3gm0_ligand,5.546
3gqz_ligand,3.469
3gr2_ligand,2.134
3gsm_ligand,2.58
3gs6_ligand,3.806
3gtc_ligand,6.341
3gnw_ligand,8.522
3gv9_ligand,2.108
3gss_ligand,6.31
3gvb_ligand,4.701
3gst_ligand,6.178
3gvu_ligand,7.431
3gy2_ligand,5.675
3gx0_ligand,4.752
3gy4_ligand,4.577
3gy7_ligand,4.479
3gy3_ligand,6.212
3h1x_ligand,2.44
3h5b_ligand,7.443
3f6e_ligand,7.562
3h30_ligand,5.151
3hcm_ligand,3.433
3h8b_ligand,7.956
3h89_ligand,7.468
3hk1_ligand,5.705
3h78_ligand,3.704
3hek_ligand,6.905
3hb4_ligand,7.898
3hl7_ligand,6.837
3hit_ligand,5.355
3hky_ligand,8.157
3hkw_ligand,8.061
3hll_ligand,9.347
3hmp_ligand,4.183
3hmo_ligand,7.671
3hl8_ligand,1.605
3hp9_ligand,6.228
3hub_ligand,7.643
3huc_ligand,9.116
3hv8_ligand,5.805
3hvi_ligand,7.85
3hvj_ligand,8.978
3i7e_ligand,9.7
3i5z_ligand,8.093
3i6o_ligand,9.852
3i9g_ligand,6.198
3fzn_ligand,6.822
3i60_ligand,7.709
3i4b_ligand,6.798
3i25_ligand,8.522
3hww_ligand,3.842
3ikd_ligand,6.524
3ikg_ligand,6.814
3ies_ligand,7.226
3i73_ligand,0.706
3ijh_ligand,2.785
3ifl_ligand,7.82
3imc_ligand,5.729
3ime_ligand,4.678
3iob_ligand,5.306
3ioc_ligand,6.397
3ip5_ligand,4.254
3ip6_ligand,4.852
3ip8_ligand,5.028
3ip9_ligand,5.636
3iph_ligand,7.164
3ioe_ligand,4.57
3iod_ligand,4.465
3ipq_ligand,10.315
3ipu_ligand,8.783
3isj_ligand,6.779
3iqu_ligand,7.653
3iss_ligand,4.098
3iub_ligand,8.5
3iue_ligand,9.278
3iw6_ligand,6.697
3ivc_ligand,7.008
3iw5_ligand,7.104
3ivg_ligand,6.284
3jrs_ligand,5.056
3ivx_ligand,8.532
3jrx_ligand,7.18
3jdw_ligand,8.07
3juo_ligand,5.916
3jup_ligand,8.302
3jvr_ligand,4.455
3jvs_ligand,4.73
3jya_ligand,3.973
3jy0_ligand,6.634
3jzh_ligand,5.983
3jyr_ligand,4.775
3jzj_ligand,5.574
3k5v_ligand,6.597
3juk_ligand,4.677
3k4q_ligand,5.497
3k00_ligand,5.17
3k02_ligand,4.327
3k8c_ligand,6.314
3k97_ligand,6.601
3k99_ligand,7.024
3k8o_ligand,6.419
3k8q_ligand,4.355
3kdb_ligand,9.33
3kdc_ligand,10.22
3kgp_ligand,2.557
3kdd_ligand,10.001
3kdm_ligand,8.201
3kgt_ligand,6.675
3kiv_ligand,4.79
3iae_ligand,7.024
3kgu_ligand,6.011
3kku_ligand,5.574
3kjd_ligand,7.317
3kyq_ligand,3.748
3l3l_ligand,5.21
3l3m_ligand,7.229
3kmy_ligand,5.616
3kmx_ligand,6.788
3kv2_ligand,1.318
3kqr_ligand,1.076
3l59_ligand,4.152
3l4u_ligand,1.386
3k37_ligand,8.756
3l4w_ligand,3.288
3ldp_ligand,5.02
3l4v_ligand,2.004
3l4x_ligand,2.294
3hu3_ligand,6.213
3lgs_ligand,4.675
3ldq_ligand,4.985
3l4y_ligand,3.536
3l4z_ligand,3.911
3ljo_ligand,5.544
3liw_ligand,6.925
3lxk_ligand,6.744
3lp4_ligand,3.813
3lzu_ligand,8.339
3lmk_ligand,5.395
3lzs_ligand,9.275
3lp7_ligand,2.107
3lpi_ligand,7.546
3lpk_ligand,8.44
3lvw_ligand,4.011
3lpp_ligand,1.67
3lzz_ligand,5.383
3m3c_ligand,4.26
3m35_ligand,8.892
3m36_ligand,11.098
3mam_ligand,3.531
3m37_ligand,9.707
3m3z_ligand,2.939
3m8u_ligand,6.067
3mhw_ligand,0.818
3miy_ligand,7.488
3ms9_ligand,3.5
3mss_ligand,4.886
3mof_ligand,3.4
3lpl_ligand,3.082
3k4d_ligand,0.229
3mf5_ligand,6.025
3mfv_ligand,5.286
3mfw_ligand,9.255
3lq2_ligand,7.761
3mxd_ligand,9.154
3mjl_ligand,8.462
3mxe_ligand,9.267
3myg_ligand,6.691
3n3g_ligand,5.804
3n7o_ligand,8.892
3n35_ligand,4.773
3nee_ligand,6.0
3neo_ligand,6.875
3nes_ligand,6.139
3nex_ligand,6.895
3nhi_ligand,7.926
3nkk_ligand,4.996
3nht_ligand,8.139
3ng4_ligand,3.08
3n1c_ligand,5.141
3nq3_ligand,5.377
3npc_ligand,9.035
3nq9_ligand,3.415
3nu3_ligand,9.033
3nu4_ligand,9.17
3nu5_ligand,9.967
3dyo_ligand,2.406
3nu6_ligand,9.695
3nu9_ligand,8.95
3nuj_ligand,9.759
3n76_ligand,6.564
3n86_ligand,7.364
3nuo_ligand,9.65
3n8k_ligand,4.52
3n7a_ligand,3.521
3nyx_ligand,7.76
3nyd_ligand,-0.133
3o5x_ligand,4.779
3nsn_ligand,4.066
3o9a_ligand,9.9
3o8p_ligand,7.329
3o9d_ligand,10.82
3o9e_ligand,9.875
3nw3_ligand,5.493
3o9i_ligand,10.701
3o5n_ligand,4.294
3nox_ligand,8.334
3o4k_ligand,4.91
3o99_ligand,9.796
3oaf_ligand,7.283
3ocp_ligand,4.331
3o84_ligand,7.8
3oe5_ligand,7.307
3oe4_ligand,6.459
3ocz_ligand,5.882
3o75_ligand,4.546
3ok9_ligand,9.583
3ov1_ligand,8.482
3ove_ligand,9.13
3owj_ligand,7.527
3oy8_ligand,4.092
3own_ligand,8.907
3ozj_ligand,6.749
3oyw_ligand,4.318
3ozr_ligand,2.695
3old_ligand,5.461
3ozs_ligand,6.732
3ozt_ligand,6.936
3p2e_ligand,3.992
3p5o_ligand,4.967
3p3r_ligand,6.245
3p3t_ligand,5.038
3p3s_ligand,7.346
3ozg_ligand,5.574
3k1j_ligand,5.412
3p8n_ligand,8.683
3p7i_ligand,5.068
3p8o_ligand,8.004
3p8p_ligand,6.205
3p8z_ligand,6.699
3p17_ligand,6.798
3pgl_ligand,4.433
3pe1_ligand,7.124
3ozp_ligand,4.855
3pe2_ligand,8.392
3pd9_ligand,5.68
3pn1_ligand,8.16
3p9l_ligand,9.887
3po1_ligand,4.645
3p9m_ligand,10.893
3ppp_ligand,6.125
3pju_ligand,5.12
3ppr_ligand,5.086
3ppq_ligand,6.224
3prs_ligand,7.792
3pwd_ligand,6.391
3pwm_ligand,8.919
3pyy_ligand,6.273
3pww_ligand,7.115
3pwk_ligand,3.649
3q6w_ligand,8.386
3q6z_ligand,4.831
3q7q_ligand,7.685
3q1x_ligand,5.415
3ppm_ligand,3.526
3q2j_ligand,5.816
3qdd_ligand,7.53
3qaa_ligand,9.277
3qbc_ligand,4.911
3q71_ligand,4.953
3qgw_ligand,4.181
3qfd_ligand,9.546
3qkd_ligand,8.911
3qlm_ligand,5.359
3qgy_ligand,6.245
3qqs_ligand,5.968
3qox_ligand,4.931
3qps_ligand,6.173
3qqa_ligand,8.159
3qt6_ligand,6.232
3qx9_ligand,3.951
3qtv_ligand,7.604
3qto_ligand,7.553
3qwc_ligand,7.509
3qx5_ligand,8.873
3r1v_ligand,7.342
3r4m_ligand,5.298
3qxt_ligand,8.86
3qxv_ligand,5.783
3pfp_ligand,6.415
3r4n_ligand,5.712
3r6u_ligand,3.93
3r4p_ligand,7.289
3rdo_ligand,11.084
3rdq_ligand,7.077
3rlb_ligand,6.588
3r5t_ligand,6.146
3r7o_ligand,8.967
3re4_ligand,5.236
3rlp_ligand,3.633
3r88_ligand,4.097
3rlq_ligand,3.969
3rlr_ligand,5.061
3rm4_ligand,9.384
3roc_ligand,7.679
3rm9_ligand,5.507
3ru1_ligand,5.533
3rsx_ligand,5.838
3s0b_ligand,7.178
3rwp_ligand,5.519
3qfy_ligand,3.843
3rv8_ligand,4.599
3s0d_ligand,5.466
3rux_ligand,5.792
3qfz_ligand,4.015
3s0e_ligand,5.057
3s8l_ligand,8.928
3rv4_ligand,5.311
3s8n_ligand,8.709
3s2v_ligand,6.221
3s8o_ligand,9.011
3s43_ligand,9.725
3i3b_ligand,1.148
3s54_ligand,8.674
3sha_ligand,7.509
3s9e_ligand,5.767
3shc_ligand,7.12
3s5y_ligand,5.908
3si3_ligand,6.544
3si4_ligand,7.746
3sk2_ligand,6.904
3spf_ligand,6.393
3sm2_ligand,8.686
3slz_ligand,7.75
3st5_ligand,9.481
3sr4_ligand,4.849
3sfg_ligand,2.605
3std_ligand,8.481
3sus_ligand,4.573
3sur_ligand,0.957
3s6t_ligand,4.297
3sv2_ligand,6.854
3suu_ligand,4.19
3suv_ligand,4.245
3sut_ligand,3.546
3suw_ligand,4.99
3sxf_ligand,7.008
3sio_ligand,7.797
3t0x_ligand,7.872
3t1m_ligand,5.331
3t2w_ligand,9.361
3t3c_ligand,9.267
3t3u_ligand,6.65
3t64_ligand,6.54
3t60_ligand,6.613
3t70_ligand,6.991
3t1a_ligand,7.571
3t6b_ligand,7.865
3ta0_ligand,4.636
3ta1_ligand,4.36
3tao_ligand,3.179
3tay_ligand,3.253
3tf6_ligand,3.855
3tb6_ligand,3.244
3sww_ligand,8.347
3td4_ligand,3.691
3tfn_ligand,7.209
3tcg_ligand,6.385
3tfp_ligand,2.905
3th9_ligand,7.534
3tkw_ligand,8.975
3ttm_ligand,5.98
3ttp_ligand,7.296
3twp_ligand,3.77
3tu7_ligand,7.246
3tif_ligand,4.609
3tfu_ligand,5.197
3tz0_ligand,5.332
3tmk_ligand,6.636
3u5j_ligand,5.049
3u5l_ligand,4.594
3tzm_ligand,8.861
3u6h_ligand,6.47
3tza_ligand,6.109
3u6i_ligand,6.599
3u9q_ligand,7.523
3u81_ligand,6.474
3ubd_ligand,6.073
3ueu_ligand,5.548
3uev_ligand,5.386
3u8j_ligand,4.769
3u10_ligand,4.594
3uew_ligand,6.007
3u8l_ligand,6.591
3uex_ligand,7.248
3u8k_ligand,6.363
3u8n_ligand,5.044
3ug2_ligand,7.494
3uj9_ligand,6.637
3ujc_ligand,6.485
3ujd_ligand,7.261
3uo4_ligand,7.091
3uod_ligand,5.698
3up2_ligand,6.704
3uil_ligand,3.167
3umq_ligand,1.487
3upv_ligand,6.365
3uri_ligand,5.414
3upk_ligand,4.319
3uu1_ligand,4.705
3uxd_ligand,3.737
3uug_ligand,3.543
3utu_ligand,8.473
3usx_ligand,4.309
3uxk_ligand,4.451
3uz5_ligand,2.221
3uzj_ligand,4.881
3v2n_ligand,4.748
3v2p_ligand,5.843
3uxl_ligand,0.292
3v2q_ligand,5.454
3uyr_ligand,5.698
3v3q_ligand,-0.008
3v5p_ligand,6.075
3v78_ligand,8.745
3v5t_ligand,6.9
3v51_ligand,7.535
3veh_ligand,5.581
3vf5_ligand,9.838
3vf7_ligand,10.606
3vfa_ligand,10.076
3vfb_ligand,10.696
3vha_ligand,8.314
3vhc_ligand,8.082
3mv0_ligand,1.295
3vhd_ligand,7.705
3vhk_ligand,6.599
3muz_ligand,1.984
3vvy_ligand,7.036
3vw1_ligand,7.47
3vje_ligand,6.427
3vw2_ligand,6.727
3v4t_ligand,4.104
3vtr_ligand,4.326
3vjc_ligand,6.521
3w9k_ligand,6.35
3w9r_ligand,5.267
3vx3_ligand,4.88
3w07_ligand,5.58
3wha_ligand,6.68
3wgg_ligand,5.092
3wjw_ligand,5.098
3wtj_ligand,4.523
3wtl_ligand,6.453
3wmc_ligand,5.749
3w5n_ligand,2.465
3w37_ligand,4.454
3wtm_ligand,6.668
3wvm_ligand,6.958
3wto_ligand,5.255
3wz6_ligand,6.708
3wz7_ligand,7.226
3wz8_ligand,6.378
3wzn_ligand,8.934
3x00_ligand,8.743
3zbx_ligand,8.868
3zc5_ligand,8.658
3zcl_ligand,6.601
3zdv_ligand,4.249
3zi8_ligand,5.055
3zk6_ligand,6.067
3zj6_ligand,5.725
3zhx_ligand,6.202
3zi0_ligand,6.844
3zdg_ligand,4.852
3zdh_ligand,5.527
3zln_ligand,7.335
3zlr_ligand,6.457
3zm9_ligand,8.159
3zps_ligand,7.806
3zpu_ligand,8.901
3zqe_ligand,3.356
3zso_ligand,6.61
3zq9_ligand,5.399
3zsq_ligand,6.776
3zsx_ligand,6.866
3zt2_ligand,6.322
3zsy_ligand,6.51
3zt3_ligand,6.76
3zll_ligand,2.979
3zxz_ligand,8.031
3zyf_ligand,2.546
3zyu_ligand,7.732
4a4v_ligand,6.589
3zze_ligand,6.808
4a4q_ligand,7.745
4a4w_ligand,6.604
4a6b_ligand,7.472
4a6c_ligand,7.786
3zv7_ligand,3.939
4a6s_ligand,2.775
4ab9_ligand,5.952
4a7i_ligand,7.846
4a95_ligand,4.343
4aba_ligand,5.611
4abb_ligand,3.827
4abd_ligand,4.896
4abf_ligand,5.647
4abe_ligand,5.351
4abg_ligand,4.42
4abh_ligand,4.905
4a6l_ligand,7.878
4aci_ligand,4.445
4ad2_ligand,4.235
4ad6_ligand,4.762
4acc_ligand,5.168
4ad3_ligand,3.484
4ag8_ligand,9.276
4agc_ligand,9.222
4ahr_ligand,2.529
4ahs_ligand,4.728
4ahu_ligand,4.806
4afg_ligand,6.971
4aoi_ligand,9.096
4ap7_ligand,8.608
4app_ligand,7.361
4aqh_ligand,7.439
4alx_ligand,6.023
4aje_ligand,6.448
4aj4_ligand,4.448
4ajl_ligand,6.126
4aji_ligand,5.79
4asd_ligand,9.263
4ase_ligand,8.689
4att_ligand,5.859
4auj_ligand,5.791
4asj_ligand,8.185
4ara_ligand,4.839
4arb_ligand,5.762
4av5_ligand,6.433
4av4_ligand,6.333
4ax9_ligand,7.532
4arw_ligand,5.108
4ayp_ligand,2.578
4ayq_ligand,3.763
4avs_ligand,0.684
4az6_ligand,6.094
4azc_ligand,5.408
4azg_ligand,5.388
4azi_ligand,5.814
4az5_ligand,6.118
4ayu_ligand,-0.527
4azb_ligand,5.294
4b0b_ligand,2.779
4b2i_ligand,0.401
4b2l_ligand,3.99
4b3d_ligand,1.864
4b3c_ligand,2.733
4b3b_ligand,3.675
4b1j_ligand,4.728
3t0b_ligand,1.942
4b7p_ligand,6.784
4b6r_ligand,5.686
4b8y_ligand,3.585
4b5d_ligand,7.138
3t08_ligand,2.441
4b9k_ligand,7.873
4b32_ligand,2.321
3t2q_ligand,1.661
4b33_ligand,1.967
4b34_ligand,-0.823
4b35_ligand,1.522
4b9z_ligand,4.987
3t09_ligand,0.982
4bah_ligand,7.824
3t0d_ligand,1.789
4b6o_ligand,5.125
4bak_ligand,7.758
4b7j_ligand,5.998
4b6p_ligand,6.484
4b7r_ligand,6.332
4bam_ligand,8.642
4ban_ligand,7.458
4bao_ligand,7.559
4baq_ligand,7.803
4b6s_ligand,6.173
4b74_ligand,5.966
4bc5_ligand,4.254
4b73_ligand,6.073
4bb9_ligand,4.304
4b76_ligand,6.074
4bck_ligand,7.227
4bcm_ligand,3.5
4bcn_ligand,5.938
4bcs_ligand,10.895
4bcp_ligand,5.739
4bco_ligand,7.436
4bi6_ligand,4.218
4bqg_ligand,6.615
4bks_ligand,6.577
4bqs_ligand,4.491
4bkt_ligand,4.676
4bi7_ligand,3.921
4bj8_ligand,10.874
4bqh_ligand,6.691
4bs0_ligand,1.499
4buq_ligand,5.078
4btk_ligand,6.247
4br3_ligand,8.962
4bny_ligand,6.368
4c2v_ligand,7.517
4c1t_ligand,5.517
4c9x_ligand,7.351
4c1u_ligand,4.167
4c52_ligand,8.344
4cc5_ligand,2.258
4c5d_ligand,7.116
4c1y_ligand,3.082
4cd0_ligand,5.945
4cd4_ligand,5.195
4c6u_ligand,0.266
4cfl_ligand,5.739
4ceb_ligand,7.365
4cd5_ligand,4.954
4cg9_ligand,7.434
4cgi_ligand,6.312
4cjp_ligand,6.284
4cj4_ligand,6.19
4cig_ligand,6.491
4cjq_ligand,6.5
4cjr_ligand,6.352
4cg8_ligand,9.45
3vd9_ligand,2.846
4cga_ligand,7.17
4ck3_ligand,5.628
4cl6_ligand,5.148
4clj_ligand,6.11
4cmo_ligand,5.73
4cp5_ligand,4.141
4cps_ligand,7.725
4cpr_ligand,9.28
4cp7_ligand,8.052
4cpt_ligand,8.378
4cpw_ligand,8.53
4cr5_ligand,3.191
4cra_ligand,7.588
4crb_ligand,7.497
4cr9_ligand,2.848
3vd4_ligand,2.387
4crc_ligand,8.057
3vdb_ligand,0.181
4csd_ligand,5.206
4css_ligand,5.628
4crf_ligand,9.076
4cst_ligand,6.746
4cpy_ligand,6.844
4cpz_ligand,6.572
4crl_ligand,7.337
4cwo_ligand,8.115
4cwf_ligand,6.658
4cwp_ligand,8.053
4cwn_ligand,7.59
4cwr_ligand,8.581
4cwq_ligand,7.953
4ciw_ligand,4.981
4cws_ligand,7.994
4cwt_ligand,8.373
4cu7_ligand,6.381
4d3h_ligand,5.754
4d4d_ligand,6.1
4d1j_ligand,3.365
4cu8_ligand,4.556
4d7b_ligand,6.045
4d8z_ligand,5.819
4daf_ligand,6.537
4db7_ligand,5.579
4dcs_ligand,8.477
4ddh_ligand,4.413
4da5_ligand,5.74
4de0_ligand,3.179
4ddk_ligand,4.907
4ddm_ligand,4.449
4de1_ligand,2.569
4de2_ligand,4.612
4de5_ligand,4.097
4czs_ligand,7.088
4des_ligand,0.528
4der_ligand,2.821
4det_ligand,3.443
4dfg_ligand,8.47
4deu_ligand,5.044
4dbm_ligand,6.899
4dew_ligand,0.267
4djo_ligand,8.333
4djp_ligand,9.812
4djr_ligand,10.928
4djq_ligand,8.575
4dju_ligand,5.543
4djv_ligand,6.133
4djw_ligand,6.515
4djx_ligand,7.304
4dkp_ligand,4.451
4dko_ligand,3.784
4djy_ligand,6.796
4dsu_ligand,2.928
4dst_ligand,5.199
4dkq_ligand,5.785
4dkr_ligand,5.365
4duh_ligand,7.791
4dld_ligand,6.989
4dmw_ligand,4.012
4do4_ligand,6.011
4e4l_ligand,6.095
4do5_ligand,6.471
4e4n_ligand,7.989
4dq2_ligand,8.068
4e6q_ligand,8.72
4e9u_ligand,0.654
4dzy_ligand,6.805
4e7r_ligand,8.927
4e67_ligand,9.069
4e6d_ligand,8.556
4e5w_ligand,7.946
4e70_ligand,5.75
4ea2_ligand,7.428
4e0x_ligand,6.546
4egk_ligand,8.151
4ej8_ligand,0.073
4ehz_ligand,6.371
4ei4_ligand,6.746
4efk_ligand,3.533
4ef6_ligand,5.309
4ejl_ligand,1.878
4dy6_ligand,5.372
4elf_ligand,8.832
4ek9_ligand,5.193
4elg_ligand,9.487
4eb8_ligand,7.68
4elh_ligand,8.247
4emf_ligand,5.713
4emr_ligand,5.904
4epy_ligand,5.928
4e1k_ligand,6.782
4erf_ligand,7.498
4en4_ligand,4.002
4er2_ligand,7.234
4er1_ligand,8.307
4eo6_ligand,6.152
4eu0_ligand,3.937
4etz_ligand,3.526
4eor_ligand,8.477
4eoh_ligand,4.199
4eo8_ligand,6.173
4euo_ligand,4.385
4ew2_ligand,5.742
4ew3_ligand,6.955
4ewn_ligand,5.547
4ezx_ligand,6.378
4f1l_ligand,5.794
4f9y_ligand,6.822
4f2w_ligand,8.109
4f3c_ligand,10.689
4f0c_ligand,5.422
4f09_ligand,6.16
4f3k_ligand,8.618
4fcq_ligand,0.949
4f5y_ligand,5.223
4f7v_ligand,7.905
4f6u_ligand,8.85
4fev_ligand,6.895
4f6w_ligand,8.721
4few_ligand,6.541
4ezr_ligand,8.386
4ezz_ligand,6.142
4ffs_ligand,10.683
4flp_ligand,5.276
4fht_ligand,6.164
4fl1_ligand,3.683
4fk6_ligand,7.207
4fsl_ligand,8.006
4fxp_ligand,4.493
4fl2_ligand,4.775
4fxq_ligand,6.532
4g0p_ligand,4.704
4fnn_ligand,3.835
4g0q_ligand,4.504
4fzj_ligand,-1.045
4g0y_ligand,3.975
4g0z_ligand,3.671
4g4p_ligand,6.064
4fs4_ligand,6.242
4g8m_ligand,6.461
4g5f_ligand,4.189
4g8v_ligand,4.383
4g8y_ligand,4.988
4g90_ligand,5.535
4g95_ligand,7.738
4ge1_ligand,5.373
4gfm_ligand,5.144
4gfo_ligand,4.443
4g8n_ligand,6.751
4fys_ligand,7.454
4ggz_ligand,10.579
4gg7_ligand,8.92
4ghi_ligand,4.997
4gah_ligand,6.144
4gih_ligand,5.958
4gii_ligand,6.547
4gj3_ligand,6.172
4gj2_ligand,5.722
4gid_ligand,8.748
4gkh_ligand,7.407
4gki_ligand,6.903
4gny_ligand,6.243
4gqp_ligand,5.282
4gq4_ligand,6.922
4gu9_ligand,4.629
4gqq_ligand,4.483
4gkm_ligand,6.789
4gqr_ligand,4.826
4gu6_ligand,8.167
4gue_ligand,5.076
4h3f_ligand,8.528
4h3g_ligand,7.886
4h42_ligand,4.245
4h3j_ligand,6.874
4h7q_ligand,5.667
4hbm_ligand,8.445
4h75_ligand,7.556
4ha5_ligand,6.254
4hdb_ligand,8.698
4h85_ligand,5.551
4h81_ligand,7.605
4hdf_ligand,8.954
4hdp_ligand,10.247
4heg_ligand,9.04
4hfp_ligand,7.079
4hge_ligand,7.678
4hla_ligand,8.367
4hp0_ligand,6.53
4hpi_ligand,4.83
4hw3_ligand,6.769
4hj2_ligand,6.802
4hy1_ligand,8.024
4hzm_ligand,3.216
4i7j_ligand,3.18
4hym_ligand,5.143
4i5c_ligand,8.555
4i7k_ligand,4.28
4i7l_ligand,4.135
4i3z_ligand,2.218
4i7p_ligand,5.433
4i7m_ligand,4.906
4i8n_ligand,5.33
4i8w_ligand,7.283
4gzp_ligand,6.151
4gzt_ligand,5.573
4ibb_ligand,5.997
4ibc_ligand,6.085
4ibd_ligand,4.73
4i8z_ligand,8.095
4ibe_ligand,4.515
4i54_ligand,6.702
4gzx_ligand,3.431
4gzw_ligand,2.75
4ibf_ligand,6.72
4ibg_ligand,5.975
4ibi_ligand,5.63
4ibj_ligand,8.374
4ibk_ligand,5.066
4ieh_ligand,6.934
4ih5_ligand,4.791
4ih6_ligand,6.013
4i8x_ligand,3.948
4i9u_ligand,4.188
4ij1_ligand,6.238
4io2_ligand,6.308
4io3_ligand,5.871
4ido_ligand,6.955
4io4_ligand,5.742
4i9h_ligand,5.692
4idn_ligand,7.588
4io5_ligand,5.24
4fp1_ligand,7.18
4io6_ligand,6.173
4io7_ligand,5.034
4ipi_ligand,5.917
4isi_ligand,6.82
4iva_ligand,6.477
4ish_ligand,8.794
4ipj_ligand,3.995
4ivb_ligand,7.603
4isu_ligand,5.593
4iuo_ligand,4.55
4ivc_ligand,7.941
4ivd_ligand,7.994
4j7d_ligand,9.285
4ipn_ligand,2.551
4j7e_ligand,7.792
4j93_ligand,5.992
4jfk_ligand,4.886
4jfm_ligand,5.095
4jal_ligand,5.654
4j28_ligand,5.574
4jkw_ligand,4.988
4jia_ligand,8.084
4jfs_ligand,5.49
4jwk_ligand,3.81
4jn2_ligand,7.661
4jx9_ligand,3.079
4jym_ligand,3.401
4jxs_ligand,5.386
4iid_ligand,5.263
4iic_ligand,4.54
4jyt_ligand,9.545
4iif_ligand,5.134
4iie_ligand,3.209
4jzi_ligand,7.465
4jz1_ligand,10.318
4jyc_ligand,5.043
4k0y_ligand,6.799
4k3h_ligand,7.19
4k4j_ligand,7.782
4jyb_ligand,5.666
4k7i_ligand,4.358
4k6i_ligand,8.286
4k7n_ligand,4.324
4k7o_ligand,1.496
4k55_ligand,7.399
4k9y_ligand,8.065
4k18_ligand,7.841
4k77_ligand,6.392
4kao_ligand,6.501
4kb9_ligand,9.345
4kcx_ligand,4.921
4kfq_ligand,2.032
4kax_ligand,6.796
4km0_ligand,7.221
4km2_ligand,6.058
4jne_ligand,6.056
4kn0_ligand,6.539
4kow_ligand,5.645
4kmz_ligand,7.905
4jh0_ligand,9.642
4kn1_ligand,7.199
4kqp_ligand,6.597
4kz3_ligand,5.683
4kxn_ligand,5.97
4kz4_ligand,2.519
4ksy_ligand,5.085
4kz7_ligand,3.601
4kz6_ligand,2.526
4l4z_ligand,3.646
4l50_ligand,5.582
4lar_ligand,5.97
4l51_ligand,4.352
4lhv_ligand,5.083
4l4v_ligand,6.411
4lj5_ligand,4.798
4lj8_ligand,4.709
4l9i_ligand,6.64
4ljh_ligand,4.582
4lhm_ligand,5.786
4lk7_ligand,3.966
4kiu_ligand,7.223
4ll3_ligand,8.113
4loo_ligand,7.248
4lov_ligand,5.512
4luz_ligand,5.503
4loy_ligand,8.933
4loh_ligand,4.897
4loi_ligand,4.994
4ks1_ligand,6.334
4lvt_ligand,10.007
4lrr_ligand,1.09
4ks4_ligand,5.825
4lxd_ligand,7.242
4lyw_ligand,5.04
4lzr_ligand,3.629
4lzs_ligand,2.845
4ly9_ligand,8.958
4m8e_ligand,8.209
4m0y_ligand,4.85
4m8h_ligand,8.225
4m7j_ligand,4.124
4m0r_ligand,7.487
4kwg_ligand,2.65
4m8y_ligand,8.901
4m8x_ligand,8.588
4m12_ligand,7.637
4lkk_ligand,2.797
4m14_ligand,4.532
4m13_ligand,8.479
4kwf_ligand,6.432
4m0e_ligand,7.545
4mc1_ligand,8.856
4mc2_ligand,8.855
4mc6_ligand,7.93
4lko_ligand,8.298
4m0f_ligand,6.972
4mdn_ligand,9.596
4mc9_ligand,8.755
4mgd_ligand,7.422
4mmm_ligand,3.416
4mhz_ligand,1.835
4mmp_ligand,4.805
4mme_ligand,8.087
4mn3_ligand,6.842
4mr3_ligand,4.232
4mjp_ligand,5.216
4mre_ligand,0.961
4mr6_ligand,5.064
4mnp_ligand,4.5
4mrg_ligand,2.434
4mq6_ligand,8.189
4mo4_ligand,4.881
4mss_ligand,5.278
4muv_ligand,5.951
4mpn_ligand,6.94
4muf_ligand,9.489
4myd_ligand,5.426
4n7u_ligand,4.259
4mul_ligand,8.762
4n6z_ligand,6.388
4n5d_ligand,3.058
4n6g_ligand,5.777
4n7m_ligand,2.333
4n8q_ligand,4.862
4na9_ligand,7.509
4n9a_ligand,4.013
4ndu_ligand,4.857
4nbk_ligand,5.094
4nh7_ligand,6.917
4nh8_ligand,7.839
4nbn_ligand,7.052
4nbl_ligand,6.758
4nkt_ligand,3.831
4ncn_ligand,7.838
4nku_ligand,3.723
4n9c_ligand,4.979
4nl1_ligand,4.14
4nnr_ligand,6.471
4non_ligand,3.514
4np2_ligand,5.429
4np9_ligand,5.33
4np3_ligand,2.837
4nra_ligand,2.333
4nuc_ligand,5.495
4nue_ligand,6.634
4nxu_ligand,6.027
4nwc_ligand,5.783
4o0b_ligand,8.179
4o0a_ligand,9.208
4nxv_ligand,6.037
4o0x_ligand,9.67
4o0y_ligand,6.835
4o04_ligand,7.993
4nvp_ligand,5.999
4o05_ligand,7.886
4o2p_ligand,6.369
4o3f_ligand,7.086
4o07_ligand,9.044
4o09_ligand,8.365
4o6w_ligand,8.84
4o9w_ligand,5.517
4o2c_ligand,8.939
4o9v_ligand,5.648
4o61_ligand,3.965
4ko8_ligand,7.038
4oct_ligand,4.211
4ocq_ligand,4.262
4o97_ligand,6.281
4ogj_ligand,4.589
4og3_ligand,6.9
4og4_ligand,6.453
4oiv_ligand,8.755
4oag_ligand,6.207
4omj_ligand,9.816
4omk_ligand,9.239
4or4_ligand,6.137
4or6_ligand,7.791
4oks_ligand,5.098
4omc_ligand,9.133
4p3h_ligand,6.008
4ozj_ligand,5.295
4p5z_ligand,7.751
4owm_ligand,5.175
4ovf_ligand,4.221
4ovg_ligand,3.656
4p5d_ligand,5.793
4owv_ligand,3.724
4ovh_ligand,4.95
4m6u_ligand,2.852
4p6w_ligand,9.414
4p6c_ligand,4.337
4p6x_ligand,7.292
4p58_ligand,1.333
4pcs_ligand,5.839
4poh_ligand,7.664
4pin_ligand,6.388
4phu_ligand,7.268
4pmm_ligand,8.363
4pee_ligand,5.979
4poj_ligand,7.51
4pfu_ligand,4.077
4pft_ligand,4.922
4oma_ligand,6.2
4pg9_ligand,10.292
4pop_ligand,6.201
4pnu_ligand,5.317
4pf5_ligand,2.931
4pp5_ligand,7.319
4pox_ligand,5.655
4psb_ligand,6.129
4pp3_ligand,8.046
4pb2_ligand,3.238
4pow_ligand,6.656
4pp0_ligand,6.009
4q0k_ligand,6.31
4q1w_ligand,9.592
4q1x_ligand,10.31
4q1y_ligand,9.732
4pvy_ligand,6.923
4pvx_ligand,5.635
4pzv_ligand,7.317
4q46_ligand,6.654
4qb3_ligand,4.553
4q9o_ligand,8.274
4q19_ligand,7.633
4qem_ligand,4.434
4qd6_ligand,4.916
4qer_ligand,5.307
4o2b_ligand,7.265
4q93_ligand,6.236
4qdk_ligand,6.525
4qev_ligand,4.76
4qf7_ligand,1.758
4qew_ligand,5.368
4qf8_ligand,5.476
4q3t_ligand,3.336
4q3u_ligand,1.452
4qgd_ligand,4.733
4qf9_ligand,5.27
4qac_ligand,8.772
4qfl_ligand,5.246
4qgi_ligand,8.302
4qfn_ligand,5.302
4qfo_ligand,4.594
4ql1_ligand,8.87
4qp2_ligand,3.993
4qfp_ligand,5.682
4qpd_ligand,7.079
4qsu_ligand,1.505
4qsv_ligand,2.907
4qxo_ligand,6.381
4qrh_ligand,4.512
4qyy_ligand,9.103
4r4i_ligand,7.32
4r4o_ligand,7.348
4r4c_ligand,9.453
4r4t_ligand,7.098
4r73_ligand,4.006
4r74_ligand,3.522
4r06_ligand,8.417
4r75_ligand,3.971
4r3w_ligand,4.533
4ra1_ligand,4.763
4qnb_ligand,7.852
4rdn_ligand,5.794
4rak_ligand,9.95
4rd0_ligand,6.103
4rfm_ligand,9.208
4rd3_ligand,6.505
4re4_ligand,5.579
4rfr_ligand,6.426
4rd6_ligand,6.226
4re2_ligand,3.276
4rj8_ligand,8.201
4rlt_ligand,2.648
4rqk_ligand,2.904
4rpn_ligand,8.723
4rhx_ligand,4.111
4rpo_ligand,7.853
4rlu_ligand,6.724
4rlw_ligand,6.187
4rsk_ligand,5.203
4rqv_ligand,5.497
4rr6_ligand,5.084
4rra_ligand,5.713
4rrg_ligand,5.41
4rvr_ligand,4.366
4rrf_ligand,5.335
4sga_ligand,6.729
4tkh_ligand,4.98
4rwj_ligand,7.6
4tjz_ligand,3.63
4tkb_ligand,4.942
4tqn_ligand,4.333
4r0a_ligand,4.742
4tkj_ligand,6.344
4s1g_ligand,7.445
4tpw_ligand,7.938
4rww_ligand,6.485
4std_ligand,9.121
4tim_ligand,4.249
4ryd_ligand,9.388
4tmk_ligand,5.842
4tt2_ligand,2.219
4tte_ligand,3.154
4tu4_ligand,3.867
4qij_ligand,7.212
4tun_ligand,-0.513
4tz2_ligand,3.84
4trc_ligand,5.939
4ty6_ligand,6.596
4ty7_ligand,8.838
4u5o_ligand,5.904
4ts1_ligand,4.979
4u5n_ligand,7.576
4u0w_ligand,6.011
4u8w_ligand,7.116
4ucc_ligand,7.595
4u54_ligand,4.349
4u5s_ligand,5.894
4ua8_ligand,3.549
4u43_ligand,5.726
4uac_ligand,4.325
4uc5_ligand,4.187
4ufi_ligand,6.037
4ufj_ligand,2.523
4uin_ligand,6.539
4u0f_ligand,6.135
4ufk_ligand,3.368
4ual_ligand,8.873
4ufl_ligand,4.571
4ufm_ligand,3.578
4uj1_ligand,6.009
4uja_ligand,3.553
4uj2_ligand,6.234
4ujb_ligand,6.872
4unp_ligand,6.85
4und_ligand,8.166
4uye_ligand,3.484
4uyf_ligand,5.952
4uof_ligand,4.484
4us3_ligand,5.842
4v01_ligand,7.844
4v24_ligand,9.516
4ury_ligand,5.376
4w9c_ligand,7.187
4v27_ligand,5.028
4urz_ligand,4.221
4uoh_ligand,3.869
4w9d_ligand,7.205
4w9f_ligand,6.991
4w9h_ligand,7.718
4w9i_ligand,7.118
4w9j_ligand,7.962
4w9k_ligand,7.479
4w9l_ligand,8.308
4w52_ligand,3.44
4w9o_ligand,5.656
4uma_ligand,5.949
4w9p_ligand,5.885
4umb_ligand,7.056
4wa9_ligand,7.923
4umc_ligand,7.626
4wiv_ligand,5.664
4w97_ligand,7.164
4wk1_ligand,5.664
4wkb_ligand,7.602
4wt2_ligand,9.136
4wn5_ligand,6.524
4wov_ligand,5.465
4wkn_ligand,7.475
4x5r_ligand,6.414
4wko_ligand,9.452
4wkp_ligand,9.263
4x5q_ligand,5.354
4x5p_ligand,5.411
4wrb_ligand,2.609
4wop_ligand,5.925
4x5y_ligand,9.045
4x5z_ligand,8.232
4x6m_ligand,8.572
4x6n_ligand,10.347
4x8u_ligand,1.787
4x6o_ligand,8.356
4x50_ligand,5.652
4xip_ligand,7.598
4xiq_ligand,8.031
4x8v_ligand,8.356
4xir_ligand,8.098
4x24_ligand,8.836
4xar_ligand,6.124
4xit_ligand,8.774
4xas_ligand,6.682
4xaq_ligand,6.08
4xk9_ligand,9.703
4xo8_ligand,4.447
4xoc_ligand,5.876
4xmb_ligand,6.838
4xmr_ligand,4.781
4xt2_ligand,7.815
4xoe_ligand,5.715
4x8o_ligand,4.933
4xtv_ligand,5.914
4xtx_ligand,5.372
4xtw_ligand,5.582
4xtz_ligand,6.332
4xu2_ligand,5.964
4xya_ligand,5.365
4xy8_ligand,4.193
4xu0_ligand,5.281
4xu1_ligand,3.888
4xty_ligand,5.727
4y0a_ligand,4.358
4y3j_ligand,3.752
4xu3_ligand,5.044
4y3y_ligand,5.08
4y2q_ligand,9.87
4xxh_ligand,3.144
4y4j_ligand,3.783
4yc0_ligand,5.983
4y79_ligand,7.426
4y8x_ligand,8.245
4yk0_ligand,2.156
4y59_ligand,6.092
4ybk_ligand,7.771
4y5d_ligand,6.52
4yes_ligand,7.47
4yho_ligand,7.963
4yb5_ligand,6.495
4yhm_ligand,8.031
4ykj_ligand,4.615
4ykk_ligand,5.358
4ymb_ligand,6.022
4ymg_ligand,5.721
4ymq_ligand,9.067
4ymx_ligand,6.965
4ytc_ligand,8.684
4yml_ligand,7.284
4yth_ligand,4.661
4ymh_ligand,5.986
4ynb_ligand,9.739
4yzu_ligand,7.129
4ynl_ligand,9.214
4z0k_ligand,8.785
4ysl_ligand,4.686
4z83_ligand,3.995
4z2b_ligand,8.796
4z84_ligand,5.94
4z93_ligand,8.167
4z07_ligand,5.105
4zae_ligand,8.077
4zbf_ligand,7.398
4zbi_ligand,6.991
4zgk_ligand,7.575
4zcs_ligand,5.905
4zb8_ligand,6.051
4zba_ligand,6.685
4zip_ligand,9.593
4zb6_ligand,5.13
4zji_ligand,8.099
4zls_ligand,9.331
4zei_ligand,1.911
4zek_ligand,3.923
4zec_ligand,3.724
4zeb_ligand,3.943
4zl4_ligand,7.57
4zt8_ligand,2.051
4zow_ligand,6.72
4zv1_ligand,7.298
4zyf_ligand,8.451
4zv2_ligand,6.228
4zzd_ligand,5.745
4zvi_ligand,3.428
5a5q_ligand,4.728
4zzx_ligand,5.659
5a2i_ligand,5.801
4zzy_ligand,7.579
5a81_ligand,5.727
5aan_ligand,5.146
5aa9_ligand,7.05
5a6x_ligand,1.071
5acy_ligand,6.247
4zzz_ligand,5.312
5ahw_ligand,4.088
5am6_ligand,5.73
5am7_ligand,6.801
5ant_ligand,7.514
5anu_ligand,6.782
5anv_ligand,6.764
5afv_ligand,4.624
5aut_ligand,5.641
5alb_ligand,10.05
5aqz_ligand,4.011
5ave_ligand,4.721
5ayt_ligand,6.466
5avf_ligand,4.608
5b5f_ligand,7.81
5b5g_ligand,7.99
5btv_ligand,6.544
5bry_ligand,8.846
5btx_ligand,6.49
5boj_ligand,6.683
5bs4_ligand,9.508
5a6k_ligand,6.102
5bw4_ligand,4.295
5c1m_ligand,8.155
5bwc_ligand,5.885
5c8n_ligand,7.699
5caq_ligand,8.777
5cap_ligand,7.805
5cas_ligand,7.404
5bv3_ligand,6.689
5cep_ligand,6.26
5cc2_ligand,5.865
5b2d_ligand,4.214
5cau_ligand,7.015
5ceq_ligand,6.604
5cj6_ligand,7.056
5cbs_ligand,5.52
5chk_ligand,8.425
5cbr_ligand,8.626
5cp5_ligand,5.937
5cqt_ligand,4.562
5cp9_ligand,5.726
5cks_ligand,4.227
5cs3_ligand,4.675
5cqu_ligand,4.44
5cs6_ligand,4.432
5cy9_ligand,4.182
5cso_ligand,5.331
5csp_ligand,4.107
5cst_ligand,5.143
5ct2_ligand,5.296
5d0c_ligand,4.718
5cu4_ligand,7.572
5d3h_ligand,4.919
5d3j_ligand,4.957
5d0r_ligand,4.824
5d3l_ligand,5.048
5d3n_ligand,4.937
5d3p_ligand,5.187
5d3t_ligand,4.675
5d3x_ligand,7.539
5d25_ligand,4.482
5d26_ligand,5.31
5d24_ligand,4.617
5d45_ligand,7.425
5d47_ligand,6.209
5dbm_ligand,2.469
5d48_ligand,7.944
5d21_ligand,3.11
5dey_ligand,7.532
5dfp_ligand,8.243
5dgu_ligand,10.234
5dgw_ligand,8.925
5dex_ligand,6.238
5dit_ligand,8.615
5dkn_ligand,6.954
5d6j_ligand,3.914
5dlx_ligand,5.714
5dq8_ligand,7.17
5dnu_ligand,4.767
5dqe_ligand,4.077
5dhu_ligand,7.028
5duw_ligand,4.801
5dus_ligand,5.138
5dqf_ligand,6.572
5dw2_ligand,3.353
5dx4_ligand,4.524
5dwr_ligand,7.743
5dqc_ligand,7.789
5e6o_ligand,6.558
5e1s_ligand,6.577
5dyo_ligand,6.197
5e2p_ligand,9.033
5e2o_ligand,9.278
5e7n_ligand,7.346
5e8f_ligand,6.218
5e73_ligand,2.913
5e74_ligand,5.636
5e13_ligand,8.156
5edb_ligand,5.211
5edc_ligand,6.887
5e89_ligand,5.426
5dxt_ligand,8.031
5e2l_ligand,4.687
5ect_ligand,5.253
5edl_ligand,6.435
5egu_ligand,6.869
5efc_ligand,6.776
5efa_ligand,6.443
5edd_ligand,5.18
5egm_ligand,8.389
5eis_ligand,3.533
5ei3_ligand,6.736
5ehr_ligand,6.034
5eng_ligand,3.985
5ep7_ligand,2.896
5ehq_ligand,10.349
5en3_ligand,4.494
5eq1_ligand,3.36
5el9_ligand,6.42
5epl_ligand,7.877
5elw_ligand,6.902
5etb_ligand,4.672
5er4_ligand,4.978
5er1_ligand,4.486
5er2_ligand,6.844
5eqe_ligand,6.311
5eu1_ligand,7.233
5ewk_ligand,5.18
5eqp_ligand,6.262
5ewy_ligand,4.194
5eqy_ligand,8.426
5exl_ligand,6.281
5evz_ligand,4.288
5exm_ligand,6.577
5exn_ligand,7.969
5exw_ligand,5.367
5eyr_ligand,8.143
5ey4_ligand,4.196
5etj_ligand,7.733
5f1h_ligand,7.149
5ey0_ligand,4.845
5f0f_ligand,8.645
5f1v_ligand,4.17
5f2p_ligand,5.234
5f1r_ligand,7.819
5f5z_ligand,4.826
5f8y_ligand,4.344
5f2u_ligand,7.734
5f2r_ligand,3.397
5f08_ligand,9.33
5f1x_ligand,4.383
5f25_ligand,4.085
5f60_ligand,5.608
5f61_ligand,5.011
5f63_ligand,6.776
5f62_ligand,5.965
5f9b_ligand,1.384
5fbi_ligand,2.535
5f74_ligand,4.771
5fck_ligand,6.735
5fe6_ligand,4.249
5fe9_ligand,1.953
5fe7_ligand,3.423
5fh8_ligand,5.286
5fh7_ligand,5.223
5fcz_ligand,2.799
5fnc_ligand,4.974
5fnf_ligand,4.901
5fnd_ligand,4.417
5fns_ligand,7.797
5fnr_ligand,6.787
5fho_ligand,6.93
5fhn_ligand,5.791
5fnt_ligand,9.398
5fog_ligand,5.817
5fou_ligand,2.903
5fnu_ligand,9.361
5fot_ligand,3.692
5fov_ligand,3.429
5fox_ligand,2.902
5fpk_ligand,4.892
5fol_ligand,5.492
5fs5_ligand,5.116
5fsn_ligand,5.227
5fso_ligand,5.184
5fsx_ligand,4.204
5fyx_ligand,4.626
5fto_ligand,8.194
5g2g_ligand,7.926
5fsc_ligand,2.539
5g45_ligand,4.271
5fsy_ligand,3.589
5fut_ligand,7.912
5g5f_ligand,4.188
5g1z_ligand,3.505
5g46_ligand,2.603
5ftg_ligand,8.525
5h85_ligand,3.505
5ha1_ligand,8.327
5g60_ligand,2.182
5h9r_ligand,5.115
5hbs_ligand,8.398
5hbn_ligand,3.503
5h8g_ligand,6.279
5h8e_ligand,6.203
5h5f_ligand,6.488
5gsa_ligand,7.752
5g61_ligand,1.53
5gs9_ligand,6.096
5hct_ligand,5.824
5hcv_ligand,9.247
5g5z_ligand,2.831
5hrv_ligand,5.54
5hrw_ligand,5.77
5hrx_ligand,5.221
5hcy_ligand,5.413
5hjq_ligand,3.506
5hva_ligand,2.765
5hwv_ligand,3.788
5hwu_ligand,5.47
5hvs_ligand,2.922
5hu9_ligand,8.979
5hvt_ligand,5.248
5htl_ligand,4.142
5htz_ligand,7.544
5hz5_ligand,7.925
5hz6_ligand,6.943
5hz9_ligand,6.232
5i1q_ligand,7.831
5hz8_ligand,7.214
5i2f_ligand,6.563
5i2e_ligand,8.984
5i7x_ligand,4.742
5i7y_ligand,6.103
5i9x_ligand,7.064
5i3v_ligand,7.556
5i9y_ligand,8.179
5i3x_ligand,8.33
5i9z_ligand,7.284
5i3w_ligand,7.836
5i29_ligand,6.006
5i3y_ligand,9.096
5i88_ligand,5.13
5i80_ligand,3.855
5ia0_ligand,8.375
5ia1_ligand,6.856
5ia2_ligand,9.362
5gmh_ligand,5.843
5ia3_ligand,7.814
5ia4_ligand,6.727
5ii2_ligand,5.819
5igm_ligand,5.716
5ih9_ligand,7.037
5ia5_ligand,7.954
5ijr_ligand,4.987
5ikb_ligand,6.284
5ie1_ligand,7.499
5ihh_ligand,6.888
5ime_ligand,7.733
5ioz_ligand,6.34
5ipc_ligand,6.661
5ipj_ligand,8.051
5itp_ligand,5.84
5ito_ligand,5.715
5irr_ligand,4.126
5iyy_ligand,3.432
5j0d_ligand,4.005
5ive_ligand,8.981
5ivv_ligand,8.944
5ivc_ligand,8.498
5ivy_ligand,8.819
5izj_ligand,5.441
5j1x_ligand,3.893
5j1r_ligand,5.371
5izf_ligand,6.412
5j2x_ligand,4.471
5j3l_ligand,6.682
5j7q_ligand,2.439
5j6l_ligand,8.422
5j6n_ligand,7.416
5j8m_ligand,3.863
5j6m_ligand,7.671
5j8u_ligand,7.73
5j27_ligand,7.227
5j20_ligand,7.732
5j9x_ligand,7.206
5j7w_ligand,7.659
5j6a_ligand,5.585
5j64_ligand,7.893
5isz_ligand,10.14
5j41_ligand,5.129
5j82_ligand,8.171
5j86_ligand,5.888
5jfp_ligand,10.734
5jgi_ligand,2.87
5ji8_ligand,4.435
5jgq_ligand,3.139
5jfu_ligand,10.78
5jg1_ligand,10.451
5jhk_ligand,4.596
5ja0_ligand,6.775
5jsg_ligand,7.626
5jq5_ligand,6.559
5jsj_ligand,10.08
5jsq_ligand,5.153
5jox_ligand,3.217
5jy3_ligand,7.405
5jhb_ligand,9.042
5k03_ligand,2.45
5k8s_ligand,5.622
5ka1_ligand,5.839
5k9w_ligand,5.292
5k0m_ligand,7.865
5k0h_ligand,7.136
5kab_ligand,4.609
5ka9_ligand,5.26
5kad_ligand,5.405
5ka7_ligand,5.472
5jop_ligand,2.07
5kat_ligand,8.104
5kax_ligand,7.108
5kcb_ligand,6.809
5khm_ligand,7.663
5km9_ligand,5.704
5kej_ligand,5.513
5kly_ligand,5.867
5ko1_ligand,6.26
5kma_ligand,6.293
5kqx_ligand,7.453
5kr0_ligand,8.151
5kr1_ligand,9.039
5kqy_ligand,8.625
5kby_ligand,6.833
5kr2_ligand,7.67
5kz0_ligand,6.769
5kva_ligand,5.874
5ko5_ligand,3.489
5l2s_ligand,7.149
5l3a_ligand,3.611
5l8a_ligand,5.682
5l7e_ligand,8.358
5l7h_ligand,9.429
5l7g_ligand,7.16
5l4i_ligand,6.302
5l4m_ligand,4.326
5l4j_ligand,6.337
5l9g_ligand,4.488
5l9i_ligand,5.707
5l9l_ligand,5.487
5l9o_ligand,5.941
5l30_ligand,8.875
5ldm_ligand,5.443
5ldp_ligand,5.209
5lne_ligand,2.896
5lny_ligand,9.161
5lli_ligand,7.145
5lsg_ligand,0.733
5lsh_ligand,1.993
5lso_ligand,8.582
5lom_ligand,7.299
5lud_ligand,0.897
5ltn_ligand,0.951
5ld8_ligand,6.153
5lvq_ligand,3.247
5lvr_ligand,1.976
5lvl_ligand,5.412
5lwm_ligand,7.75
5lyr_ligand,3.726
5lz4_ligand,6.177
5lz5_ligand,6.081
5m5d_ligand,3.2
5lz7_ligand,6.299
5m04_ligand,6.159
5m17_ligand,3.598
5m25_ligand,6.395
5m23_ligand,6.481
5m28_ligand,2.829
5m77_ligand,3.654
5meh_ligand,2.697
5mg2_ligand,5.404
5mge_ligand,2.551
5mgf_ligand,1.907
5mek_ligand,7.004
5m7s_ligand,6.247
5mgj_ligand,3.356
5mgk_ligand,1.657
5m7u_ligand,7.192
5mes_ligand,7.992
5mlj_ligand,8.415
5mkr_ligand,6.914
5mks_ligand,5.239
5mby_ligand,4.276
5mme_ligand,4.442
5mmg_ligand,2.878
5mn1_ligand,1.377
5mnn_ligand,2.58
5mpz_ligand,1.76
5mpk_ligand,3.929
5mpn_ligand,3.616
5mod_ligand,4.849
5mqe_ligand,0.775
5mo8_ligand,8.005
5mrb_ligand,8.147
5mwh_ligand,6.023
5mwy_ligand,9.555
5mwp_ligand,8.083
5my8_ligand,8.753
5n0f_ligand,4.198
5n17_ligand,4.768
5n18_ligand,6.095
5n1z_ligand,4.552
5n84_ligand,7.713
5mxf_ligand,2.203
5n9r_ligand,5.799
5n93_ligand,6.201
5n6s_ligand,3.908
5mz8_ligand,3.456
5nbw_ligand,6.428
5nau_ligand,5.968
5n99_ligand,6.71
5nap_ligand,6.203
5ngz_ligand,1.789
5neb_ligand,5.97
5ne5_ligand,2.732
5ndf_ligand,5.45
5nih_ligand,5.573
5njz_ligand,7.066
5nk3_ligand,7.1
5nk2_ligand,8.08
5nk4_ligand,6.767
5nk6_ligand,7.333
5nk7_ligand,8.23
5nk9_ligand,6.672
5nk8_ligand,7.617
5nka_ligand,7.24
5nkb_ligand,7.838
5nlk_ligand,3.826
5nkd_ligand,7.741
5nkc_ligand,5.77
5nki_ligand,8.132
5nkg_ligand,7.251
5nkh_ligand,7.282
5nvv_ligand,7.358
5nvw_ligand,8.025
5nvx_ligand,8.102
5nn5_ligand,4.332
5nw2_ligand,7.267
5nw1_ligand,6.723
5nw0_ligand,7.491
5o2d_ligand,7.288
5nwe_ligand,6.386
5nn6_ligand,3.936
5o5a_ligand,4.16
5nyh_ligand,9.289
5nz4_ligand,6.719
5nze_ligand,6.398
5nwi_ligand,5.6
5nzn_ligand,6.621
5nzf_ligand,6.464
5ogb_ligand,7.647
5odx_ligand,7.322
5o9o_ligand,5.15
5oei_ligand,4.833
5oaj_ligand,2.534
5o87_ligand,6.951
5obg_ligand,8.836
5o9r_ligand,4.326
5o9q_ligand,4.621
5o9p_ligand,5.4
5o58_ligand,7.784
5oa6_ligand,4.533
5o9y_ligand,4.945
5oa2_ligand,5.241
5oht_ligand,7.785
5oku_ligand,5.678
5oot_ligand,5.28
5op4_ligand,5.947
5om2_ligand,6.43
5op5_ligand,7.841
5om3_ligand,6.673
5oq8_ligand,6.971
5orh_ligand,4.974
5om7_ligand,6.127
5orv_ligand,0.69
5org_ligand,6.07
5ohy_ligand,5.034
5oqu_ligand,5.664
5ork_ligand,6.263
5orj_ligand,6.718
5orw_ligand,4.692
5os4_ligand,5.729
5ose_ligand,0.223
5os2_ligand,3.238
5os5_ligand,5.528
5os8_ligand,4.77
5os7_ligand,7.116
5osl_ligand,5.907
5ot9_ligand,5.591
5ot8_ligand,5.977
5ota_ligand,5.497
5otc_ligand,4.658
5otr_ligand,4.935
5otz_ligand,5.27
5ov8_ligand,6.928
5ovc_ligand,7.828
5ost_ligand,4.422
5ovp_ligand,8.307
5ovv_ligand,7.623
5ouh_ligand,7.676
5oss_ligand,2.79
5ovr_ligand,6.392
5ovx_ligand,6.584
5owl_ligand,3.388
5qa8_ligand,5.827
5oxk_ligand,3.993
5qal_ligand,5.543
5qay_ligand,4.576
5qqp_ligand,8.529
5sym_ligand,8.775
5t7s_ligand,4.814
5qtt_ligand,6.934
5t8o_ligand,8.36
5t9u_ligand,5.481
5sxm_ligand,6.644
5t8p_ligand,3.188
5t9w_ligand,7.514
5std_ligand,9.636
5t9z_ligand,6.79
5tb6_ligand,3.067
5t19_ligand,5.97
5ta2_ligand,5.724
5ta4_ligand,6.445
5tbe_ligand,7.326
5tbm_ligand,8.103
5tpx_ligand,6.484
5tp0_ligand,3.913
5tcj_ligand,7.689
5tkj_ligand,8.021
5ttw_ligand,5.52
5twj_ligand,5.056
5u4b_ligand,6.605
5tkk_ligand,8.187
5u0w_ligand,5.468
5u0y_ligand,5.435
5u0z_ligand,5.945
5tmp_ligand,5.381
5tef_ligand,5.026
5u4d_ligand,6.498
5u6j_ligand,8.305
5u28_ligand,4.655
5u11_ligand,6.239
5u12_ligand,4.001
5uc4_ligand,7.483
5uez_ligand,4.846
5ueu_ligand,4.979
5uf0_ligand,1.659
5ucj_ligand,7.355
5u8c_ligand,7.557
5u13_ligand,4.741
5u14_ligand,6.905
5u49_ligand,6.671
5ufc_ligand,3.199
5uff_ligand,1.514
5ufp_ligand,7.991
5ufr_ligand,8.627
5ufs_ligand,8.044
5ula_ligand,2.533
5uoo_ligand,6.882
5umx_ligand,10.106
5ult_ligand,8.819
5ulp_ligand,6.33
5umy_ligand,10.69
5jzi_ligand,8.779
5uov_ligand,11.285
5upj_ligand,6.736
5ut6_ligand,6.646
5upz_ligand,7.981
5v7a_ligand,4.973
5uxf_ligand,5.876
5var_ligand,4.618
5uv2_ligand,4.751
5v79_ligand,6.401
5v82_ligand,8.104
5vb5_ligand,10.094
5vb6_ligand,9.329
5v0n_ligand,8.387
5vb7_ligand,9.124
5upe_ligand,9.612
5vc3_ligand,7.895
5upf_ligand,10.726
5uk8_ligand,6.471
5vc4_ligand,7.699
5vcv_ligand,6.927
5vcw_ligand,7.103
5vcz_ligand,5.883
5vcy_ligand,7.495
5vd1_ligand,8.201
5vh0_ligand,5.307
5vd2_ligand,7.804
5vd3_ligand,8.312
5vd0_ligand,9.941
5vm0_ligand,6.639
5vja_ligand,4.05
5vo1_ligand,5.872
5vl2_ligand,6.592
5vih_ligand,5.678
5vij_ligand,6.532
5vyy_ligand,7.499
5wa5_ligand,5.918
5w44_ligand,5.998
5wa9_ligand,4.723
5wal_ligand,5.485
5wa8_ligand,4.726
5w1e_ligand,4.169
5we9_ligand,8.274
5wij_ligand,7.045
5wbm_ligand,6.43
5wbo_ligand,5.538
5win_ligand,6.116
5w2s_ligand,6.168
5wlo_ligand,10.464
5wl0_ligand,8.102
5wmg_ligand,5.867
5vr8_ligand,5.241
5xg5_ligand,3.831
5wuk_ligand,8.161
5wp5_ligand,5.601
5x74_ligand,9.269
5x54_ligand,8.385
5wqc_ligand,8.924
5xmx_ligand,9.41
5xpi_ligand,4.459
5xsr_ligand,6.714
5xva_ligand,6.144
5xvg_ligand,6.871
5xo7_ligand,6.661
5x62_ligand,5.909
5y8y_ligand,3.384
5y12_ligand,5.688
5y94_ligand,2.73
5y13_ligand,7.228
5yas_ligand,5.08
5ya5_ligand,6.659
5vsj_ligand,4.58
5yj8_ligand,5.444
5yfs_ligand,5.873
5yft_ligand,5.988
5yhe_ligand,7.3
5yhg_ligand,6.874
5yqx_ligand,3.56
5yh8_ligand,7.155
5yz2_ligand,7.31
5ymx_ligand,6.499
5yyf_ligand,8.31
5z7b_ligand,3.492
5za7_ligand,5.475
5z7j_ligand,7.128
5yl2_ligand,7.335
5z99_ligand,5.4
5za8_ligand,6.991
5zaf_ligand,6.426
5zae_ligand,6.677
5za9_ligand,1.774
5zaj_ligand,6.3
5zag_ligand,5.278
5z66_ligand,5.455
5zc5_ligand,7.474
5zdb_ligand,4.729
5wyx_ligand,7.03
5z5f_ligand,3.173
5zhl_ligand,7.547
5wyz_ligand,8.008
5zkc_ligand,7.247
5zg1_ligand,6.433
5znc_ligand,9.059
5zo8_ligand,7.677
5zyg_ligand,8.6
5zni_ligand,7.023
5zym_ligand,8.026
6a87_ligand,1.296
5zyl_ligand,8.254
5zvw_ligand,5.91
6ajv_ligand,4.213
6ajr_ligand,6.445
6ajy_ligand,5.075
6ajz_ligand,3.436
6abx_ligand,6.302
6aox_ligand,2.428
5zw6_ligand,5.878
6arn_ligand,4.588
6arm_ligand,3.319
6aro_ligand,4.961
6as8_ligand,4.55
6aqs_ligand,5.898
6ayi_ligand,5.339
6ayq_ligand,8.699
6ayo_ligand,9.955
6ayr_ligand,11.158
6ays_ligand,10.117
6ayt_ligand,9.738
6b4l_ligand,6.325
6b1k_ligand,5.618
6b4n_ligand,9.71
6b4u_ligand,7.604
6b5q_ligand,9.481
6b7a_ligand,3.523
6bbx_ligand,9.304
6b7b_ligand,1.748
6bm5_ligand,4.598
6bdy_ligand,5.625
6bhv_ligand,5.023
6bm6_ligand,4.584
6c7q_ligand,7.188
6c0s_ligand,10.308
6c2r_ligand,9.263
6bs3_ligand,5.511
6cbf_ligand,5.889
6cbg_ligand,6.14
6c9s_ligand,8.076
6cdj_ligand,8.943
6bs4_ligand,5.945
6c85_ligand,2.877
6cdl_ligand,9.708
6c9v_ligand,7.37
6cjr_ligand,6.821
6cdo_ligand,8.533
6cdp_ligand,7.627
6ckr_ligand,4.218
6cks_ligand,6.69
6cjs_ligand,6.459
6cfc_ligand,6.019
6cn5_ligand,8.107
6cq1_ligand,5.895
6cwh_ligand,5.397
6chp_ligand,7.75
6cwn_ligand,5.37
6cpw_ligand,9.488
6cvf_ligand,6.819
6cvv_ligand,3.396
6czb_ligand,5.589
6cze_ligand,5.821
6czc_ligand,4.318
6ckw_ligand,7.798
6d15_ligand,6.318
6d9x_ligand,7.475
6d16_ligand,6.822
6d17_ligand,6.091
6d18_ligand,7.083
6d5e_ligand,8.619
6d3q_ligand,6.212
6d5g_ligand,9.945
6d19_ligand,6.655
6d5h_ligand,10.115
6d5j_ligand,8.722
6d9s_ligand,3.093
6czf_ligand,4.072
6dai_ligand,8.279
6dak_ligand,7.74
6dar_ligand,8.3
6d55_ligand,9.948
6det_ligand,5.56
6dh1_ligand,8.916
6dgl_ligand,8.398
6dgq_ligand,5.439
6dgr_ligand,6.299
6dh2_ligand,8.208
6dh6_ligand,9.105
6d50_ligand,2.741
6d56_ligand,9.607
6dh8_ligand,9.147
6dh7_ligand,8.457
6dif_ligand,9.475
6dil_ligand,9.971
6dl2_ligand,4.961
6dj1_ligand,9.842
6dj5_ligand,10.396
6dj2_ligand,8.35
6dj7_ligand,7.217
6d78_ligand,10.361
6dpt_ligand,6.081
6dpy_ligand,6.224
6dpx_ligand,4.155
6dq4_ligand,7.337
6dpz_ligand,5.363
6dsp_ligand,2.74
6dy7_ligand,5.444
6dyn_ligand,3.94
6dys_ligand,5.056
6dyr_ligand,5.26
6dyu_ligand,9.882
6dzx_ligand,6.162
6e5t_ligand,7.431
6dyy_ligand,10.416
6dyv_ligand,9.953
6dyw_ligand,10.126
6e4a_ligand,5.491
6e5l_ligand,7.859
6e1z_ligand,5.07
6e1y_ligand,5.367
6e6m_ligand,6.765
6dyz_ligand,9.659
6e7j_ligand,9.218
6dz2_ligand,9.664
6dz0_ligand,9.059
6dz3_ligand,9.71
6ei5_ligand,7.906
6e9a_ligand,10.151
6edr_ligand,3.238
6eif_ligand,6.077
6e22_ligand,6.871
6eij_ligand,6.418
6e23_ligand,10.205
6eiq_ligand,4.962
6eiz_ligand,5.118
6e7t_ligand,8.21
6eis_ligand,6.206
6e7r_ligand,7.657
6e7u_ligand,8.418
6ej2_ligand,7.707
6ej3_ligand,6.91
6ekq_ligand,3.082
6el5_ligand,8.287
6eln_ligand,6.539
6elo_ligand,6.991
6eir_ligand,6.979
6elp_ligand,8.8
6eol_ligand,6.431
6eog_ligand,6.736
6epa_ligand,6.734
6eq2_ligand,8.049
6eq3_ligand,4.955
6ep4_ligand,4.726
6eq5_ligand,6.872
6eq7_ligand,8.171
6euw_ligand,8.583
6epz_ligand,5.686
6eqp_ligand,5.577
6eux_ligand,10.934
6euc_ligand,4.44
6eqv_ligand,7.374
6exj_ligand,7.368
6epy_ligand,5.106
6evn_ligand,7.461
6ey8_ligand,7.447
6eqw_ligand,7.406
6eq8_ligand,5.459
6exs_ligand,2.663
6ey9_ligand,7.623
6eqx_ligand,9.549
6eq1_ligand,5.956
6eyb_ligand,7.959
6eya_ligand,6.489
6eyt_ligand,5.683
6f05_ligand,5.058
6f20_ligand,5.106
6f1n_ligand,5.972
6exi_ligand,5.959
6f9g_ligand,9.093
6ezq_ligand,6.648
6fa4_ligand,5.429
6fcj_ligand,6.494
6fgg_ligand,3.413
6fba_ligand,3.834
6f90_ligand,3.626
6faa_ligand,5.983
6fhk_ligand,4.562
6fmc_ligand,3.468
6fmj_ligand,5.358
6fnf_ligand,8.161
6fng_ligand,9.081
6fnr_ligand,5.425
6fnj_ligand,7.47
6fni_ligand,7.594
6fnq_ligand,6.254
6fh3_ligand,5.621
6fo5_ligand,5.12
6fs1_ligand,7.798
6fs0_ligand,8.915
6fsy_ligand,4.224
6ftf_ligand,6.562
6ftz_ligand,4.576
6g2c_ligand,6.058
6g2b_ligand,5.883
6fuj_ligand,4.058
6g2e_ligand,5.041
6fui_ligand,7.487
6g2f_ligand,6.48
6fuh_ligand,7.712
6ftp_ligand,6.128
6g0z_ligand,6.601
6fz4_ligand,6.78
6g2o_ligand,7.484
6g2l_ligand,5.721
6g2s_ligand,7.462
6g2r_ligand,8.148
6g2m_ligand,5.911
6g24_ligand,4.309
6g25_ligand,4.933
6g27_ligand,6.876
6g29_ligand,6.87
6g9x_ligand,1.602
6g9i_ligand,4.683
6f92_ligand,3.706
6g3a_ligand,5.705
6g34_ligand,5.94
6g14_ligand,6.503
6g37_ligand,5.247
6ge7_ligand,6.71
6gf9_ligand,6.079
6gfs_ligand,5.65
6g38_ligand,5.02
6g39_ligand,5.752
6gj6_ligand,6.445
6ghh_ligand,5.444
6gj8_ligand,6.154
6gjj_ligand,2.611
6gfz_ligand,7.484
6gji_ligand,2.902
6gjm_ligand,2.823
6gjl_ligand,4.363
6gg4_ligand,4.056
6ghj_ligand,5.292
6gjn_ligand,5.949
6gjr_ligand,4.962
6gl8_ligand,8.253
6gla_ligand,4.852
6gl9_ligand,6.158
6glb_ligand,7.698
6gnm_ligand,4.501
6gnp_ligand,5.749
6guh_ligand,6.808
6gnr_ligand,4.682
6gon_ligand,9.171
6gnw_ligand,4.744
6guk_ligand,7.495
6gvz_ligand,4.516
6guc_ligand,6.036
6gue_ligand,7.318
6gw4_ligand,3.917
6gxg_ligand,4.268
6gzd_ligand,6.622
6h1u_ligand,7.114
6h2t_ligand,6.075
6gvf_ligand,5.761
6h8s_ligand,4.725
6h1d_ligand,4.892
6gwr_ligand,7.418
6gwe_ligand,7.039
6hd6_ligand,5.663
6gzm_ligand,7.03
6hgf_ligand,6.217
6hai_ligand,7.896
6hax_ligand,9.932
6hgg_ligand,6.34
6hay_ligand,10.791
6hgi_ligand,7.01
6hgj_ligand,4.979
6hhr_ligand,6.817
6hgr_ligand,3.693
6hgs_ligand,4.126
6hk3_ligand,6.526
6hh5_ligand,6.616
6hk4_ligand,6.652
6hh3_ligand,5.768
6hke_ligand,4.399
6hly_ligand,4.464
6hmg_ligand,4.452
6hni_ligand,6.066
6hm1_ligand,4.254
6hpw_ligand,7.31
6hoq_ligand,4.37
6ht1_ligand,7.035
6hq7_ligand,6.761
6i8y_ligand,7.741
6i5g_ligand,6.298
6i8t_ligand,7.694
6i8m_ligand,8.062
6hr2_ligand,10.344
6i0z_ligand,6.693
6i12_ligand,6.341
6i13_ligand,6.631
6i11_ligand,6.704
6i14_ligand,6.888
6i17_ligand,7.544
6hza_ligand,9.85
6hzb_ligand,9.318
6i18_ligand,6.781
6i61_ligand,7.571
6hzy_ligand,3.251
6i62_ligand,6.615
6i63_ligand,7.049
6i66_ligand,7.173
6i64_ligand,7.721
6i65_ligand,6.46
6i67_ligand,6.311
6idb_ligand,3.363
6if0_ligand,8.206
6iez_ligand,8.097
6idg_ligand,6.66
6iht_ligand,2.046
6ift_ligand,5.122
6iou_ligand,5.473
6j0g_ligand,5.91
6j0o_ligand,8.777
6j3o_ligand,5.272
6ibk_ligand,6.061
6j1l_ligand,9.312
6ior_ligand,4.437
6ios_ligand,4.22
6im4_ligand,6.349
6ixd_ligand,8.573
6j3p_ligand,5.538
6j7e_ligand,5.097
6j9w_ligand,3.521
6j9y_ligand,2.597
6jad_ligand,3.06
6j72_ligand,5.99
6jaq_ligand,3.1
6jav_ligand,5.599
6jan_ligand,3.067
6jam_ligand,3.126
6jaw_ligand,5.824
6jag_ligand,4.112
6jay_ligand,7.582
6jap_ligand,3.707
6jao_ligand,3.302
6jb0_ligand,2.371
6jb4_ligand,2.439
6jbb_ligand,2.882
6jbe_ligand,2.373
6jdi_ligand,4.703
6jdl_ligand,5.522
6k04_ligand,6.738
6jof_ligand,7.279
6k3l_ligand,7.564
6jon_ligand,4.109
6md0_ligand,8.404
6kjd_ligand,7.381
6jfk_ligand,4.228
6md8_ligand,2.277
6ma2_ligand,7.368
6jtc_ligand,3.51
6ma3_ligand,7.784
6ma5_ligand,8.278
6mh1_ligand,4.748
6mh7_ligand,4.79
6ma4_ligand,6.686
6md6_ligand,2.347
6mg5_ligand,6.4
6mku_ligand,6.974
6mkw_ligand,5.773
6mla_ligand,6.071
6mli_ligand,5.197
6mlg_ligand,6.882
6ml9_ligand,7.336
6mlp_ligand,5.681
6mll_ligand,3.504
6mle_ligand,7.471
6mjf_ligand,5.774
6mlo_ligand,6.533
6mln_ligand,6.74
6mlj_ligand,6.438
6mj4_ligand,9.324
6mja_ligand,9.774
6mji_ligand,9.332
6mnc_ligand,7.231
6mm2_ligand,4.974
6n3v_ligand,7.279
6mnv_ligand,5.373
6n3x_ligand,7.722
6n3y_ligand,5.487
6n3w_ligand,7.112
6msy_ligand,2.807
6mxc_ligand,5.032
6n5x_ligand,2.443
6mqc_ligand,9.692
6n7a_ligand,7.464
6mqe_ligand,9.649
6n7b_ligand,6.946
6n7d_ligand,6.599
6n8x_ligand,7.498
6ncn_ligand,5.393
6nco_ligand,6.944
6mu3_ligand,2.924
6n78_ligand,5.999
6mub_ligand,2.482
6ne5_ligand,10.049
6n79_ligand,5.411
6nmb_ligand,2.897
6nfh_ligand,8.424
6no9_ligand,7.573
6ndl_ligand,7.779
6np3_ligand,5.133
6np2_ligand,5.193
6nfy_ligand,7.091
6np5_ligand,4.269
6np4_ligand,4.199
6nsv_ligand,7.517
6nu1_ligand,3.943
6nxz_ligand,3.163
6nwk_ligand,7.742
6ny0_ligand,0.092
6nwl_ligand,7.723
6nu5_ligand,3.549
6nv7_ligand,7.286
6nw3_ligand,7.326
6nv9_ligand,7.35
6nyv_ligand,6.144
6o0k_ligand,8.261
6o0m_ligand,9.386
6o0o_ligand,8.345
6o0p_ligand,8.497
6o5a_ligand,6.887
6o5u_ligand,4.009
6o5x_ligand,9.02
6oja_ligand,6.305
6olx_ligand,7.023
6o94_ligand,8.779
6oqb_ligand,9.132
6o95_ligand,8.364
6o48_ligand,8.35
6oqd_ligand,8.74
6oqc_ligand,9.368
6ooy_ligand,7.245
6otg_ligand,8.718
6om8_ligand,4.664
6orr_ligand,9.476
6o9c_ligand,9.914
6p9e_ligand,6.061
6p5o_ligand,4.36
6pg4_ligand,4.793
6pg5_ligand,5.871
6pg3_ligand,5.898
6p3v_ligand,8.496
6pg6_ligand,5.567
6p83_ligand,6.784
6p8a_ligand,8.594
6p85_ligand,6.704
6p84_ligand,6.511
6p88_ligand,5.7
6p89_ligand,6.225
6p86_ligand,6.247
6p87_ligand,6.762
6p3t_ligand,8.42
6pg7_ligand,6.178
6ouv_ligand,8.303
6pga_ligand,5.473
6pg8_ligand,6.775
6pg9_ligand,6.476
6pgb_ligand,5.924
6pgc_ligand,6.362
6poi_ligand,6.635
6pge_ligand,6.019
6pl1_ligand,7.719
6pi5_ligand,6.794
6pi6_ligand,3.241
6prf_ligand,9.592
6pvw_ligand,5.781
6pvv_ligand,5.774
6pvz_ligand,6.828
6py0_ligand,6.989
6plf_ligand,6.078
6pve_ligand,10.028
6pu3_ligand,5.798
6ppy_ligand,2.563
6q3q_ligand,6.387
6q3y_ligand,5.966
6q3z_ligand,5.93
6q4e_ligand,3.294
6q4g_ligand,6.137
6phx_ligand,4.628
6qas_ligand,7.498
6qe5_ligand,6.528
6qge_ligand,4.589
6qe0_ligand,5.287
6qgf_ligand,5.391
6qgg_ligand,7.592
6qau_ligand,8.136
6qgh_ligand,10.136
6qi4_ligand,4.352
6qav_ligand,8.163
6qln_ligand,4.407
6qi7_ligand,6.393
6qlo_ligand,5.673
6qlp_ligand,6.2
6qlq_ligand,4.904
6qlr_ligand,5.399
6qls_ligand,5.248
6qlt_ligand,4.853
6qlu_ligand,5.338
6qpl_ligand,8.043
6qmj_ligand,8.018
6qmk_ligand,9.001
6qqq_ligand,5.866
6qqu_ligand,6.414
6qqw_ligand,5.7
6qqv_ligand,6.754
6qqz_ligand,6.971
6qr0_ligand,6.227
6qr1_ligand,6.513
6qr2_ligand,6.01
6qr3_ligand,5.718
6qz5_ligand,6.459
6qr4_ligand,5.798
6quv_ligand,4.764
6qrc_ligand,6.401
6qr7_ligand,6.208
6qr9_ligand,5.62
6r8l_ligand,8.413
6r1b_ligand,3.713
6r8w_ligand,7.48
6r8o_ligand,7.493
6r9u_ligand,2.988
6r9x_ligand,5.828
6rnt_ligand,3.969
6rih_ligand,5.406
6rot_ligand,8.258
6s4n_ligand,8.376
6s56_ligand,6.486
6s57_ligand,5.374
6s4t_ligand,9.489
6r4k_ligand,4.354
6s5k_ligand,8.345
6rtw_ligand,8.585
6ssy_ligand,4.204
6st0_ligand,6.155
6sbt_ligand,6.717
6sge_ligand,4.716
6stl_ligand,4.836
6std_ligand,8.726
6szp_ligand,6.276
6t1i_ligand,6.375
6t1j_ligand,4.928
6t1l_ligand,4.752
6t1n_ligand,11.415
6t1m_ligand,7.922
6t1o_ligand,7.555
6u6w_ligand,4.686
6u5y_ligand,5.902
6u8b_ligand,4.97
6ud2_ligand,9.069
6u8o_ligand,5.427
6udi_ligand,9.384
6udt_ligand,8.367
6udu_ligand,9.103
6udv_ligand,9.142
6upj_ligand,5.332
7upj_ligand,7.186
184l_ligand,4.926
186l_ligand,5.276
187l_ligand,4.135
185l_ligand,3.552
7std_ligand,10.029
8a3h_ligand,3.643
188l_ligand,3.926
10gs_ligand,4.619
6ueg_ligand,5.965
