ligand,pK(vinaXB)
1a1e_ligand,4.217273
1a4r_ligand,4.92967
1a4w_ligand,5.762031
1a9m_ligand,5.460528
1a28_ligand,7.942383
1a9q_ligand,3.278526
1a30_ligand,3.664707
1a94_ligand,5.362163
1a69_ligand,5.327969
1a99_ligand,2.900213
1aaq_ligand,4.732067
1adl_ligand,4.052309
1ado_ligand,2.746716
1afk_ligand,3.882874
1afl_ligand,1.009201
1ai4_ligand,3.594113
1ai5_ligand,4.070799
1ai7_ligand,3.400806
1aid_ligand,4.839846
1aj7_ligand,4.127038
1ajn_ligand,3.831628
1ajp_ligand,3.577185
1ajq_ligand,3.569758
1ajv_ligand,8.436085
1ajx_ligand,8.2211
1alw_ligand,2.8575
1amk_ligand,1.032104
1apv_ligand,5.974619
1amw_ligand,3.975169
1atr_ligand,6.812676
1ax0_ligand,3.778842
1b0h_ligand,6.967588
1b1h_ligand,6.308805
1b3f_ligand,5.572163
1b2h_ligand,5.81846
1b3g_ligand,5.577918
1b3h_ligand,6.075337
1b3l_ligand,4.970711
1b4h_ligand,5.076188
1b4z_ligand,5.711158
1b5h_ligand,5.032148
1b5i_ligand,5.535154
1b05_ligand,4.867412
1b5j_ligand,5.911034
1b6h_ligand,5.489685
1b6j_ligand,8.204787
1b6l_ligand,8.221364
1b6k_ligand,7.836063
1b7h_ligand,5.425836
1b8n_ligand,6.337595
1b8o_ligand,6.182119
1b9j_ligand,5.762793
1b38_ligand,5.616576
1b32_ligand,5.485828
1b40_ligand,6.383644
1b46_ligand,6.098585
1b51_ligand,5.259223
1b52_ligand,5.444934
1b58_ligand,6.530711
1bai_ligand,5.005557
1bcu_ligand,4.816122
1bdq_ligand,6.749333
1bgq_ligand,5.799201
1bhf_ligand,4.299047
1bhx_ligand,6.370924
1bju_ligand,5.669443
1bjv_ligand,5.310799
1bm7_ligand,4.833402
1bma_ligand,4.872221
1bp0_ligand,5.077757
1br6_ligand,5.811393
1bq4_ligand,3.769054
1bty_ligand,3.652155
1bv7_ligand,9.975007
1bv9_ligand,9.655337
1bxo_ligand,7.973519
1bwb_ligand,9.973431
1bwa_ligand,9.592815
1bxq_ligand,5.794817
1bzc_ligand,6.092361
1bxr_ligand,6.01272
1bzj_ligand,6.076415
1c3x_ligand,2.717669
1bzy_ligand,6.788109
1c4u_ligand,5.705044
1c5c_ligand,6.239699
1c5n_ligand,3.650828
1c5o_ligand,3.390982
1c5p_ligand,3.855469
1c5q_ligand,4.692933
1c5s_ligand,4.525938
1c5x_ligand,4.483028
1c5t_ligand,4.5211
1c5y_ligand,4.535359
1c70_ligand,8.3561
1c83_ligand,5.450733
1c86_ligand,4.670894
1c84_ligand,5.473152
1c87_ligand,4.289626
1ceb_ligand,3.151327
1c88_ligand,5.004113
1cet_ligand,3.307918
1d2e_ligand,6.212625
1d3d_ligand,6.559831
1d3p_ligand,6.377881
1d4i_ligand,8.970059
1d4h_ligand,8.509677
1d4j_ligand,8.432815
1d4l_ligand,7.595469
1d4p_ligand,7.365462
1d4k_ligand,7.993204
1d4y_ligand,7.293688
1d6w_ligand,4.866591
1d7i_ligand,1.151723
1d7j_ligand,2.053614
1d9i_ligand,4.112243
1dar_ligand,3.995271
1det_ligand,3.57989
1df8_ligand,5.831877
1dgm_ligand,3.492603
1dhi_ligand,5.432177
1dhj_ligand,5.86096
1dif_ligand,7.977771
1dl7_ligand,2.049897
1dmp_ligand,8.665609
1dqn_ligand,5.740674
1drj_ligand,5.034032
1drk_ligand,4.814216
1drv_ligand,5.074758
1dud_ligand,4.953365
1duv_ligand,6.106642
1dzk_ligand,1.962617
1e1v_ligand,3.970572
1e1x_ligand,4.141708
1e2k_ligand,5.388072
1e2l_ligand,5.267471
1e3g_ligand,8.154787
1e3v_ligand,4.420975
1e4h_ligand,4.200806
1e5j_ligand,4.672647
1e66_ligand,8.57294
1eb2_ligand,5.225865
1ebw_ligand,6.932317
1eby_ligand,8.599751
1ebz_ligand,7.616349
1ec0_ligand,9.05346
1ec1_ligand,7.198614
1ec2_ligand,7.379523
1ec3_ligand,6.374399
1ec9_ligand,3.244699
1ecq_ligand,1.49228
1ecv_ligand,5.322405
1efy_ligand,5.925301
1egh_ligand,3.401532
1ejn_ligand,6.359186
1ela_ligand,5.073622
1elb_ligand,3.47217
1elc_ligand,2.144018
1eld_ligand,1.923343
1ele_ligand,5.089311
1epo_ligand,6.662925
1erb_ligand,6.094963
1ex8_ligand,7.566569
1ez9_ligand,3.8225
1ezq_ligand,6.742639
1f0r_ligand,6.286232
1f0s_ligand,5.584655
1f0t_ligand,5.066386
1f0u_ligand,5.940088
1f4f_ligand,5.085843
1f4e_ligand,4.645872
1f4g_ligand,5.958021
1f4x_ligand,4.075374
1f5k_ligand,3.706048
1f5l_ligand,4.826745
1f8c_ligand,4.080081
1f8b_ligand,3.965359
1f8d_ligand,4.231987
1f73_ligand,4.073336
1f8e_ligand,4.21085
1f74_ligand,3.826569
1fao_ligand,4.67945
1fch_ligand,4.936496
1fcx_ligand,11.067067
1fcy_ligand,11.288277
1fcz_ligand,10.360147
1fd0_ligand,11.289465
1fh7_ligand,4.572676
1fh8_ligand,5.064018
1fh9_ligand,5.47813
1fhd_ligand,5.098585
1fiv_ligand,6.899457
1fjs_ligand,5.714355
1fkb_ligand,7.720235
1fkf_ligand,7.917383
1fkg_ligand,5.296935
1fkh_ligand,5.207229
1fki_ligand,8.223006
1fkn_ligand,5.276452
1fl3_ligand,6.001532
1flr_ligand,9.52283
1fm9_ligand,7.944304
1fo0_ligand,8.060396
1fpc_ligand,5.720191
1fq5_ligand,8.992119
1fv0_ligand,5.882412
1fzj_ligand,6.643644
1fzk_ligand,7.061855
1fzm_ligand,6.927573
1fzo_ligand,7.121114
1fzq_ligand,5.92816
1g2k_ligand,8.41761
1g2l_ligand,6.544729
1g2o_ligand,6.178438
1g3d_ligand,4.467236
1g3e_ligand,4.369457
1g7f_ligand,4.927683
1g7g_ligand,3.925081
1g7q_ligand,5.291422
1g7v_ligand,1.864032
1g30_ligand,5.47066
1g32_ligand,6.079186
1g35_ligand,8.070601
1g36_ligand,5.95915
1g74_ligand,2.864113
1g85_ligand,2.510059
1g98_ligand,3.201063
1gaf_ligand,4.878512
1gai_ligand,6.388563
1gar_ligand,5.151026
1gfy_ligand,4.724443
1ghv_ligand,5.130726
1ghw_ligand,4.421063
1ghz_ligand,5.440396
1gi1_ligand,4.711518
1gi7_ligand,5.278101
1gj6_ligand,6.203043
1gjc_ligand,5.547903
1gnm_ligand,3.547632
1gnn_ligand,3.359545
1gno_ligand,2.81577
1gpk_ligand,7.428387
1gpn_ligand,7.343974
1grp_ligand,3.869597
1gvw_ligand,5.573754
1gvx_ligand,6.061012
1gwv_ligand,4.051422
1gyx_ligand,3.780667
1gx8_ligand,4.132141
1gyy_ligand,3.672918
1h0a_ligand,4.116628
1h1s_ligand,6.056144
1h2t_ligand,6.083409
1h4w_ligand,4.051891
1h5v_ligand,4.839326
1h6h_ligand,3.343446
1h22_ligand,7.121349
1h23_ligand,7.08879
1h46_ligand,4.17195
1hi3_ligand,2.652243
1hbv_ligand,5.751913
1hi4_ligand,2.725308
1hi5_ligand,3.116224
1hih_ligand,6.77085
1hii_ligand,7.076466
1hmr_ligand,3.612676
1hk4_ligand,3.408702
1hms_ligand,3.785213
1hn4_ligand,5.06739
1hmt_ligand,3.795286
1hos_ligand,6.114883
1hp5_ligand,4.01849
1hpo_ligand,6.615557
1hps_ligand,6.401679
1hpv_ligand,5.8275
1hpx_ligand,6.264545
1hsh_ligand,8.057243
1hvh_ligand,5.502302
1hvi_ligand,7.397837
1hvj_ligand,7.24566
1hvk_ligand,7.845381
1hvl_ligand,7.310125
1hvr_ligand,10.196584
1hvs_ligand,7.203424
1hwr_ligand,6.647837
1hxb_ligand,7.736276
1hxw_ligand,6.572551
1i2s_ligand,2.996371
1i5r_ligand,8.41033
1i7z_ligand,6.264831
1i37_ligand,7.558211
1ie9_ligand,8.616151
1ii5_ligand,4.006437
1igj_ligand,6.09412
1iih_ligand,3.747353
1iiq_ligand,6.451459
1ik4_ligand,3.718644
1ikt_ligand,4.537243
1ivp_ligand,4.862969
1izh_ligand,6.729501
1izi_ligand,6.866694
1j01_ligand,4.872309
1j4r_ligand,4.944208
1j14_ligand,4.041246
1j16_ligand,4.033094
1j17_ligand,7.09761
1jak_ligand,5.409069
1jet_ligand,5.402757
1jeu_ligand,5.865565
1jev_ligand,6.463028
1jgl_ligand,8.792661
1jlr_ligand,3.774289
1jmf_ligand,3.690872
1jmg_ligand,3.467155
1jn4_ligand,5.631664
1jq8_ligand,1.213372
1jqy_ligand,4.002889
1jsv_ligand,3.190491
1jvu_ligand,3.558094
1jyq_ligand,5.362837
1jys_ligand,2.955931
1k1i_ligand,5.581862
1k1j_ligand,6.015205
1k1l_ligand,5.33599
1k1m_ligand,6.180367
1k1n_ligand,4.793512
1k1o_ligand,4.794054
1k1y_ligand,6.102471
1k6p_ligand,7.709545
1k6c_ligand,7.276452
1k6t_ligand,7.404619
1k6v_ligand,7.648622
1k9s_ligand,6.408636
1k21_ligand,5.851224
1k22_ligand,6.631305
1k27_ligand,6.399927
1kav_ligand,5.255103
1kdk_ligand,8.223079
1kc7_ligand,1.321466
1kel_ligand,5.250499
1kjr_ligand,4.687984
1km3_ligand,4.6339
1koj_ligand,4.402067
1kpm_ligand,5.108717
1ksn_ligand,7.166686
1kv1_ligand,6.537625
1kv5_ligand,2.253974
1kyv_ligand,6.422947
1kzk_ligand,8.534619
1kzn_ligand,6.126826
1l8g_ligand,5.533629
1l83_ligand,3.583761
1laf_ligand,5.485601
1lag_ligand,4.137969
1lah_ligand,4.360469
1lbf_ligand,5.511569
1lbk_ligand,3.555389
1lee_ligand,6.176686
1lf2_ligand,6.031884
1lgw_ligand,3.892441
1lhu_ligand,7.841987
1li2_ligand,3.971518
1li3_ligand,3.889677
1li6_ligand,2.322251
1lke_ligand,9.005521
1lkk_ligand,4.759787
1lkl_ligand,4.660073
1lnm_ligand,9.150565
1loq_ligand,5.270938
1lpg_ligand,5.758526
1lpk_ligand,6.677955
1lpz_ligand,7.086195
1lst_ligand,4.533966
1lvu_ligand,4.942067
1lyb_ligand,5.29555
1lyx_ligand,2.01816
1lzq_ligand,5.352779
1m0b_ligand,4.987163
1m0n_ligand,5.364106
1m0o_ligand,5.234304
1m0q_ligand,5.498336
1m1b_ligand,3.232889
1m2p_ligand,6.811041
1m2q_ligand,6.255169
1m2r_ligand,6.655257
1m4h_ligand,5.830389
1m5w_ligand,2.006789
1m7d_ligand,5.601855
1m7i_ligand,5.407148
1m7y_ligand,6.202192
1m48_ligand,5.137221
1m83_ligand,7.499538
1mai_ligand,3.8886
1mes_ligand,8.080389
1met_ligand,8.044443
1mfa_ligand,4.257801
1mfd_ligand,4.378277
1mfi_ligand,4.307295
1mh5_ligand,5.465491
1mjj_ligand,5.607295
1moq_ligand,5.172148
1mq5_ligand,6.980975
1mq6_ligand,7.153724
1mrn_ligand,6.699919
1mrs_ligand,5.726217
1mrw_ligand,7.588321
1mrx_ligand,7.579128
1msm_ligand,8.439201
1msn_ligand,8.442412
1mtr_ligand,7.705374
1mu6_ligand,6.358776
1mu8_ligand,6.707221
1mue_ligand,6.327148
1n0s_ligand,6.431268
1n1m_ligand,3.669348
1n3i_ligand,5.743446
1n4h_ligand,6.481811
1n4k_ligand,4.066393
1n5r_ligand,4.200726
1n46_ligand,8.106151
1n51_ligand,6.025477
1nc1_ligand,5.516364
1nc3_ligand,6.468534
1nf8_ligand,6.648299
1nfu_ligand,6.101848
1nfw_ligand,6.447229
1nfx_ligand,6.834531
1nfy_ligand,6.92967
1nh0_ligand,6.672749
1nhu_ligand,4.42096
1nhz_ligand,7.647588
1nja_ligand,5.372918
1njc_ligand,5.068812
1njd_ligand,5.133959
1nje_ligand,4.84989
1njs_ligand,6.798299
1nki_ligand,2.700227
1nl9_ligand,5.671239
1nli_ligand,2.681503
1nm6_ligand,9.738739
1nny_ligand,6.968504
1no6_ligand,5.389993
1np0_ligand,3.392163
1nq7_ligand,7.227573
1nt1_ligand,9.903636
1nvq_ligand,9.206503
1nvr_ligand,8.984582
1nvs_ligand,7.737001
1nw4_ligand,5.559875
1nw5_ligand,5.509655
1nw7_ligand,4.851283
1nwl_ligand,1.86563
1nz7_ligand,5.226386
1o0f_ligand,3.74085
1o0h_ligand,4.228021
1o0m_ligand,3.768277
1o0n_ligand,3.882581
1o2h_ligand,5.705777
1o2j_ligand,4.445037
1o2n_ligand,6.135103
1o2o_ligand,4.698702
1o2q_ligand,5.921708
1o2r_ligand,6.300997
1o2w_ligand,4.066452
1o2z_ligand,4.943636
1o3d_ligand,6.248365
1o3f_ligand,5.60621
1o3i_ligand,5.877009
1o3j_ligand,5.053482
1o3l_ligand,4.808314
1o5a_ligand,4.516481
1o5c_ligand,4.436283
1o5e_ligand,6.250872
1o5g_ligand,5.945821
1o7o_ligand,6.18195
1o30_ligand,5.475894
1o33_ligand,5.327977
1o35_ligand,4.82088
1o36_ligand,4.011136
1o38_ligand,5.656701
1oar_ligand,6.27371
1oau_ligand,4.244523
1oba_ligand,1.378475
1ocq_ligand,5.384318
1od8_ligand,5.100367
1odi_ligand,6.304135
1odj_ligand,5.823644
1oe8_ligand,3.709164
1ogd_ligand,3.277485
1ogg_ligand,5.90706
1ogx_ligand,5.805374
1ogz_ligand,5.935484
1ohr_ligand,7.74206
1oif_ligand,4.422067
1ols_ligand,6.38044
1olu_ligand,6.618387
1olx_ligand,6.560682
1om1_ligand,6.823358
1ony_ligand,5.241166
1onz_ligand,5.354941
1ork_ligand,6.40868
1os5_ligand,5.720806
1oss_ligand,3.574362
1owe_ligand,5.560308
1owh_ligand,5.335777
1oxr_ligand,2.852493
1oyq_ligand,5.083798
1oyt_ligand,7.77151
1oz0_ligand,5.888578
1p1n_ligand,5.27618
1p1o_ligand,5.452214
1p19_ligand,2.543424
1p57_ligand,4.5336
1pa9_ligand,4.081606
1pb8_ligand,3.440594
1pb9_ligand,3.27063
1pbq_ligand,5.672845
1pdz_ligand,2.538394
1pgp_ligand,3.548776
1phw_ligand,-0.970286
1pkx_ligand,7.850235
1pme_ligand,5.48717
1pot_ligand,3.971254
1ppc_ligand,5.962273
1pph_ligand,5.593886
1ppi_ligand,7.069362
1ppk_ligand,4.74162
1ppl_ligand,5.694157
1ppm_ligand,5.860916
1pr5_ligand,4.709861
1pro_ligand,8.678138
1pvn_ligand,6.492221
1px4_ligand,4.062903
1pxn_ligand,6.075506
1pxo_ligand,4.593739
1pxp_ligand,6.28607
1pyn_ligand,5.687903
1pz5_ligand,3.987331
1pzi_ligand,3.473065
1pzp_ligand,4.185286
1q1g_ligand,5.481694
1q5k_ligand,4.400784
1q7a_ligand,3.986224
1q8t_ligand,4.729355
1q8u_ligand,6.067405
1q8w_ligand,5.64805
1q54_ligand,3.510418
1q72_ligand,5.164538
1q84_ligand,9.673365
1q91_ligand,6.738021
1qan_ligand,5.979054
1qaw_ligand,5.543094
1qb1_ligand,3.699362
1qb6_ligand,5.342361
1qb9_ligand,5.791268
1qbn_ligand,5.775843
1qbo_ligand,6.299516
1qbr_ligand,9.653035
1qbs_ligand,8.569252
1qbt_ligand,10.783504
1qbu_ligand,8.116129
1qbv_ligand,5.312581
1qft_ligand,2.951965
1qhc_ligand,5.137199
1qk3_ligand,5.566268
1qk4_ligand,6.116994
1qka_ligand,6.600836
1qkb_ligand,5.759985
1qkt_ligand,6.747023
1ql7_ligand,6.481848
1ql9_ligand,7.025301
1qxk_ligand,5.898314
1qyg_ligand,6.06478
1r0p_ligand,7.883475
1r9l_ligand,2.950652
1rbp_ligand,6.484172
1rd4_ligand,6.001789
1rjk_ligand,8.99349
1rnm_ligand,3.511019
1rnt_ligand,3.258548
1rp7_ligand,6.627031
1rpf_ligand,3.17794
1rql_ligand,2.894985
1rr6_ligand,5.886708
1rtf_ligand,4.241408
1s5z_ligand,4.276026
1s19_ligand,8.597126
1s89_ligand,3.989282
1sb1_ligand,5.96283
1sbg_ligand,6.506547
1sdt_ligand,8.549912
1sdu_ligand,8.281298
1sdv_ligand,8.204553
1sgu_ligand,7.380433
1sh9_ligand,5.320667
1siv_ligand,6.375081
1sl3_ligand,7.912874
1sld_ligand,6.479985
1sqa_ligand,5.592881
1sqo_ligand,5.600374
1sqt_ligand,5.370176
1sr7_ligand,9.1436
1srg_ligand,4.48088
1ssq_ligand,2.040843
1stc_ligand,8.955792
1str_ligand,4.521584
1sv3_ligand,2.932801
1sw2_ligand,3.542346
1swg_ligand,4.503343
1swr_ligand,5.036048
1syh_ligand,6.68379
1syi_ligand,6.439853
1t4v_ligand,5.639025
1t5f_ligand,2.984135
1t7d_ligand,5.194597
1t7j_ligand,5.835213
1t32_ligand,7.874084
1ta6_ligand,6.8014
1tcx_ligand,6.561048
1td7_ligand,4.640389
1thz_ligand,5.110271
1tjp_ligand,5.557933
1tkb_ligand,5.873886
1tng_ligand,2.983343
1tnh_ligand,3.48401
1tni_ligand,2.075579
1tom_ligand,6.237852
1tpw_ligand,3.883292
1tq4_ligand,6.082735
1trd_ligand,2.696913
1tsy_ligand,5.356547
1tx7_ligand,4.219963
1u0g_ligand,4.021723
1u1b_ligand,5.331642
1u1w_ligand,5.578842
1u33_ligand,5.270916
1u71_ligand,5.960374
1ua4_ligand,5.472588
1ucn_ligand,4.708864
1ugx_ligand,3.97654
1ui0_ligand,3.529809
1uj5_ligand,3.538812
1uou_ligand,5.02937
1upf_ligand,2.937808
1ur9_ligand,7.202676
1usi_ligand,5.107331
1usk_ligand,3.99478
1utj_ligand,3.291657
1utl_ligand,2.858453
1utm_ligand,2.79044
1utn_ligand,3.236708
1uto_ligand,3.066122
1uv6_ligand,2.070257
1uvt_ligand,6.158629
1uw6_ligand,4.149963
1uwf_ligand,4.23717
1uwt_ligand,5.114135
1uwu_ligand,4.283578
1uz1_ligand,4.259846
1uz4_ligand,4.40585
1uz8_ligand,5.497947
1v0k_ligand,4.569721
1v0l_ligand,5.024751
1v1j_ligand,6.032001
1v1m_ligand,6.795447
1v2j_ligand,3.866408
1v2k_ligand,7.706151
1v2l_ligand,3.902529
1v2n_ligand,6.485762
1v2o_ligand,3.769391
1v2r_ligand,3.918167
1v2s_ligand,4.052317
1v2t_ligand,3.998446
1v2u_ligand,3.963666
1v2w_ligand,3.885213
1v11_ligand,6.161078
1v16_ligand,6.982324
1vso_ligand,4.17662
1vyf_ligand,3.624509
1vyg_ligand,4.63956
1vzq_ligand,7.919795
1w0z_ligand,4.97118
1w3j_ligand,4.147273
1w3k_ligand,5.203702
1w3l_ligand,5.677632
1w4o_ligand,3.684677
1w4p_ligand,3.488922
1w4q_ligand,3.075015
1w5v_ligand,8.962801
1w5w_ligand,9.080704
1w5x_ligand,9.20033
1w5y_ligand,8.531019
1w7g_ligand,4.948065
1w9u_ligand,6.607485
1w9v_ligand,5.639296
1w11_ligand,4.841437
1w13_ligand,5.931657
1w96_ligand,8.543556
1wc1_ligand,4.958109
1wcq_ligand,4.76585
1wdn_ligand,4.450007
1wht_ligand,3.875425
1wm1_ligand,3.548974
1ws4_ligand,3.672757
1wvj_ligand,6.484304
1x1z_ligand,6.557727
1x8d_ligand,3.553255
1x8j_ligand,6.347911
1x8r_ligand,5.892251
1x8t_ligand,5.975323
1x38_ligand,5.275088
1x39_ligand,4.829018
1xap_ligand,10.564824
1xbo_ligand,6.843556
1xd0_ligand,6.519611
1xff_ligand,4.098937
1xgi_ligand,4.185865
1xh4_ligand,8.957221
1xh5_ligand,8.995513
1xh9_ligand,9.122258
1xhy_ligand,5.547405
1xjd_ligand,8.472683
1xk5_ligand,3.564523
1xk9_ligand,2.883497
1xka_ligand,5.500821
1xkk_ligand,7.069362
1xow_ligand,8.332698
1xr9_ligand,7.821679
1xt8_ligand,3.139897
1xws_ligand,7.112713
1y0l_ligand,5.290704
1y1z_ligand,4.219084
1y3n_ligand,6.006782
1y3p_ligand,6.308262
1y3v_ligand,7.101034
1y3x_ligand,6.709062
1y6q_ligand,6.262522
1y6r_ligand,6.66261
1y20_ligand,3.357082
1yc1_ligand,6.967097
1yc4_ligand,5.906738
1ydk_ligand,3.940396
1ydr_ligand,5.544633
1yds_ligand,5.459018
1ydt_ligand,6.117163
1yet_ligand,7.31687
1yfz_ligand,3.551466
1yp9_ligand,6.018754
1ype_ligand,8.000205
1ypg_ligand,7.737339
1ypj_ligand,7.67074
1yq7_ligand,2.998072
1yqj_ligand,9.126019
1z1h_ligand,7.337771
1z4o_ligand,5.325513
1z6e_ligand,7.841738
1z6s_ligand,3.825623
1z71_ligand,7.371782
1z95_ligand,7.562617
1zc9_ligand,2.306041
1zea_ligand,3.497258
1zgi_ligand,6.486474
1zhy_ligand,7.181855
1zoe_ligand,5.047757
1zog_ligand,4.384142
1zoh_ligand,5.27445
1zp8_ligand,5.171994
1zpa_ligand,4.019421
1zsf_ligand,5.674142
2a4m_ligand,0.740814
2a5b_ligand,4.129626
2a5c_ligand,4.435345
2a5s_ligand,4.284648
2a8g_ligand,1.726122
2a14_ligand,6.865858
2aac_ligand,4.822075
2aj8_ligand,5.587867
2al5_ligand,6.265301
2am4_ligand,6.313475
2ans_ligand,5.028189
2aoc_ligand,6.020872
2aod_ligand,5.912742
2aoe_ligand,5.614912
2aog_ligand,6.091826
2aqu_ligand,7.146635
2arm_ligand,1.449435
2avm_ligand,6.021598
2avo_ligand,8.057537
2avq_ligand,5.911635
2avs_ligand,8.26544
2ax9_ligand,4.956122
2ayr_ligand,7.977361
2azr_ligand,4.812331
2b1g_ligand,6.62294
2b1i_ligand,6.466254
2b4l_ligand,3.241994
2b7d_ligand,6.137874
2b07_ligand,5.728695
2b9a_ligand,3.415066
2baj_ligand,8.358482
2bak_ligand,7.59835
2bal_ligand,6.279787
2bes_ligand,4.542009
2bet_ligand,3.865117
2bfq_ligand,7.340308
2bfr_ligand,6.115176
2bmk_ligand,3.230286
2bo4_ligand,2.449487
2boh_ligand,5.42879
2boj_ligand,3.011129
2bok_ligand,6.271474
2bpv_ligand,6.723732
2bpy_ligand,7.796635
2bq7_ligand,5.293842
2bqv_ligand,7.401217
2br1_ligand,5.736393
2brb_ligand,6.058776
2brm_ligand,5.243666
2bt9_ligand,4.319054
2bvd_ligand,5.114487
2bvr_ligand,3.993666
2bvs_ligand,3.074597
2byr_ligand,6.434289
2bys_ligand,7.583614
2bz6_ligand,5.66055
2bza_ligand,3.187009
2c1p_ligand,6.415345
2c3i_ligand,6.51096
2c3l_ligand,3.743248
2c80_ligand,4.228072
2c92_ligand,6.745161
2c94_ligand,6.517962
2c97_ligand,4.726496
2ca8_ligand,2.858358
2cbj_ligand,5.120191
2cbu_ligand,5.230858
2cbv_ligand,4.778614
2cbz_ligand,4.843915
2cc7_ligand,4.941848
2ccb_ligand,3.746562
2ccc_ligand,5.358196
2ce9_ligand,4.661547
2cej_ligand,8.434802
2cen_ligand,8.52956
2ceq_ligand,3.830572
2cer_ligand,5.665726
2ces_ligand,4.249252
2cet_ligand,5.746979
2cf8_ligand,8.048922
2cf9_ligand,7.67
2cgf_ligand,6.161701
2cgr_ligand,6.89371
2cht_ligand,5.417023
2cle_ligand,4.704362
2clh_ligand,6.281613
2cli_ligand,5.76522
2clk_ligand,3.763394
2cn0_ligand,8.437368
2csn_ligand,3.857999
2d0k_ligand,4.832302
2d3u_ligand,6.171232
2d3z_ligand,6.056034
2drc_ligand,5.519919
2dri_ligand,5.012933
2dw7_ligand,2.619333
2e2p_ligand,5.330609
2e2r_ligand,6.600279
2e7f_ligand,5.519128
2e9u_ligand,7.538996
2e27_ligand,6.256056
2e91_ligand,3.83478
2e92_ligand,4.132969
2e94_ligand,5.692053
2epn_ligand,4.475711
2erz_ligand,5.29857
2euk_ligand,4.964934
2evl_ligand,4.470227
2ewa_ligand,8.498013
2ews_ligand,6.231774
2exm_ligand,3.380543
2f1g_ligand,3.228688
2f2h_ligand,6.200455
2f6t_ligand,6.49206
2f7i_ligand,4.184494
2f8g_ligand,6.109018
2f34_ligand,5.327419
2f35_ligand,5.187573
2f80_ligand,6.166217
2f81_ligand,5.505513
2fdp_ligand,7.503592
2fgu_ligand,7.959633
2fgv_ligand,8.265051
2fle_ligand,7.553416
2flr_ligand,6.848336
2fmb_ligand,6.593915
2fpz_ligand,3.812199
2fqw_ligand,6.222339
2fqx_ligand,6.186217
2fqy_ligand,5.666628
2fvd_ligand,6.375938
2fw6_ligand,4.033512
2fx6_ligand,3.858768
2fxs_ligand,3.933358
2fxu_ligand,5.850308
2fxv_ligand,6.069971
2g5u_ligand,5.377625
2g94_ligand,6.421136
2gh9_ligand,6.230125
2gj5_ligand,4.135799
2gl0_ligand,4.561268
2glp_ligand,5.253065
2gss_ligand,3.672999
2gst_ligand,5.941708
2gv6_ligand,5.08151
2gv7_ligand,6.130638
2gvj_ligand,7.492691
2gvv_ligand,4.281173
2gyi_ligand,2.672691
2gz2_ligand,4.741796
2h4g_ligand,4.745022
2h4k_ligand,4.677383
2h6b_ligand,4.154421
2h21_ligand,5.390154
2ha2_ligand,3.044304
2ha3_ligand,2.159142
2ha6_ligand,3.478138
2hah_ligand,5.230081
2haw_ligand,3.70555
2hb1_ligand,4.082925
2hb3_ligand,6.965565
2hhn_ligand,4.471855
2hjb_ligand,3.726848
2hkf_ligand,5.367001
2hmu_ligand,5.448519
2hmv_ligand,5.295565
2hnx_ligand,3.770924
2hs1_ligand,6.360169
2hxm_ligand,5.387823
2hzl_ligand,2.575176
2i0a_ligand,6.312676
2i2c_ligand,6.226503
2i4d_ligand,6.17368
2i4j_ligand,2.966855
2i4u_ligand,6.288556
2i4v_ligand,6.31893
2i4w_ligand,5.667749
2i4x_ligand,5.810022
2i4z_ligand,3.412383
2i6b_ligand,4.674538
2i19_ligand,2.651591
2i80_ligand,5.263277
2idw_ligand,6.404567
2ihj_ligand,6.787896
2ihq_ligand,7.229435
2iko_ligand,6.647551
2iuz_ligand,5.231474
2iwx_ligand,6.326635
2izl_ligand,5.426107
2j2u_ligand,5.812683
2j4g_ligand,5.364758
2j4i_ligand,5.870374
2j7b_ligand,4.051202
2j7d_ligand,4.748167
2j7e_ligand,4.76901
2j7f_ligand,4.145198
2j7g_ligand,4.690323
2j7h_ligand,4.202617
2j27_ligand,2.376532
2j34_ligand,6.049773
2j47_ligand,6.063248
2j75_ligand,5.069355
2j62_ligand,7.217221
2j77_ligand,4.125931
2j78_ligand,4.992243
2j79_ligand,5.12706
2j94_ligand,5.626481
2j95_ligand,5.811334
2jdm_ligand,3.536694
2jdp_ligand,3.394971
2jds_ligand,6.801056
2jdu_ligand,3.80368
2jf4_ligand,7.80813
2jfz_ligand,7.284326
2jg0_ligand,7.710652
2jgs_ligand,5.012375
2jh0_ligand,5.611877
2jh5_ligand,5.486371
2jh6_ligand,5.598805
2jiw_ligand,5.850902
2jjb_ligand,6.954406
2jke_ligand,3.915587
2jkh_ligand,6.105227
2jkp_ligand,4.273629
2jxr_ligand,6.32206
2mas_ligand,5.814326
2nmz_ligand,6.974831
2nsj_ligand,4.919062
2nsl_ligand,5.355836
2nt7_ligand,6.10761
2nta_ligand,5.655147
2o0u_ligand,8.617104
2o4j_ligand,9.252647
2o4k_ligand,7.647559
2o4l_ligand,7.568783
2o4n_ligand,7.68294
2o4r_ligand,9.034582
2oag_ligand,7.159406
2oax_ligand,9.336378
2ogy_ligand,4.979824
2oi2_ligand,3.459025
2oiq_ligand,8.518248
2ojg_ligand,6.062595
2ojj_ligand,6.81607
2olb_ligand,6.061554
2ole_ligand,3.705301
2on6_ligand,4.232639
2ot1_ligand,4.067317
2oxd_ligand,4.101899
2oxn_ligand,3.472632
2oxx_ligand,4.588182
2oxy_ligand,4.59761
2oym_ligand,5.059208
2p2a_ligand,7.155066
2p3a_ligand,6.264157
2p3b_ligand,5.591202
2p3c_ligand,6.038453
2p3i_ligand,3.323446
2p4j_ligand,7.431657
2p4s_ligand,5.879978
2p4y_ligand,7.946848
2p7a_ligand,3.831342
2p7g_ligand,6.384736
2p7z_ligand,6.039355
2p15_ligand,10.081298
2p16_ligand,7.369597
2p95_ligand,7.135924
2pbw_ligand,5.989729
2pcp_ligand,6.434421
2pgz_ligand,5.789611
2pk5_ligand,8.5411
2pk6_ligand,7.903768
2pog_ligand,7.00415
2pq9_ligand,7.7064
2pqb_ligand,7.600968
2pqc_ligand,6.468189
2pql_ligand,5.248233
2pqz_ligand,7.275183
2psu_ligand,6.01794
2psv_ligand,5.759326
2pu2_ligand,5.152221
2pv1_ligand,4.09915
2pvh_ligand,6.413497
2pvj_ligand,7.019809
2pvk_ligand,7.319355
2pvl_ligand,6.759897
2pvm_ligand,6.403952
2pvu_ligand,4.47371
2pwc_ligand,7.207419
2pwd_ligand,3.140059
2pwg_ligand,3.756151
2pwr_ligand,8.277595
2py4_ligand,8.125132
2pym_ligand,7.332639
2pyn_ligand,7.668915
2pyy_ligand,3.990477
2q2a_ligand,5.307507
2q5k_ligand,7.616994
2q6f_ligand,3.483446
2q7q_ligand,4.25324
2q8h_ligand,1.27868
2q8m_ligand,5.342023
2q8z_ligand,6.205902
2q54_ligand,6.76077
2q55_ligand,7.451415
2q63_ligand,7.445337
2qbp_ligand,6.550726
2q64_ligand,7.563959
2qbq_ligand,5.876217
2qbs_ligand,5.972097
2qbr_ligand,5.473644
2qbu_ligand,6.629098
2qbw_ligand,6.853644
2qci_ligand,6.83816
2qd6_ligand,6.333497
2qd7_ligand,6.875425
2qd8_ligand,6.09585
2qe4_ligand,6.694164
2qg0_ligand,5.591422
2qg2_ligand,6.334098
2qhy_ligand,6.979289
2qhz_ligand,7.150587
2qi0_ligand,6.663072
2qi1_ligand,6.919663
2qi3_ligand,5.691474
2qi4_ligand,6.837581
2qi5_ligand,6.321151
2qi6_ligand,6.80577
2qi7_ligand,5.070264
2qm9_ligand,5.368512
2qmg_ligand,8.675667
2qnn_ligand,8.330609
2qnp_ligand,7.762801
2qnq_ligand,6.509919
2qpq_ligand,3.174457
2qpu_ligand,2.996818
2qrk_ligand,4.483944
2qrl_ligand,2.176026
2qta_ligand,6.359934
2qtn_ligand,4.110425
2qtg_ligand,5.417214
2qtt_ligand,5.842808
2qu6_ligand,8.049494
2qw1_ligand,1.984399
2qwb_ligand,4.404663
2qwd_ligand,3.885711
2qwc_ligand,4.016246
2qwe_ligand,5.165051
2r0h_ligand,3.798182
2qwf_ligand,5.724655
2r0z_ligand,4.144208
2r2m_ligand,6.69118
2r2w_ligand,5.451224
2r3t_ligand,8.09596
2r3w_ligand,7.860418
2r5a_ligand,2.223702
2r5p_ligand,8.077089
2r9w_ligand,5.63055
2r9x_ligand,5.039311
2r38_ligand,8.390403
2r43_ligand,7.525638
2r58_ligand,2.296518
2r75_ligand,7.26022
2ra0_ligand,6.87563
2rcb_ligand,3.08566
2rd6_ligand,6.161877
2reg_ligand,3.308416
2ri9_ligand,2.645872
2rin_ligand,0.500029
2rio_ligand,4.080154
2rk8_ligand,2.633592
2rka_ligand,2.591957
2rkd_ligand,2.22706
2rke_ligand,3.150235
2rkf_ligand,6.558189
2rkg_ligand,6.284743
2rkm_ligand,4.775103
2sim_ligand,4.923783
2std_ligand,6.695682
2tpi_ligand,4.665455
2uwd_ligand,6.344179
2uwl_ligand,5.054377
2uwo_ligand,5.554216
2uwp_ligand,5.079523
2uxi_ligand,3.496576
2uxz_ligand,7.707537
2uy0_ligand,8.289413
2uy3_ligand,4.684773
2uy4_ligand,3.700433
2uy5_ligand,4.393761
2uyn_ligand,3.011474
2uyq_ligand,4.335154
2v00_ligand,4.934135
2v2c_ligand,2.209633
2v2h_ligand,2.676334
2v2q_ligand,4.401994
2v2v_ligand,4.513893
2v3d_ligand,4.767397
2v3u_ligand,3.597984
2v7a_ligand,6.666261
2v8w_ligand,4.377397
2v54_ligand,6.291628
2v57_ligand,5.6314
2v58_ligand,6.268504
2v59_ligand,5.696327
2v95_ligand,7.866026
2vb8_ligand,4.56676
2vba_ligand,4.632779
2vc9_ligand,3.965374
2vfk_ligand,3.783292
2vh0_ligand,6.31261
2vh6_ligand,6.986122
2vhj_ligand,3.171804
2vjx_ligand,4.851752
2vk2_ligand,5.291107
2vk6_ligand,5.123776
2vkm_ligand,7.638592
2vl4_ligand,4.834304
2vmc_ligand,2.912082
2vmd_ligand,2.747911
2vmf_ligand,4.544934
2vnp_ligand,3.345938
2vnt_ligand,6.300337
2vo4_ligand,2.612295
2vo5_ligand,6.505176
2vot_ligand,5.207375
2vpn_ligand,5.415513
2vpo_ligand,5.33099
2vqt_ligand,5.134597
2vrj_ligand,3.532837
2vt3_ligand,4.508776
2vvc_ligand,7.396913
2vvn_ligand,5.528468
2vvs_ligand,6.358761
2vvu_ligand,7.588262
2vw1_ligand,5.285183
2vvv_ligand,7.871364
2vw2_ligand,4.362434
2vw5_ligand,7.20893
2vwc_ligand,6.545447
2vwl_ligand,7.493358
2vwm_ligand,7.436195
2vwn_ligand,7.487551
2vwo_ligand,7.830044
2vxn_ligand,3.15555
2vyt_ligand,1.971628
2vzr_ligand,3.372082
2w4x_ligand,4.293952
2w5g_ligand,3.351261
2w8j_ligand,5.317067
2w8y_ligand,7.749619
2w8w_ligand,4.393306
2w08_ligand,2.434626
2w9h_ligand,4.881994
2w26_ligand,6.157397
2w47_ligand,3.516503
2w66_ligand,4.73011
2w67_ligand,5.623776
2wb5_ligand,5.10728
2wc3_ligand,5.277661
2wbg_ligand,5.264179
2wc4_ligand,4.862185
2wca_ligand,4.485081
2we3_ligand,4.901606
2web_ligand,6.164751
2wed_ligand,6.529853
2wec_ligand,6.051855
2weq_ligand,5.827639
2wer_ligand,6.320095
2wf5_ligand,5.237251
2wgj_ligand,7.168013
2whp_ligand,3.350711
2wjg_ligand,5.315953
2wk6_ligand,2.697089
2wky_ligand,5.928732
2wkz_ligand,8.254135
2wl0_ligand,8.041334
2wly_ligand,4.559457
2wlz_ligand,5.007581
2wm0_ligand,6.053688
2wn9_ligand,5.148145
2wnc_ligand,5.548864
2wnj_ligand,5.590125
2wq5_ligand,5.142955
2wr8_ligand,7.199626
2wtv_ligand,7.685938
2wuf_ligand,4.850623
2wvt_ligand,3.671672
2wvz_ligand,4.83794
2wyf_ligand,3.362881
2wyg_ligand,6.177779
2wyj_ligand,6.210733
2wzf_ligand,6.30063
2wzm_ligand,6.058321
2wzs_ligand,4.119553
2x0y_ligand,4.826826
2x00_ligand,9.503944
2x2r_ligand,6.090088
2x4z_ligand,6.432427
2x6x_ligand,4.530491
2xab_ligand,6.939824
2xb7_ligand,6.373871
2xb8_ligand,7.092478
2xbp_ligand,7.689773
2xbv_ligand,8.054589
2xbw_ligand,8.801569
2xbx_ligand,8.56129
2xc0_ligand,8.110938
2xc4_ligand,8.328482
2xd9_ligand,7.48357
2xda_ligand,7.601569
2xde_ligand,5.603878
2xdk_ligand,4.03077
2xdl_ligand,4.599721
2xdx_ligand,4.434509
2xg9_ligand,4.751283
2xht_ligand,5.222962
2xib_ligand,4.373952
2xii_ligand,6.615652
2xj1_ligand,6.611657
2xj2_ligand,7.038812
2xj7_ligand,6.046144
2xjg_ligand,6.630198
2xjj_ligand,7.764377
2xjx_ligand,6.442801
2xm1_ligand,5.764157
2xm2_ligand,4.986364
2xmy_ligand,5.251891
2xn3_ligand,5.539648
2xn5_ligand,5.732705
2xnb_ligand,6.80805
2xog_ligand,5.015894
2xp7_ligand,5.159611
2xpk_ligand,6.177478
2xxr_ligand,4.384157
2xxt_ligand,5.256584
2xxx_ligand,4.22415
2xye_ligand,6.299641
2xyf_ligand,6.220499
2xys_ligand,7.542771
2xyt_ligand,5.535843
2y5f_ligand,6.621041
2y5g_ligand,6.392676
2y5h_ligand,5.609069
2y7x_ligand,7.8989
2y7z_ligand,7.520528
2y8c_ligand,5.278167
2y80_ligand,7.445176
2y81_ligand,7.558915
2y82_ligand,7.530191
2ya6_ligand,4.494743
2ya7_ligand,5.055381
2ya8_ligand,4.461466
2yay_ligand,7.018666
2yaz_ligand,7.088277
2yb0_ligand,6.205792
2ydt_ligand,5.090557
2ydw_ligand,6.364216
2yek_ligand,5.914282
2yel_ligand,6.850557
2yfa_ligand,3.284787
2yfe_ligand,5.484809
2yfx_ligand,5.604985
2yge_ligand,6.600733
2ygf_ligand,6.555682
2yi0_ligand,6.140308
2yi7_ligand,5.665161
2yix_ligand,7.883497
2yk1_ligand,5.108182
2yki_ligand,11.428006
2ylc_ligand,3.963944
2ymd_ligand,5.026965
2yme_ligand,5.361092
2ypi_ligand,1.76978
2ypo_ligand,4.889018
2yxj_ligand,7.176862
2z4o_ligand,6.275982
2za5_ligand,8.16335
2zb1_ligand,7.717221
2zc9_ligand,6.877434
2zcq_ligand,5.524135
2zcr_ligand,6.2725
2zcs_ligand,4.68368
2zda_ligand,6.936026
2zdk_ligand,6.29096
2zdl_ligand,5.573607
2zdm_ligand,5.655286
2zdn_ligand,5.582889
2zfp_ligand,5.156305
2zfs_ligand,6.281855
2zft_ligand,5.904428
2zgx_ligand,5.854032
2zjw_ligand,5.768636
2zkj_ligand,6.24272
2zmm_ligand,5.926877
2zn7_ligand,5.654905
2zq0_ligand,6.444523
2zq2_ligand,6.376136
2zwz_ligand,4.384553
2zx6_ligand,6.064245
2zx7_ligand,5.215594
2zx8_ligand,5.833908
2zxd_ligand,4.499311
2zy1_ligand,6.318211
2zym_ligand,6.213886
2zz1_ligand,6.838944
2zz2_ligand,6.464399
3a1c_ligand,5.390938
3a1d_ligand,5.291804
3a1e_ligand,5.262735
3a2o_ligand,7.133622
3a5y_ligand,6.47544
3a6t_ligand,6.102625
3aaq_ligand,4.738908
3aau_ligand,4.852478
3acw_ligand,7.507185
3acx_ligand,6.774648
3ag9_ligand,3.970594
3agl_ligand,5.952632
3ai8_ligand,-0.100073
3aid_ligand,6.032126
3alt_ligand,2.414084
3ap4_ligand,3.505205
3aqt_ligand,3.620718
3arp_ligand,6.200059
3arq_ligand,6.423109
3arw_ligand,6.548211
3arx_ligand,4.251738
3axz_ligand,5.889304
3b1m_ligand,7.695506
3b2q_ligand,3.505696
3b3x_ligand,1.62846
3b4p_ligand,6.087412
3b5r_ligand,7.497075
3b7j_ligand,3.030161
3b24_ligand,3.412251
3b25_ligand,5.641796
3b26_ligand,6.038021
3b27_ligand,4.92206
3b50_ligand,5.496503
3b65_ligand,7.815543
3b66_ligand,7.613497
3b67_ligand,7.981415
3b68_ligand,7.59239
3bbb_ligand,3.626891
3bbf_ligand,5.623761
3be9_ligand,8.989465
3bex_ligand,4.393372
3bfu_ligand,4.403783
3bgb_ligand,5.308021
3bgc_ligand,6.025828
3bgq_ligand,6.719641
3bgs_ligand,5.495836
3bgz_ligand,7.723614
3bqc_ligand,6.821246
3bra_ligand,2.449641
3brn_ligand,5.077669
3bu1_ligand,2.76824
3buf_ligand,2.588988
3bug_ligand,3.233255
3buh_ligand,3.629252
3bv9_ligand,6.040352
3bva_ligand,6.040308
3bvb_ligand,6.521048
3bwj_ligand,6.242463
3bxe_ligand,3.1914
3bxf_ligand,4.904413
3bxg_ligand,5.39415
3bxh_ligand,4.790301
3bzf_ligand,5.832493
3c2f_ligand,3.354479
3c2o_ligand,3.910066
3c2r_ligand,3.412735
3c2u_ligand,3.871063
3c4h_ligand,4.5675
3c39_ligand,3.538006
3c79_ligand,3.946334
3c84_ligand,4.947199
3cct_ligand,6.597632
3ccw_ligand,5.851672
3ccz_ligand,5.568754
3cd0_ligand,5.891327
3cd5_ligand,7.107808
3cd7_ligand,6.364509
3cda_ligand,6.014978
3cdb_ligand,5.772881
3cf8_ligand,4.102735
3cfn_ligand,5.803592
3cft_ligand,4.843644
3cj5_ligand,5.588079
3ckb_ligand,3.467859
3cke_ligand,4.076672
3ckp_ligand,6.17162
3ckz_ligand,5.602053
3cl0_ligand,4.643343
3cow_ligand,7.671173
3coy_ligand,7.502764
3coz_ligand,6.99967
3cs7_ligand,6.970374
3ctt_ligand,3.269076
3cyw_ligand,5.255491
3cyx_ligand,8.292287
3cyz_ligand,3.340367
3cz1_ligand,3.809047
3d0b_ligand,7.573754
3d0e_ligand,7.007654
3d1x_ligand,8.304194
3d1y_ligand,8.443424
3d1z_ligand,5.90393
3d2e_ligand,7.762375
3d6o_ligand,3.382581
3d6p_ligand,3.399054
3d7k_ligand,6.965352
3d7z_ligand,8.350726
3d8z_ligand,3.418915
3d78_ligand,3.743431
3d83_ligand,8.553966
3d91_ligand,6.824355
3da9_ligand,6.022419
3djk_ligand,6.563138
3djo_ligand,3.308864
3djp_ligand,3.311452
3djq_ligand,3.549289
3djv_ligand,3.970132
3djx_ligand,3.662933
3dk1_ligand,6.646356
3dnd_ligand,3.271173
3dne_ligand,5.667148
3dp9_ligand,6.506356
3drf_ligand,6.014604
3drg_ligand,7.968783
3dri_ligand,2.842991
3dsz_ligand,4.668988
3dyo_ligand,4.074348
3dzt_ligand,5.594897
3e3c_ligand,3.797874
3e5a_ligand,6.155022
3e5u_ligand,4.37684
3e6y_ligand,4.037625
3e92_ligand,9.229025
3e93_ligand,9.778453
3eax_ligand,2.707427
3eb1_ligand,2.952302
3ebl_ligand,8.340015
3ebo_ligand,6.218915
3ed0_ligand,4.477925
3ebp_ligand,6.587456
3eeb_ligand,5.903504
3eko_ligand,4.651782
3egt_ligand,4.222148
3ekp_ligand,5.406701
3ekr_ligand,5.93868
3ekt_ligand,5.580711
3ekv_ligand,6.508182
3ekw_ligand,7.224553
3ekx_ligand,7.634457
3el1_ligand,7.082507
3el4_ligand,8.18077
3el5_ligand,7.304245
3el9_ligand,7.295733
3eqr_ligand,7.35901
3ery_ligand,5.232155
3evd_ligand,3.741855
3exe_ligand,5.519208
3exh_ligand,5.586796
3f3c_ligand,5.48176
3f3d_ligand,3.845682
3f3e_ligand,4.498922
3f6e_ligand,7.838314
3f8c_ligand,7.299971
3f8f_ligand,6.261672
3f48_ligand,3.667595
3f68_ligand,6.394567
3f70_ligand,1.937324
3f78_ligand,3.839421
3f80_ligand,2.695345
3fas_ligand,4.61563
3fat_ligand,5.446342
3ffg_ligand,8.575293
3fhb_ligand,4.115462
3fj7_ligand,3.28478
3fjg_ligand,3.232507
3fl5_ligand,8.062324
3fqe_ligand,6.665572
3fql_ligand,7.752258
3fuc_ligand,5.535477
3fur_ligand,8.130139
3fuz_ligand,4.077881
3fv1_ligand,7.071708
3fv2_ligand,7.091613
3fv3_ligand,5.336151
3fvh_ligand,4.00599
3fvk_ligand,6.713321
3fvn_ligand,6.490147
3fzn_ligand,8.118446
3fzy_ligand,5.729802
3g0e_ligand,7.201408
3g0i_ligand,2.97011
3g0w_ligand,8.012361
3g1d_ligand,6.651188
3g1v_ligand,6.683306
3g2y_ligand,3.322214
3g2z_ligand,3.066386
3g3r_ligand,4.462016
3g19_ligand,2.979472
3g30_ligand,3.450352
3g31_ligand,2.260132
3g32_ligand,3.766738
3g34_ligand,2.633739
3g35_ligand,5.952815
3ga5_ligand,5.889208
3gba_ligand,7.308035
3gbb_ligand,6.078284
3gbe_ligand,3.334655
3gcp_ligand,7.614216
3gcs_ligand,7.994216
3gcu_ligand,9.707214
3gdt_ligand,2.843585
3ggu_ligand,5.554326
3gi4_ligand,6.490755
3gi5_ligand,6.413666
3gi6_ligand,6.251452
3gjw_ligand,3.750161
3gk1_ligand,2.632229
3gkz_ligand,5.368446
3gm0_ligand,5.628284
3gnw_ligand,8.674853
3gqz_ligand,3.01989
3gr2_ligand,3.326972
3gs6_ligand,3.615389
3gsm_ligand,3.00563
3gss_ligand,4.610447
3gst_ligand,6.363431
3gtc_ligand,2.456657
3gv9_ligand,3.05346
3gvb_ligand,5.533504
3gvu_ligand,9.624875
3gx0_ligand,4.193886
3gy2_ligand,4.792969
3gy3_ligand,5.049362
3gy4_ligand,4.243812
3gy7_ligand,3.736811
3h1x_ligand,2.54926
3h5b_ligand,5.134304
3h8b_ligand,5.413006
3h30_ligand,4.461569
3h78_ligand,4.892339
3h89_ligand,5.34651
3hb4_ligand,8.657551
3hcm_ligand,1.371694
3hek_ligand,7.064714
3hit_ligand,5.111694
3hk1_ligand,4.390579
3hkw_ligand,7.570176
3hky_ligand,7.308688
3hl7_ligand,6.708446
3hl8_ligand,4.700161
3hll_ligand,7.191606
3hmo_ligand,7.353013
3hmp_ligand,4.214487
3hp9_ligand,5.135447
3hu3_ligand,6.540257
3hub_ligand,8.193218
3huc_ligand,6.995337
3hv8_ligand,8.819626
3hvi_ligand,8.279787
3hvj_ligand,7.932258
3hww_ligand,1.712412
3i3b_ligand,3.511019
3i4b_ligand,7.168864
3i5z_ligand,7.539934
3i6o_ligand,8.489113
3i7e_ligand,5.991796
3i9g_ligand,4.305359
3i25_ligand,8.462845
3i60_ligand,7.269846
3i73_ligand,-1.105147
3iae_ligand,8.147023
3ies_ligand,8.54261
3ifl_ligand,4.643043
3ijh_ligand,3.942999
3ikd_ligand,4.650704
3ikg_ligand,5.113262
3imc_ligand,4.229824
3ime_ligand,2.560235
3iob_ligand,5.528189
3ioc_ligand,6.37533
3iod_ligand,4.079611
3ioe_ligand,5.814729
3ip5_ligand,2.686503
3ip6_ligand,3.765513
3ip8_ligand,3.795528
3ip9_ligand,1.850066
3iph_ligand,7.297339
3ipq_ligand,9.757405
3ipu_ligand,6.915073
3iqu_ligand,3.731151
3isj_ligand,5.406107
3iss_ligand,5.796811
3iub_ligand,6.352067
3iue_ligand,6.50882
3ivc_ligand,5.314054
3ivg_ligand,5.658702
3ivx_ligand,6.167845
3iw5_ligand,7.536672
3iw6_ligand,5.672111
3jdw_ligand,1.894311
3jrs_ligand,5.112991
3jrx_ligand,9.50261
3juk_ligand,6.36096
3juo_ligand,5.505506
3jup_ligand,5.445
3jvr_ligand,4.747581
3jvs_ligand,5.513438
3jy0_ligand,5.507896
3jya_ligand,5.660264
3jyr_ligand,6.808468
3jzh_ligand,2.797742
3jzj_ligand,7.355645
3k00_ligand,5.174245
3k1j_ligand,6.901078
3k02_ligand,6.734267
3k4d_ligand,2.754142
3k4q_ligand,3.939128
3k5v_ligand,6.205345
3k8c_ligand,3.935455
3k8o_ligand,4.437823
3k8q_ligand,4.428607
3k37_ligand,5.620374
3k97_ligand,6.16882
3k99_ligand,6.408343
3kdb_ligand,7.994465
3kdc_ligand,8.202515
3kdd_ligand,7.479743
3kdm_ligand,8.787229
3kgp_ligand,3.136679
3kgt_ligand,5.251239
3kgu_ligand,4.929135
3kiv_ligand,1.666855
3kjd_ligand,6.233497
3kku_ligand,3.701664
3kmx_ligand,4.130872
3kmy_ligand,4.029912
3kqr_ligand,2.234391
3kv2_ligand,4.156811
3kyq_ligand,2.520117
3l3l_ligand,6.3375
3l3m_ligand,7.240968
3l4u_ligand,3.547962
3l4v_ligand,3.840616
3l4w_ligand,4.098746
3l4x_ligand,3.609692
3l4y_ligand,3.783218
3l4z_ligand,3.90665
3l59_ligand,4.130095
3ldp_ligand,4.848123
3ldq_ligand,4.723585
3lgs_ligand,5.612405
3liw_ligand,6.389963
3ljo_ligand,5.250491
3lmk_ligand,3.580704
3lp4_ligand,2.906957
3lp7_ligand,4.017361
3lpi_ligand,7.888812
3lpk_ligand,9.210205
3lpl_ligand,3.520572
3lpp_ligand,4.115271
3lq2_ligand,6.060469
3lvw_ligand,3.974597
3lxk_ligand,6.135315
3lzs_ligand,6.238336
3lzu_ligand,5.417001
3lzz_ligand,2.612067
3m3c_ligand,3.561488
3m3z_ligand,4.056701
3m8u_ligand,6.331774
3m35_ligand,6.25011
3m36_ligand,8.64555
3m37_ligand,8.326048
3mam_ligand,1.723226
3mf5_ligand,6.561437
3mfv_ligand,3.652023
3mfw_ligand,3.222045
3mhw_ligand,2.733959
3miy_ligand,5.766151
3mjl_ligand,1.422625
3mof_ligand,2.244575
3ms9_ligand,3.941686
3mss_ligand,4.362654
3muz_ligand,3.870997
3mv0_ligand,3.489868
3mxd_ligand,6.534318
3mxe_ligand,7.003145
3myg_ligand,4.454714
3n1c_ligand,4.001532
3n3g_ligand,3.957522
3n7a_ligand,5.235499
3n7o_ligand,7.578856
3n8k_ligand,5.396342
3n35_ligand,3.394208
3n76_ligand,7.21335
3n86_ligand,8.010374
3nee_ligand,5.122903
3neo_ligand,5.496056
3nes_ligand,4.811085
3nex_ligand,5.577471
3ng4_ligand,3.236906
3nhi_ligand,6.053087
3nht_ligand,4.896276
3nkk_ligand,4.437251
3nox_ligand,4.642375
3npc_ligand,10.179853
3nq3_ligand,3.659487
3nq9_ligand,2.031444
3nsn_ligand,4.893079
3nu3_ligand,6.716679
3nu4_ligand,6.7036
3nu5_ligand,6.253057
3nu6_ligand,6.235777
3nu9_ligand,6.088673
3nuj_ligand,5.966437
3nuo_ligand,6.511188
3nw3_ligand,4.533094
3nyd_ligand,3.149824
3nyx_ligand,7.325044
3o4k_ligand,3.951158
3o5n_ligand,4.948262
3o5x_ligand,3.298519
3o8p_ligand,6.865183
3o9a_ligand,6.728145
3o9d_ligand,7.031151
3o9e_ligand,6.837405
3o9i_ligand,7.038497
3o75_ligand,4.286716
3o84_ligand,6.26618
3o99_ligand,6.822691
3oaf_ligand,5.440887
3ocp_ligand,5.905264
3ocz_ligand,4.648666
3oe4_ligand,6.882889
3oe5_ligand,6.652207
3ok9_ligand,5.377067
3old_ligand,6.347141
3ov1_ligand,4.978651
3ove_ligand,5.429949
3owj_ligand,6.870352
3own_ligand,9.044135
3oy8_ligand,3.032038
3oyw_ligand,3.289091
3ozg_ligand,5.191012
3ozj_ligand,4.542603
3ozp_ligand,5.403292
3ozr_ligand,4.795484
3ozs_ligand,6.823908
3ozt_ligand,7.194663
3p2e_ligand,6.158754
3p3r_ligand,5.209905
3p3s_ligand,4.804582
3p3t_ligand,4.565968
3p5o_ligand,6.321943
3p7i_ligand,2.81676
3p8n_ligand,6.785726
3p8o_ligand,6.224032
3p8p_ligand,3.518453
3p8z_ligand,6.822177
3p9l_ligand,5.839457
3p9m_ligand,6.24816
3p17_ligand,6.172654
3pd9_ligand,5.068343
3pe1_ligand,7.940059
3pe2_ligand,7.913673
3pfp_ligand,4.552258
3pgl_ligand,2.311994
3pju_ligand,10.269516
3pn1_ligand,5.145249
3po1_ligand,5.122038
3ppm_ligand,5.991092
3ppp_ligand,2.755147
3ppq_ligand,1.717984
3ppr_ligand,4.027009
3prs_ligand,6.336349
3pwd_ligand,5.689597
3pwk_ligand,2.529509
3pwm_ligand,6.15577
3pww_ligand,7.999802
3pyy_ligand,6.768123
3q1x_ligand,2.126327
3q2j_ligand,5.172617
3q6w_ligand,8.29412
3q6z_ligand,5.795594
3q7q_ligand,5.119692
3q71_ligand,6.756628
3qaa_ligand,5.171364
3qbc_ligand,4.133798
3qdd_ligand,5.867683
3qfd_ligand,5.781254
3qfy_ligand,3.781488
3qfz_ligand,3.623284
3qgw_ligand,4.991913
3qgy_ligand,4.218908
3qkd_ligand,7.562588
3qlm_ligand,2.635411
3qox_ligand,6.680257
3qps_ligand,5.322229
3qqa_ligand,4.990924
3qqs_ligand,5.534589
3qt6_ligand,5.793057
3qto_ligand,6.634611
3qtv_ligand,6.451239
3qwc_ligand,6.111195
3qx5_ligand,6.816408
3qx9_ligand,4.707889
3qxt_ligand,6.864795
3qxv_ligand,5.68055
3r1v_ligand,4.818717
3r4m_ligand,4.602808
3r4n_ligand,4.872119
3r4p_ligand,6.628218
3r5t_ligand,5.22368
3r6u_ligand,2.515733
3r7o_ligand,7.947705
3r88_ligand,3.807793
3rdo_ligand,5.036891
3rdq_ligand,5.034289
3re4_ligand,4.943006
3rlb_ligand,5.281158
3rlp_ligand,5.056048
3rlq_ligand,5.748043
3rlr_ligand,6.293028
3rm4_ligand,5.239978
3rm9_ligand,5.078724
3roc_ligand,6.515975
3rsx_ligand,5.056789
3ru1_ligand,4.225821
3rux_ligand,9.533783
3rv4_ligand,6.373673
3rv8_ligand,5.294919
3rwp_ligand,6.757771
3s0b_ligand,6.552918
3s0d_ligand,3.457031
3s0e_ligand,4.041635
3s2v_ligand,4.884304
3s5y_ligand,4.042067
3s6t_ligand,5.831195
3s8l_ligand,5.039421
3s8n_ligand,5.44978
3s8o_ligand,5.406166
3s9e_ligand,4.481459
3s43_ligand,6.250161
3s54_ligand,5.008988
3sfg_ligand,1.385938
3sha_ligand,5.95338
3shc_ligand,6.019736
3si3_ligand,5.952141
3si4_ligand,6.390433
3sio_ligand,6.34434
3sk2_ligand,5.689538
3slz_ligand,7.178109
3sm2_ligand,6.045337
3spf_ligand,3.726708
3sr4_ligand,6.358043
3st5_ligand,6.344142
3std_ligand,9.431276
3sur_ligand,4.553438
3sus_ligand,5.050154
3sut_ligand,5.386371
3suu_ligand,5.103966
3suv_ligand,4.53437
3suw_ligand,5.670081
3sv2_ligand,6.323475
3sww_ligand,4.76063
3sxf_ligand,7.344567
3t0b_ligand,4.198248
3t0d_ligand,3.400022
3t0x_ligand,9.379128
3t1a_ligand,9.471217
3t1m_ligand,4.619985
3t2q_ligand,3.190806
3t2w_ligand,4.790997
3t3c_ligand,6.788446
3t3u_ligand,7.242955
3t6b_ligand,5.496012
3t08_ligand,4.176239
3t09_ligand,3.211855
3t60_ligand,6.13805
3t64_ligand,6.191547
3t70_ligand,6.541107
3ta0_ligand,6.612683
3ta1_ligand,7.648512
3tao_ligand,2.950543
3tay_ligand,3.17901
3tb6_ligand,3.880403
3tcg_ligand,4.69096
3td4_ligand,3.454648
3tf6_ligand,3.154054
3tfn_ligand,5.689047
3tfp_ligand,4.487441
3tfu_ligand,5.577969
3th9_ligand,6.640264
3tif_ligand,6.425587
3tkw_ligand,5.898776
3tmk_ligand,8.506782
3ttm_ligand,3.235425
3ttp_ligand,6.147016
3tu7_ligand,7.319883
3twp_ligand,3.204091
3tz0_ligand,3.304758
3tza_ligand,5.413138
3tzm_ligand,8.293314
3u5j_ligand,6.394736
3u5l_ligand,6.808021
3u6h_ligand,8.525425
3u6i_ligand,8.646965
3u8j_ligand,4.337133
3u8k_ligand,4.789479
3u8l_ligand,5.072185
3u8n_ligand,4.96882
3u9q_ligand,3.19596
3u10_ligand,7.85739
3u81_ligand,6.370462
3ubd_ligand,6.56294
3ueu_ligand,3.43324
3uev_ligand,3.72195
3uew_ligand,3.471188
3uex_ligand,3.850652
3ug2_ligand,4.505792
3uil_ligand,1.613497
3uj9_ligand,3.899069
3ujc_ligand,3.690315
3ujd_ligand,3.843702
3umq_ligand,1.061848
3uo4_ligand,6.573035
3uod_ligand,6.672089
3up2_ligand,6.459971
3upk_ligand,6.254956
3upv_ligand,4.064208
3uri_ligand,5.236063
3usx_ligand,1.744435
3utu_ligand,7.274201
3uu1_ligand,4.301606
3uug_ligand,5.518497
3uxd_ligand,3.47945
3uxk_ligand,4.045865
3uxl_ligand,3.295938
3uyr_ligand,3.562867
3uz5_ligand,3.594677
3uzj_ligand,3.454355
3v2n_ligand,4.053739
3v2p_ligand,4.675374
3v2q_ligand,4.245609
3v3q_ligand,-0.71184
3v4t_ligand,6.311584
3v5p_ligand,6.430762
3v5t_ligand,5.913651
3v51_ligand,8.870594
3v78_ligand,8.714802
3vd4_ligand,4.175257
3vd9_ligand,4.144333
3vdb_ligand,2.614494
3veh_ligand,4.959824
3vf5_ligand,6.859743
3vf7_ligand,6.964208
3vfa_ligand,6.19665
3vfb_ligand,6.887977
3vha_ligand,7.680286
3vhc_ligand,8.197793
3vhd_ligand,7.82305
3vhk_ligand,6.455367
3vjc_ligand,7.558864
3vje_ligand,7.286972
3vtr_ligand,3.959538
3vvy_ligand,7.731606
3vw1_ligand,5.605543
3vw2_ligand,6.956716
3vx3_ligand,7.166232
3w5n_ligand,5.022713
3w07_ligand,6.043468
3w9k_ligand,4.251188
3w9r_ligand,5.736437
3w37_ligand,5.394457
3wgg_ligand,6.823688
3wha_ligand,6.122947
3wjw_ligand,7.052053
3wmc_ligand,3.750381
3wtj_ligand,4.637265
3wtl_ligand,4.986862
3wtm_ligand,4.766906
3wto_ligand,4.715183
3wvm_ligand,4.036686
3wz6_ligand,5.529883
3wz7_ligand,6.943717
3wz8_ligand,6.601158
3wzn_ligand,4.969824
3x00_ligand,4.435887
3zbx_ligand,8.255154
3zc5_ligand,8.717573
3zcl_ligand,7.327397
3zdg_ligand,3.571503
3zdh_ligand,4.113409
3zdv_ligand,4.272265
3zhx_ligand,4.247859
3zi0_ligand,4.368336
3zi8_ligand,3.357757
3zj6_ligand,6.231891
3zk6_ligand,5.060249
3zll_ligand,3.853482
3zln_ligand,9.380997
3zlr_ligand,9.105477
3zm9_ligand,5.811657
3zps_ligand,5.792705
3zpu_ligand,7.919919
3zq9_ligand,4.185433
3zqe_ligand,3.711334
3zso_ligand,5.807522
3zsq_ligand,5.452771
3zsx_ligand,5.288006
3zsy_ligand,5.349069
3zt2_ligand,6.85195
3zt3_ligand,6.695806
3zv7_ligand,4.847713
3zxz_ligand,7.603211
3zyf_ligand,3.578394
3zyu_ligand,6.337823
3zze_ligand,7.456899
4a4q_ligand,7.610484
4a4v_ligand,4.975557
4a4w_ligand,6.192485
4a6b_ligand,7.078233
4a6c_ligand,7.583805
4a6l_ligand,7.415396
4a6s_ligand,3.314582
4a7i_ligand,6.027009
4a95_ligand,4.740315
4ab9_ligand,2.694985
4aba_ligand,3.54217
4abb_ligand,3.751891
4abd_ligand,3.905557
4abe_ligand,3.651701
4abf_ligand,3.869084
4abg_ligand,4.053057
4abh_ligand,3.940946
4acc_ligand,5.343966
4aci_ligand,4.092698
4ad2_ligand,4.313512
4ad3_ligand,4.301107
4ad6_ligand,3.789663
4afg_ligand,6.23371
4ag8_ligand,8.49022
4agc_ligand,8.669465
4ahr_ligand,3.59596
4ahs_ligand,4.296217
4ahu_ligand,3.746012
4aj4_ligand,2.893021
4aje_ligand,2.784721
4aji_ligand,3.079252
4ajl_ligand,4.952925
4alx_ligand,7.001459
4aoi_ligand,8.872456
4ap7_ligand,7.693761
4app_ligand,6.978343
4aqh_ligand,5.961774
4ara_ligand,6.10335
4arb_ligand,6.404626
4arw_ligand,5.10989
4asd_ligand,8.782449
4ase_ligand,8.679509
4asj_ligand,6.695828
4att_ligand,4.668768
4auj_ligand,4.86121
4av4_ligand,4.237632
4av5_ligand,5.368886
4avs_ligand,2.18772
4ax9_ligand,6.618358
4ayp_ligand,5.235161
4ayq_ligand,3.536026
4ayu_ligand,2.89217
4az5_ligand,4.581114
4az6_ligand,6.163035
4azb_ligand,5.683306
4azc_ligand,4.380425
4azg_ligand,5.231202
4azi_ligand,6.068688
4b0b_ligand,5.330139
4b1j_ligand,7.481444
4b2i_ligand,3.037053
4b2l_ligand,3.010418
4b3b_ligand,4.331224
4b3c_ligand,2.791796
4b3d_ligand,2.960601
4b5d_ligand,4.625594
4b6o_ligand,6.759179
4b6p_ligand,8.17585
4b6r_ligand,6.190389
4b6s_ligand,8.242889
4b7j_ligand,4.776562
4b7p_ligand,6.794113
4b7r_ligand,4.593431
4b8y_ligand,5.161488
4b9k_ligand,6.775037
4b9z_ligand,4.984025
4b32_ligand,3.810359
4b33_ligand,3.914069
4b34_ligand,1.48945
4b35_ligand,3.651935
4b73_ligand,5.497383
4b74_ligand,6.150037
4b76_ligand,4.725726
4bah_ligand,6.855748
4bak_ligand,6.942412
4bam_ligand,7.243204
4ban_ligand,7.191921
4bao_ligand,6.920337
4baq_ligand,6.905213
4bb9_ligand,5.315916
4bc5_ligand,3.060718
4bck_ligand,4.635645
4bcm_ligand,5.031679
4bcn_ligand,5.002647
4bco_ligand,6.443116
4bcp_ligand,5.624597
4bcs_ligand,6.041136
4bi6_ligand,2.132045
4bi7_ligand,2.369377
4bj8_ligand,5.49294
4bks_ligand,5.619142
4bkt_ligand,4.452089
4bny_ligand,6.710469
4bqg_ligand,5.779399
4bqh_ligand,7.367331
4bqs_ligand,4.599413
4br3_ligand,6.361474
4bs0_ligand,4.004076
4btk_ligand,5.337111
4buq_ligand,3.722258
4c1t_ligand,7.11621
4c1u_ligand,6.423849
4c1y_ligand,3.232463
4c2v_ligand,5.849128
4c5d_ligand,7.112434
4c6u_ligand,3.426371
4c9x_ligand,5.545066
4c52_ligand,6.287097
4cc5_ligand,3.20511
4cd0_ligand,5.90143
4cd4_ligand,5.063292
4cd5_ligand,4.850198
4ceb_ligand,5.653497
4cfl_ligand,6.096884
4cg8_ligand,6.90151
4cg9_ligand,6.644238
4cga_ligand,6.50187
4cgi_ligand,5.387603
4cig_ligand,5.578299
4ciw_ligand,5.521481
4cj4_ligand,5.25684
4cjp_ligand,4.917302
4cjq_ligand,5.367331
4cjr_ligand,5.505506
4ck3_ligand,4.528123
4cl6_ligand,6.080799
4clj_ligand,8.045674
4cmo_ligand,5.563182
4cp5_ligand,3.728541
4cp7_ligand,5.838783
4cpr_ligand,5.804934
4cps_ligand,7.186965
4cpt_ligand,8.012999
4cpw_ligand,7.616481
4cpy_ligand,4.518651
4cpz_ligand,5.951752
4cr5_ligand,4.498937
4cr9_ligand,4.253387
4cra_ligand,6.688732
4crb_ligand,6.349509
4crc_ligand,7.104985
4crf_ligand,7.254516
4crl_ligand,7.824575
4csd_ligand,4.349003
4css_ligand,5.308878
4cst_ligand,5.644076
4cu7_ligand,3.866811
4cu8_ligand,3.888812
4cwf_ligand,5.575652
4cwn_ligand,6.824765
4cwo_ligand,6.821957
4cwp_ligand,7.263519
4cwq_ligand,7.24228
4cwr_ligand,7.619714
4cws_ligand,6.837947
4cwt_ligand,7.113893
4czs_ligand,4.833424
4d1j_ligand,3.616422
4d3h_ligand,9.32011
4d4d_ligand,4.715609
4d7b_ligand,4.61423
4d8z_ligand,4.122126
4da5_ligand,4.723152
4daf_ligand,3.828314
4db7_ligand,4.100169
4dbm_ligand,4.416584
4dcs_ligand,5.785902
4ddh_ligand,4.241019
4ddk_ligand,4.202537
4ddm_ligand,2.437493
4de0_ligand,6.008548
4de1_ligand,5.943284
4de2_ligand,5.857991
4de5_ligand,4.065066
4der_ligand,2.667053
4des_ligand,2.976789
4det_ligand,3.158057
4deu_ligand,4.391994
4dew_ligand,0.502434
4dfg_ligand,6.735814
4djo_ligand,5.844516
4djp_ligand,6.048043
4djq_ligand,5.891672
4djr_ligand,5.13522
4dju_ligand,5.607691
4djv_ligand,6.868204
4djw_ligand,6.28335
4djx_ligand,6.121987
4djy_ligand,6.312529
4dko_ligand,5.784025
4dkp_ligand,5.959413
4dkq_ligand,7.072089
4dkr_ligand,6.522507
4dld_ligand,5.272859
4dmw_ligand,4.517735
4do4_ligand,4.712581
4do5_ligand,3.999567
4dq2_ligand,7.874729
4dst_ligand,2.698658
4dsu_ligand,3.084113
4duh_ligand,6.012163
4dy6_ligand,5.725821
4dzy_ligand,5.094501
4e0x_ligand,5.126474
4e1k_ligand,7.232331
4e4l_ligand,6.828607
4e4n_ligand,6.347537
4e5w_ligand,7.243842
4e6d_ligand,6.274252
4e6q_ligand,6.068365
4e7r_ligand,7.394406
4e9u_ligand,1.805565
4e67_ligand,5.576239
4e70_ligand,4.828196
4ea2_ligand,5.54945
4eb8_ligand,6.237507
4ef6_ligand,3.898321
4efk_ligand,1.592353
4egk_ligand,7.79195
4ehz_ligand,5.259076
4ei4_ligand,6.090227
4ej8_ligand,2.212903
4ejl_ligand,2.800205
4ek9_ligand,4.875587
4elf_ligand,7.726796
4elg_ligand,7.731752
4elh_ligand,7.274912
4emf_ligand,5.691965
4emr_ligand,5.320264
4en4_ligand,3.006921
4eo6_ligand,5.600125
4eo8_ligand,5.511151
4eoh_ligand,1.888651
4eor_ligand,5.939245
4epy_ligand,4.343013
4er1_ligand,6.753277
4er2_ligand,5.122082
4erf_ligand,4.417177
4etz_ligand,4.9639
4eu0_ligand,5.307265
4euo_ligand,3.467258
4ew2_ligand,4.890792
4ew3_ligand,4.727104
4ewn_ligand,4.223328
4ezr_ligand,4.830044
4ezx_ligand,4.375374
4ezz_ligand,4.918974
4f0c_ligand,4.627669
4f1l_ligand,6.012104
4f2w_ligand,6.310139
4f3c_ligand,6.489172
4f3k_ligand,5.708724
4f5y_ligand,7.845704
4f6u_ligand,8.149692
4f6w_ligand,9.98805
4f7v_ligand,8.722383
4f9y_ligand,7.239245
4f09_ligand,5.330572
4fcq_ligand,4.28577
4fev_ligand,5.847625
4few_ligand,5.445946
4ffs_ligand,6.392434
4fht_ligand,4.258915
4fk6_ligand,6.670902
4fl1_ligand,4.320528
4fl2_ligand,5.766767
4flp_ligand,5.7925
4fnn_ligand,2.161268
4fp1_ligand,3.869905
4fs4_ligand,6.200513
4fsl_ligand,6.660073
4fxp_ligand,6.043922
4fxq_ligand,6.484289
4fys_ligand,5.81088
4fzj_ligand,0.951129
4g0p_ligand,3.21846
4g0q_ligand,3.319289
4g0y_ligand,3.558475
4g0z_ligand,3.395271
4g4p_ligand,4.855931
4g5f_ligand,4.042265
4g8m_ligand,5.408101
4g8n_ligand,4.876122
4g8v_ligand,1.443211
4g8y_ligand,2.946195
4g90_ligand,2.074032
4g95_ligand,6.016004
4gah_ligand,4.394091
4ge1_ligand,3.957361
4gfm_ligand,5.371444
4gfo_ligand,5.359274
4gg7_ligand,7.38099
4ggz_ligand,6.020301
4ghi_ligand,7.294377
4gid_ligand,7.921261
4gih_ligand,6.102493
4gii_ligand,6.324509
4gj2_ligand,6.494787
4gj3_ligand,6.593922
4gkh_ligand,6.67607
4gki_ligand,5.070777
4gkm_ligand,5.340828
4gny_ligand,3.828226
4gq4_ligand,6.02456
4gqp_ligand,5.126378
4gqq_ligand,2.82651
4gu6_ligand,6.052287
4gqr_ligand,4.244304
4gu9_ligand,4.333365
4gue_ligand,6.798343
4gzp_ligand,3.5689
4gzt_ligand,3.142889
4gzw_ligand,4.177405
4gzx_ligand,4.262529
4h3f_ligand,8.046848
4h3g_ligand,8.218893
4h3j_ligand,7.748182
4h7q_ligand,3.099435
4h42_ligand,3.193292
4h75_ligand,3.387889
4h81_ligand,4.472757
4h85_ligand,3.295762
4ha5_ligand,5.213109
4hbm_ligand,6.223328
4hdb_ligand,5.501261
4hdf_ligand,6.099626
4hdp_ligand,7.062573
4heg_ligand,5.97
4hfp_ligand,6.428988
4hge_ligand,6.53937
4hj2_ligand,3.718387
4hla_ligand,6.133087
4hp0_ligand,4.971364
4hpi_ligand,4.227735
4hw3_ligand,7.041056
4hy1_ligand,6.237669
4hym_ligand,4.086672
4hzm_ligand,3.902251
4i3z_ligand,5.076364
4i5c_ligand,6.728878
4i7j_ligand,3.945601
4i7k_ligand,4.243658
4i7l_ligand,4.018548
4i7m_ligand,3.847185
4i7p_ligand,2.363145
4i8n_ligand,5.157111
4i8w_ligand,5.058072
4i8x_ligand,3.860953
4i8z_ligand,5.657559
4i9h_ligand,6.147361
4i9u_ligand,3.926166
4i54_ligand,6.864069
4ibb_ligand,4.888284
4ibc_ligand,5.226122
4ibd_ligand,5.137859
4ibe_ligand,4.721415
4ibf_ligand,4.024985
4ibg_ligand,5.458328
4ibi_ligand,5.959531
4ibj_ligand,6.088233
4ibk_ligand,5.512874
4idn_ligand,8.442155
4ido_ligand,8.120139
4ieh_ligand,7.415
4ih5_ligand,4.224326
4ih6_ligand,5.470147
4iic_ligand,4.01846
4iid_ligand,3.922742
4iie_ligand,1.882221
4iif_ligand,4.624098
4ij1_ligand,5.28357
4io2_ligand,4.408446
4io3_ligand,4.051085
4io4_ligand,3.615374
4io5_ligand,3.425535
4io6_ligand,3.791173
4io7_ligand,4.945015
4ipi_ligand,3.176056
4ipj_ligand,2.973805
4ipn_ligand,4.263974
4ish_ligand,8.219267
4isi_ligand,6.996906
4isu_ligand,4.290154
4iuo_ligand,5.190403
4iva_ligand,6.579868
4ivb_ligand,7.17989
4ivc_ligand,7.190806
4ivd_ligand,6.530235
4j7d_ligand,6.091767
4j7e_ligand,4.727309
4j28_ligand,4.46846
4j93_ligand,5.500931
4jal_ligand,5.759348
4jfk_ligand,5.195315
4jfm_ligand,4.78651
4jfs_ligand,4.515836
4jh0_ligand,4.448233
4jia_ligand,6.792199
4jkw_ligand,2.55695
4jn2_ligand,6.439457
4jne_ligand,7.495587
4jwk_ligand,2.581965
4jx9_ligand,2.963211
4jxs_ligand,5.047595
4jyb_ligand,6.412617
4jyc_ligand,5.612089
4jym_ligand,4.456826
4jyt_ligand,5.721745
4jz1_ligand,7.195887
4jzi_ligand,5.736848
4k0y_ligand,6.996818
4k3h_ligand,8.438996
4k4j_ligand,8.125015
4k6i_ligand,9.331752
4k7i_ligand,2.528094
4k7n_ligand,3.301239
4k7o_ligand,2.297251
4k9y_ligand,9.89404
4k18_ligand,6.783834
4k55_ligand,1.328277
4k77_ligand,5.268226
4kao_ligand,8.109633
4kax_ligand,7.742375
4kb9_ligand,6.570015
4kcx_ligand,4.21085
4kfq_ligand,4.504274
4kiu_ligand,6.27846
4km0_ligand,5.04357
4km2_ligand,4.553057
4kmz_ligand,6.927353
4kn0_ligand,7.243614
4kn1_ligand,6.87456
4ko8_ligand,6.586848
4kow_ligand,6.316877
4kqp_ligand,4.838409
4ks1_ligand,4.935982
4ks4_ligand,4.26357
4ksy_ligand,9.212537
4kwf_ligand,5.871217
4kwg_ligand,2.423013
4kxn_ligand,5.97654
4kz3_ligand,3.728776
4kz4_ligand,3.751921
4kz6_ligand,3.737933
4kz7_ligand,4.114377
4l4v_ligand,6.284787
4l4z_ligand,4.234062
4l9i_ligand,5.37945
4l50_ligand,4.878578
4l51_ligand,4.329714
4lar_ligand,4.828607
4lhm_ligand,4.842933
4lhv_ligand,6.656891
4lj5_ligand,5.509648
4lj8_ligand,6.032713
4ljh_ligand,4.046525
4lk7_ligand,4.264699
4lkk_ligand,3.776378
4lko_ligand,4.640477
4ll3_ligand,5.522412
4loh_ligand,10.871261
4loi_ligand,10.541481
4loo_ligand,7.193974
4lov_ligand,4.291628
4loy_ligand,7.466987
4lrr_ligand,2.68478
4luz_ligand,5.72151
4lvt_ligand,7.935579
4lxd_ligand,7.126979
4ly9_ligand,8.585396
4lyw_ligand,4.562067
4lzr_ligand,5.065645
4lzs_ligand,4.307947
4m0e_ligand,8.528204
4m0f_ligand,9.295865
4m0r_ligand,6.581503
4m0y_ligand,5.313585
4m6u_ligand,1.579809
4m7j_ligand,4.281987
4m8e_ligand,8.395587
4m8h_ligand,8.245858
4m8x_ligand,4.504201
4m8y_ligand,5.390015
4m12_ligand,7.926195
4m13_ligand,8.130755
4m14_ligand,4.588072
4mc1_ligand,7.445982
4mc2_ligand,7.441158
4mc6_ligand,7.781598
4mc9_ligand,6.904729
4mdn_ligand,6.991004
4mgd_ligand,5.677317
4mhz_ligand,2.795125
4mjp_ligand,4.930521
4mme_ligand,6.696848
4mmm_ligand,2.876298
4mmp_ligand,5.46563
4mn3_ligand,5.872251
4mnp_ligand,5.302383
4mo4_ligand,3.992515
4mpn_ligand,5.130374
4mq6_ligand,6.141686
4mr3_ligand,4.125755
4mr6_ligand,4.524663
4mre_ligand,2.856312
4mrg_ligand,3.785909
4mss_ligand,4.383878
4muf_ligand,6.866584
4mul_ligand,6.931488
4muv_ligand,8.67055
4myd_ligand,4.818526
4n5d_ligand,3.685726
4n6g_ligand,4.54621
4n6z_ligand,5.72805
4n7m_ligand,5.036554
4n7u_ligand,1.476877
4n8q_ligand,3.148035
4n9a_ligand,3.717588
4n9c_ligand,3.989692
4na9_ligand,7.276188
4nbk_ligand,5.93195
4nbl_ligand,6.15857
4nbn_ligand,6.995103
4ncn_ligand,7.635147
4ndu_ligand,3.551664
4nh7_ligand,8.286078
4nh8_ligand,7.956393
4nkt_ligand,4.806122
4nku_ligand,4.437852
4nl1_ligand,3.157207
4nnr_ligand,5.853805
4non_ligand,4.77187
4np2_ligand,3.082302
4np3_ligand,3.616532
4np9_ligand,2.410403
4nra_ligand,3.865169
4nuc_ligand,4.640132
4nue_ligand,4.880924
4nvp_ligand,7.770455
4nwc_ligand,4.451891
4nxu_ligand,4.323189
4nxv_ligand,4.253233
4o0a_ligand,5.936913
4o0b_ligand,9.734384
4o0x_ligand,7.689861
4o0y_ligand,5.942185
4o2b_ligand,7.345887
4o2c_ligand,6.390374
4o2p_ligand,6.009421
4o3f_ligand,5.506657
4o04_ligand,8.069289
4o05_ligand,9.116796
4o6w_ligand,5.098057
4o07_ligand,9.683438
4o9v_ligand,6.954106
4o9w_ligand,3.751012
4o09_ligand,8.884531
4o61_ligand,2.667016
4o97_ligand,5.75184
4oag_ligand,3.848174
4ocq_ligand,4.707104
4oct_ligand,1.480674
4og3_ligand,4.908372
4og4_ligand,5.009223
4ogj_ligand,4.714575
4oiv_ligand,7.262603
4oks_ligand,5.384428
4oma_ligand,5.793783
4omc_ligand,6.301488
4omj_ligand,6.26434
4omk_ligand,5.942845
4or4_ligand,4.801378
4or6_ligand,3.804245
4ovf_ligand,4.274289
4ovg_ligand,4.035037
4ovh_ligand,3.891261
4owm_ligand,3.407207
4owv_ligand,3.143057
4ozj_ligand,6.670609
4p3h_ligand,4.355279
4p5d_ligand,8.132265
4p5z_ligand,8.536422
4p6c_ligand,3.198079
4p6w_ligand,8.176173
4p6x_ligand,7.327647
4p58_ligand,4.375381
4pb2_ligand,4.637559
4pcs_ligand,5.026745
4pee_ligand,5.432559
4pf5_ligand,3.829413
4pft_ligand,6.82423
4pfu_ligand,5.465557
4pg9_ligand,7.304729
4phu_ligand,6.246041
4pin_ligand,3.423783
4pmm_ligand,8.815748
4pnu_ligand,4.4089
4poh_ligand,8.261488
4poj_ligand,8.603306
4pop_ligand,5.637522
4pow_ligand,6.193614
4pox_ligand,5.394362
4pp0_ligand,6.18566
4pp3_ligand,8.545528
4pp5_ligand,7.704707
4psb_ligand,7.173732
4pvx_ligand,6.093189
4pvy_ligand,6.732603
4pzv_ligand,6.784589
4q0k_ligand,7.482999
4q1w_ligand,6.856092
4q1x_ligand,6.892881
4q1y_ligand,6.784523
4q3t_ligand,3.468043
4q3u_ligand,4.06871
4q9o_ligand,8.337903
4q19_ligand,4.802302
4q46_ligand,4.713072
4q93_ligand,4.66956
4qac_ligand,7.667016
4qb3_ligand,5.336254
4qd6_ligand,4.183688
4qdk_ligand,6.002999
4qem_ligand,3.569927
4qer_ligand,4.676672
4qev_ligand,5.82327
4qew_ligand,5.886518
4qf7_ligand,3.364238
4qf8_ligand,2.110762
4qf9_ligand,3.889377
4qfl_ligand,5.172258
4qfn_ligand,4.259098
4qfo_ligand,4.448248
4qfp_ligand,3.961378
4qgd_ligand,2.848526
4qgi_ligand,8.33489
4qij_ligand,7.74632
4ql1_ligand,6.973182
4qnb_ligand,7.381833
4qp2_ligand,3.83272
4qpd_ligand,5.791921
4qrh_ligand,7.406378
4qsu_ligand,2.69478
4qsv_ligand,3.218622
4qxo_ligand,7.00162
4qyy_ligand,8.277955
4r0a_ligand,5.768218
4r3w_ligand,4.53838
4r4c_ligand,6.527023
4r4i_ligand,5.883812
4r4o_ligand,4.661114
4r4t_ligand,5.72294
4r06_ligand,7.204758
4r73_ligand,6.566576
4r74_ligand,5.054575
4r75_ligand,6.096811
4ra1_ligand,5.12349
4rak_ligand,8.561173
4rd0_ligand,6.874765
4rd3_ligand,6.929516
4rd6_ligand,6.582053
4rdn_ligand,4.129509
4re2_ligand,3.677456
4re4_ligand,3.881488
4rfm_ligand,8.436466
4rfr_ligand,6.920601
4rhx_ligand,5.255997
4rj8_ligand,6.024304
4rlt_ligand,5.699516
4rlu_ligand,5.555007
4rlw_ligand,5.437016
4rpn_ligand,4.993204
4rpo_ligand,4.829883
4rqk_ligand,4.737889
4rqv_ligand,5.179252
4rr6_ligand,6.200073
4rra_ligand,6.083695
4rrf_ligand,6.346694
4rrg_ligand,4.945117
4rsk_ligand,3.394575
4rvr_ligand,4.510726
4rwj_ligand,7.481056
4rww_ligand,8.949721
4ryd_ligand,6.220286
4s1g_ligand,7.489223
4sga_ligand,5.384553
4std_ligand,7.348189
4tim_ligand,2.277757
4tjz_ligand,3.050799
4tkb_ligand,3.16368
4tkh_ligand,3.588754
4tkj_ligand,3.813732
4tmk_ligand,7.394274
4tpw_ligand,3.771129
4tqn_ligand,5.12574
4trc_ligand,2.644304
4ts1_ligand,3.279113
4tt2_ligand,3.046283
4tte_ligand,3.834861
4tu4_ligand,4.646569
4tun_ligand,-0.323292
4ty6_ligand,6.572999
4ty7_ligand,6.918739
4tz2_ligand,4.661701
4u0f_ligand,6.242661
4u0w_ligand,6.481041
4u5n_ligand,4.000367
4u5o_ligand,2.72121
4u5s_ligand,2.879384
4u8w_ligand,5.378138
4u43_ligand,4.786716
4u54_ligand,2.612427
4ua8_ligand,6.092023
4uac_ligand,6.615887
4ual_ligand,6.528468
4uc5_ligand,5.080506
4ucc_ligand,4.064406
4ufi_ligand,4.052881
4ufj_ligand,4.841972
4ufk_ligand,3.810359
4ufl_ligand,3.960235
4ufm_ligand,4.663123
4uin_ligand,5.748094
4uj1_ligand,6.142962
4uj2_ligand,6.876474
4uja_ligand,5.769509
4ujb_ligand,7.096972
4uma_ligand,2.71574
4umb_ligand,3.077749
4umc_ligand,3.051635
4und_ligand,7.989545
4unp_ligand,5.210843
4uof_ligand,4.705088
4uoh_ligand,5.286518
4ury_ligand,5.152236
4urz_ligand,5.762522
4us3_ligand,6.681943
4uye_ligand,5.358768
4uyf_ligand,6.58794
4v01_ligand,9.282559
4v24_ligand,8.371004
4v27_ligand,4.091386
4w9c_ligand,5.36489
4w9d_ligand,5.687324
4w9f_ligand,5.717471
4w9h_ligand,5.84827
4w9i_ligand,5.975594
4w9j_ligand,5.795293
4w9k_ligand,6.286342
4w9l_ligand,5.860418
4w9o_ligand,6.098768
4w9p_ligand,6.32
4w52_ligand,3.725609
4w97_ligand,7.230205
4wa9_ligand,7.555968
4wiv_ligand,5.619054
4wk1_ligand,8.606562
4wkb_ligand,6.180931
4wkn_ligand,6.01478
4wko_ligand,5.869413
4wkp_ligand,5.393394
4wn5_ligand,5.228614
4wop_ligand,4.955367
4wov_ligand,5.297067
4wrb_ligand,6.18
4wt2_ligand,7.192852
4x5p_ligand,5.093768
4x5q_ligand,6.231349
4x5r_ligand,5.125029
4x5y_ligand,6.279765
4x5z_ligand,5.973878
4x6m_ligand,7.683629
4x6n_ligand,8.036613
4x6o_ligand,7.343196
4x8o_ligand,10.524348
4x8u_ligand,3.815418
4x8v_ligand,6.28206
4x24_ligand,6.77371
4xaq_ligand,5.958827
4x50_ligand,5.777412
4xar_ligand,5.856122
4xas_ligand,6.453013
4xip_ligand,7.391716
4xiq_ligand,8.365594
4xir_ligand,8.066782
4xit_ligand,8.902581
4xk9_ligand,11.917647
4xmb_ligand,7.14651
4xmr_ligand,4.33107
4xo8_ligand,4.094809
4xoc_ligand,4.243732
4xoe_ligand,4.543336
4xt2_ligand,8.685667
4xtv_ligand,9.311701
4xtw_ligand,8.621327
4xtx_ligand,8.711694
4xty_ligand,9.228006
4xtz_ligand,8.737529
4xu0_ligand,8.517881
4xu1_ligand,9.201158
4xu2_ligand,8.095469
4xu3_ligand,6.82893
4xy8_ligand,5.251774
4xxh_ligand,6.390022
4xya_ligand,5.431694
4y0a_ligand,4.047661
4y2q_ligand,4.570755
4y3j_ligand,2.487852
4y4j_ligand,2.071928
4y3y_ligand,2.067405
4y5d_ligand,6.659831
4y59_ligand,5.58184
4y8x_ligand,7.238138
4y79_ligand,5.193548
4ybk_ligand,6.97706
4yb5_ligand,4.436994
4yc0_ligand,5.84239
4yhm_ligand,5.878724
4yes_ligand,6.929963
4yho_ligand,6.866048
4yk0_ligand,4.264677
4ykj_ligand,3.346657
4ykk_ligand,2.933167
4ymb_ligand,5.75132
4ymg_ligand,6.105872
4ymh_ligand,6.484934
4yml_ligand,6.315029
4ymq_ligand,6.987097
4ymx_ligand,5.161246
4ynb_ligand,7.007089
4ynl_ligand,4.0075
4ysl_ligand,3.828196
4yth_ligand,5.966562
4ytc_ligand,6.43349
4yzu_ligand,6.538886
4z2b_ligand,8.150022
4z0k_ligand,7.032185
4z07_ligand,6.366928
4z83_ligand,6.219413
4z84_ligand,5.781833
4z93_ligand,6.531334
4zae_ligand,6.948556
4zb6_ligand,4.90085
4zb8_ligand,4.885535
4zbf_ligand,7.681957
4zba_ligand,4.964348
4zbi_ligand,7.849985
4zcs_ligand,6.238534
4zeb_ligand,6.50371
4zec_ligand,6.154699
4zei_ligand,5.15901
4zek_ligand,5.152368
4zgk_ligand,4.621173
4zji_ligand,7.909553
4zip_ligand,7.008094
4zl4_ligand,6.070909
4zls_ligand,6.212053
4zow_ligand,3.74846
4zt8_ligand,2.168182
4zv1_ligand,5.256877
4zv2_ligand,4.579714
4zvi_ligand,4.438218
4zzd_ligand,4.62011
4zyf_ligand,6.971466
4zzx_ligand,5.653834
4zzy_ligand,7.906122
4zzz_ligand,5.478548
5a2i_ligand,3.282258
5a5q_ligand,3.661672
5a6k_ligand,4.768908
5a6x_ligand,3.81934
5a81_ligand,4.636694
5aa9_ligand,7.810117
5aan_ligand,4.472463
5acy_ligand,6.355858
5afv_ligand,3.690645
5ahw_ligand,6.850022
5alb_ligand,7.791166
5am6_ligand,5.849729
5am7_ligand,5.604648
5ant_ligand,5.591628
5anu_ligand,7.189472
5anv_ligand,6.415894
5aqz_ligand,4.920748
5aut_ligand,6.216826
5ave_ligand,3.900279
5avf_ligand,3.897837
5ayt_ligand,5.074252
5b2d_ligand,4.350762
5b5f_ligand,5.905198
5b5g_ligand,5.09846
5boj_ligand,4.122383
5bry_ligand,5.726738
5bs4_ligand,6.204062
5btv_ligand,3.069384
5btx_ligand,3.981525
5bv3_ligand,6.188966
5bw4_ligand,5.589611
5bwc_ligand,4.704509
5c1m_ligand,8.180975
5c8n_ligand,5.475696
5cap_ligand,5.684245
5caq_ligand,5.799641
5cas_ligand,6.24868
5cau_ligand,6.206848
5cbr_ligand,6.577375
5cbs_ligand,5.737874
5cc2_ligand,6.019003
5cep_ligand,5.876158
5ceq_ligand,5.787742
5chk_ligand,6.773152
5cj6_ligand,6.464457
5cks_ligand,3.840396
5cp5_ligand,6.15478
5cp9_ligand,2.010125
5cqt_ligand,5.504553
5cqu_ligand,4.531342
5cs3_ligand,3.047977
5cs6_ligand,2.322287
5cso_ligand,4.860645
5csp_ligand,4.509751
5cst_ligand,4.82563
5ct2_ligand,3.518812
5cu4_ligand,7.442625
5cy9_ligand,4.956063
5d0c_ligand,5.202361
5d0r_ligand,5.559164
5d3h_ligand,4.326694
5d3j_ligand,4.743732
5d3l_ligand,4.556356
5d3n_ligand,5.17967
5d3p_ligand,5.593394
5d3t_ligand,4.90816
5d3x_ligand,3.594128
5d6j_ligand,7.837097
5d21_ligand,3.605279
5d24_ligand,5.694626
5d25_ligand,4.676298
5d26_ligand,4.733629
5d45_ligand,6.98063
5d47_ligand,5.086547
5d48_ligand,6.925623
5dbm_ligand,5.667639
5dex_ligand,5.604326
5dey_ligand,7.818548
5dfp_ligand,7.284333
5dgu_ligand,6.318915
5dgw_ligand,5.852749
5dhu_ligand,5.888109
5dit_ligand,5.690887
5dkn_ligand,3.644538
5dlx_ligand,5.448966
5dq8_ligand,5.549186
5dnu_ligand,4.925154
5dqc_ligand,8.331745
5dqe_ligand,4.645557
5dqf_ligand,4.496239
5dus_ligand,7.120264
5duw_ligand,3.131239
5dw2_ligand,3.68978
5dwr_ligand,7.701151
5dx4_ligand,4.933314
5dxt_ligand,6.709714
5dyo_ligand,7.521965
5e1s_ligand,6.292493
5e2l_ligand,5.137984
5e2o_ligand,6.452434
5e2p_ligand,7.349824
5e6o_ligand,4.927911
5e7n_ligand,3.701356
5e8f_ligand,3.54706
5e13_ligand,4.230652
5e73_ligand,5.34033
5e74_ligand,5.156657
5e89_ligand,4.953702
5ect_ligand,6.403321
5edb_ligand,6.63926
5edc_ligand,6.537111
5edd_ligand,5.650858
5edl_ligand,4.840718
5efa_ligand,4.015337
5efc_ligand,3.752082
5egm_ligand,7.648336
5egu_ligand,5.197779
5ehq_ligand,10.429223
5ehr_ligand,7.59618
5ei3_ligand,5.276371
5eis_ligand,4.949252
5el9_ligand,3.849069
5elw_ligand,3.944575
5en3_ligand,4.128666
5eng_ligand,4.483167
5ep7_ligand,4.174128
5epl_ligand,5.810176
5eq1_ligand,3.947837
5eqe_ligand,5.345806
5eqp_ligand,4.527845
5eqy_ligand,6.053182
5er1_ligand,4.399853
5er2_ligand,6.04033
5er4_ligand,3.090579
5etb_ligand,4.417295
5etj_ligand,6.175359
5eu1_ligand,5.838893
5evz_ligand,6.345982
5ewk_ligand,5.203695
5ewy_ligand,5.132625
5exl_ligand,6.410565
5exm_ligand,6.60577
5exn_ligand,7.29217
5exw_ligand,7.813864
5ey0_ligand,4.948248
5ey4_ligand,4.015557
5eyr_ligand,7.541994
5f0f_ligand,6.871547
5f1h_ligand,6.088292
5f1r_ligand,7.404648
5f1v_ligand,2.220205
5f1x_ligand,7.572837
5f2p_ligand,4.447053
5f2r_ligand,7.143556
5f2u_ligand,5.346796
5f5z_ligand,6.5236
5f8y_ligand,3.402353
5f08_ligand,7.536613
5f9b_ligand,4.042441
5f25_ligand,5.114582
5f60_ligand,5.771987
5f61_ligand,6.720205
5f62_ligand,5.821562
5f63_ligand,6.469472
5f74_ligand,4.358182
5fbi_ligand,3.858013
5fck_ligand,7.200755
5fcz_ligand,4.444956
5fe6_ligand,3.984172
5fe7_ligand,3.968526
5fe9_ligand,4.939553
5fh7_ligand,6.233805
5fh8_ligand,5.749348
5fhn_ligand,8.963959
5fho_ligand,7.905323
5fnc_ligand,5.020381
5fnd_ligand,4.351466
5fnf_ligand,4.529472
5fnr_ligand,5.743651
5fns_ligand,6.373196
5fnt_ligand,7.512434
5fnu_ligand,8.416246
5fog_ligand,4.781371
5fol_ligand,6.006569
5fot_ligand,4.448482
5fou_ligand,4.520704
5fov_ligand,3.839003
5fox_ligand,4.327023
5fpk_ligand,4.786085
5fs5_ligand,3.855682
5fsc_ligand,2.444421
5fsn_ligand,4.203842
5fso_ligand,3.469978
5fsx_ligand,5.742845
5fsy_ligand,7.261195
5ftg_ligand,5.840418
5fto_ligand,8.509765
5fut_ligand,4.915748
5fyx_ligand,4.247845
5g1z_ligand,4.252955
5g2g_ligand,6.299355
5g5f_ligand,2.512478
5g5z_ligand,4.98849
5g45_ligand,4.486114
5g46_ligand,3.075528
5g60_ligand,4.718768
5g61_ligand,4.10044
5gmh_ligand,5.878248
5gs9_ligand,5.107229
5gsa_ligand,6.579018
5h5f_ligand,6.898754
5h8e_ligand,6.759391
5h8g_ligand,6.717031
5h9r_ligand,4.696811
5h85_ligand,3.826327
5ha1_ligand,6.008805
5hbn_ligand,3.018996
5hbs_ligand,6.642361
5hct_ligand,5.636576
5hcv_ligand,10.445257
5hcy_ligand,7.206957
5hjq_ligand,2.412808
5hrv_ligand,6.202632
5hrw_ligand,5.870125
5hrx_ligand,5.825894
5htl_ligand,8.943482
5htz_ligand,6.982251
5hu9_ligand,10.30294
5hva_ligand,4.828563
5hvs_ligand,7.159003
5hvt_ligand,6.864927
5hwu_ligand,5.336554
5hwv_ligand,4.600477
5hz5_ligand,8.152815
5hz6_ligand,7.463453
5hz8_ligand,7.907603
5hz9_ligand,6.371034
5i1q_ligand,6.204875
5i2e_ligand,6.039707
5i2f_ligand,3.63912
5i3v_ligand,6.372361
5i3w_ligand,9.208101
5i3x_ligand,7.165543
5i3y_ligand,7.669157
5i7x_ligand,5.744729
5i7y_ligand,6.414128
5i9x_ligand,6.240887
5i9y_ligand,7.047647
5i9z_ligand,6.441694
5i29_ligand,6.160806
5i80_ligand,5.589076
5i88_ligand,5.961408
5ia0_ligand,6.548886
5ia1_ligand,6.546444
5ia2_ligand,7.631554
5ia3_ligand,7.187933
5ia4_ligand,8.304714
5ia5_ligand,9.119802
5ie1_ligand,5.213446
5igm_ligand,6.381628
5ih9_ligand,6.070029
5ihh_ligand,5.105762
5ii2_ligand,5.665396
5ijr_ligand,3.052801
5ikb_ligand,5.702749
5ime_ligand,6.417815
5ioz_ligand,6.252801
5ipc_ligand,6.445682
5ipj_ligand,7.350139
5irr_ligand,6.167207
5isz_ligand,8.837449
5ito_ligand,4.948944
5itp_ligand,5.022735
5ivc_ligand,5.029479
5ive_ligand,6.559355
5ivv_ligand,4.517683
5ivy_ligand,4.907493
5iyy_ligand,3.751584
5izf_ligand,5.623842
5izj_ligand,4.661642
5j0d_ligand,5.710557
5j1r_ligand,5.484296
5j1x_ligand,3.652192
5j2x_ligand,6.065029
5j3l_ligand,5.560682
5j6a_ligand,5.509538
5j6l_ligand,6.358658
5j6m_ligand,6.633548
5j6n_ligand,6.437053
5j7q_ligand,3.629927
5j7w_ligand,5.173438
5j8m_ligand,5.671305
5j8u_ligand,5.78085
5j9x_ligand,6.371708
5j20_ligand,6.76349
5j27_ligand,6.231481
5j41_ligand,5.340359
5j64_ligand,6.044142
5j82_ligand,6.566972
5j86_ligand,6.92566
5ja0_ligand,5.376899
5jfp_ligand,7.01176
5jfu_ligand,7.125938
5jg1_ligand,7.408343
5jgi_ligand,3.627683
5jgq_ligand,3.47695
5jhb_ligand,5.059172
5jhk_ligand,3.606246
5ji8_ligand,3.472999
5jop_ligand,4.625491
5jox_ligand,2.777529
5jq5_ligand,6.507229
5jsg_ligand,5.749905
5jsj_ligand,5.44423
5jsq_ligand,4.237214
5jy3_ligand,8.520572
5jzi_ligand,7.470858
5k0h_ligand,6.529912
5k0m_ligand,7.17338
5k03_ligand,5.087133
5k8s_ligand,7.362397
5k9w_ligand,5.10033
5ka1_ligand,5.015594
5ka7_ligand,5.111092
5ka9_ligand,4.480579
5kab_ligand,3.60489
5kad_ligand,4.48588
5kat_ligand,5.216642
5kax_ligand,6.613636
5kby_ligand,6.916957
5kcb_ligand,5.74011
5kej_ligand,2.891283
5khm_ligand,7.57187
5kly_ligand,6.693988
5km9_ligand,4.019611
5kma_ligand,5.52838
5ko1_ligand,5.763262
5ko5_ligand,3.667933
5kqx_ligand,8.10357
5kqy_ligand,6.82651
5kr0_ligand,6.118174
5kr1_ligand,6.666979
5kr2_ligand,8.198636
5kva_ligand,6.67305
5kz0_ligand,6.201987
5l2s_ligand,7.166041
5l3a_ligand,3.840931
5l4i_ligand,3.903028
5l4j_ligand,4.26445
5l4m_ligand,3.601232
5l7e_ligand,6.957669
5l7g_ligand,7.06838
5l7h_ligand,10.16022
5l8a_ligand,6.134435
5l9g_ligand,5.498512
5l9i_ligand,6.370257
5l9l_ligand,5.335132
5l9o_ligand,5.192698
5l30_ligand,8.11643
5ld8_ligand,4.443908
5ldm_ligand,2.569736
5ldp_ligand,3.367676
5lli_ligand,6.227412
5lne_ligand,4.080755
5lny_ligand,7.972265
5lom_ligand,6.216884
5lsg_ligand,4.930799
5lsh_ligand,3.747661
5lso_ligand,6.29415
5ltn_ligand,-0.428065
5lud_ligand,2.456085
5lvl_ligand,5.804912
5lvq_ligand,4.68772
5lvr_ligand,3.710095
5lwm_ligand,5.807119
5lyr_ligand,4.557867
5lz4_ligand,5.661789
5lz5_ligand,6.290235
5lz7_ligand,6.252082
5m04_ligand,6.101136
5m5d_ligand,4.431085
5m7s_ligand,4.864472
5m7u_ligand,5.513519
5m17_ligand,4.432925
5m23_ligand,4.498732
5m25_ligand,4.899179
5m28_ligand,5.704714
5m77_ligand,4.498512
5mby_ligand,3.301957
5meh_ligand,3.202023
5mek_ligand,8.546913
5mes_ligand,7.415667
5mg2_ligand,6.312324
5mge_ligand,3.284238
5mgf_ligand,2.428211
5mgj_ligand,3.386518
5mgk_ligand,2.931877
5mkr_ligand,4.56456
5mks_ligand,4.743065
5mlj_ligand,5.551305
5mme_ligand,4.753116
5mmg_ligand,5.00585
5mn1_ligand,3.063218
5mnn_ligand,4.403959
5mo8_ligand,7.330572
5mod_ligand,3.157331
5mpk_ligand,5.737111
5mpn_ligand,5.029472
5mpz_ligand,3.658739
5mqe_ligand,3.002434
5mrb_ligand,7.447537
5mwh_ligand,5.454597
5mwp_ligand,8.662639
5mwy_ligand,9.190762
5mxf_ligand,3.274963
5my8_ligand,8.174868
5mz8_ligand,3.760499
5n0f_ligand,4.062419
5n1z_ligand,7.764677
5n6s_ligand,4.702405
5n9r_ligand,8.740411
5n17_ligand,5.536818
5n18_ligand,6.148328
5n84_ligand,5.093658
5n93_ligand,5.929318
5n99_ligand,7.223358
5nap_ligand,7.723541
5nau_ligand,7.848328
5nbw_ligand,9.277493
5ndf_ligand,3.082302
5ne5_ligand,4.617478
5neb_ligand,4.983343
5ngz_ligand,2.605784
5nih_ligand,5.91827
5njz_ligand,6.882698
5nk2_ligand,7.350051
5nk3_ligand,6.576386
5nk4_ligand,7.504179
5nk6_ligand,6.735726
5nk7_ligand,7.062661
5nk8_ligand,6.780095
5nk9_ligand,6.657969
5nka_ligand,6.657874
5nkb_ligand,6.909018
5nkc_ligand,7.054905
5nkd_ligand,6.921818
5nkg_ligand,6.779032
5nkh_ligand,7.292295
5nki_ligand,6.940821
5nlk_ligand,6.002896
5nn5_ligand,3.959413
5nn6_ligand,4.07643
5nvv_ligand,6.147009
5nvw_ligand,6.163512
5nvx_ligand,6.25563
5nw0_ligand,6.029897
5nw1_ligand,6.226503
5nw2_ligand,5.895601
5nwe_ligand,4.485125
5nwi_ligand,3.967515
5nyh_ligand,7.7514
5nz4_ligand,4.673658
5nze_ligand,4.879186
5nzf_ligand,4.509318
5nzn_ligand,4.662478
5o2d_ligand,8.458746
5o5a_ligand,5.339831
5o9o_ligand,5.854274
5o9p_ligand,5.544993
5o9q_ligand,5.560931
5o9r_ligand,4.948028
5o9y_ligand,5.992412
5o58_ligand,5.74085
5o87_ligand,4.41437
5oa2_ligand,5.460674
5oa6_ligand,6.168336
5oaj_ligand,2.331811
5obg_ligand,8.876745
5odx_ligand,6.605103
5oei_ligand,4.677507
5ogb_ligand,7.107207
5oht_ligand,4.741518
5ohy_ligand,4.309208
5oku_ligand,4.031305
5om2_ligand,6.875718
5om3_ligand,7.368109
5om7_ligand,8.254113
5oot_ligand,6.729421
5op4_ligand,5.315946
5op5_ligand,6.019113
5oq8_ligand,6.212764
5oqu_ligand,4.651474
5org_ligand,6.00217
5orh_ligand,4.596466
5orj_ligand,5.229853
5ork_ligand,5.558087
5orv_ligand,2.265814
5orw_ligand,3.261804
5os2_ligand,2.90761
5os4_ligand,4.582295
5os5_ligand,3.76934
5os7_ligand,6.468915
5os8_ligand,3.397075
5ose_ligand,1.890836
5osl_ligand,3.082016
5oss_ligand,3.49426
5ost_ligand,5.481004
5ot8_ligand,5.871393
5ot9_ligand,4.2489
5ota_ligand,4.437456
5otc_ligand,4.526019
5otr_ligand,5.804692
5otz_ligand,6.166606
5ouh_ligand,6.54651
5ov8_ligand,5.339091
5ovc_ligand,4.74684
5ovp_ligand,4.226173
5ovr_ligand,4.759223
5ovv_ligand,4.534091
5ovx_ligand,5.004282
5owl_ligand,4.415587
5oxk_ligand,3.996518
5qa8_ligand,3.495968
5qal_ligand,2.964069
5qay_ligand,2.692676
5qqp_ligand,9.309245
5qtt_ligand,9.120821
5std_ligand,8.470696
5sxm_ligand,5.255704
5sym_ligand,7.33011
5t7s_ligand,3.216855
5t8o_ligand,7.238394
5t8p_ligand,5.446804
5t9u_ligand,5.228343
5t9w_ligand,6.370125
5t9z_ligand,6.213196
5t19_ligand,7.112199
5ta2_ligand,6.835161
5ta4_ligand,7.164897
5tb6_ligand,4.858057
5tbe_ligand,8.974003
5tbm_ligand,7.934802
5tcj_ligand,6.790953
5tef_ligand,4.776562
5tkj_ligand,5.08074
5tkk_ligand,5.359553
5tmp_ligand,7.268409
5tp0_ligand,4.341312
5tpx_ligand,7.115799
5ttw_ligand,3.359047
5twj_ligand,5.802273
5u0w_ligand,4.367221
5u0y_ligand,4.229758
5u0z_ligand,5.230139
5u4b_ligand,4.941378
5u4d_ligand,3.338944
5u6j_ligand,8.574201
5u8c_ligand,7.150286
5u11_ligand,4.516664
5u12_ligand,4.412075
5u13_ligand,5.123695
5u14_ligand,6.736415
5u28_ligand,6.082566
5u49_ligand,4.709692
5uc4_ligand,6.627185
5ucj_ligand,7.592529
5ueu_ligand,6.047698
5uez_ligand,4.793292
5uf0_ligand,4.089069
5ufc_ligand,4.96217
5uff_ligand,3.918592
5ufp_ligand,8.363211
5ufr_ligand,7.367713
5ufs_ligand,9.250484
5uk8_ligand,6.891481
5ula_ligand,4.637324
5ulp_ligand,5.731305
5ult_ligand,5.790792
5umx_ligand,5.193218
5umy_ligand,9.441041
5uoo_ligand,6.91687
5uov_ligand,6.964714
5upe_ligand,9.362793
5upf_ligand,10.506371
5upj_ligand,6.024098
5upz_ligand,6.8761
5ut6_ligand,5.808556
5uv2_ligand,3.999531
5uxf_ligand,9.640242
5v0n_ligand,9.644054
5v7a_ligand,4.603101
5v79_ligand,5.442742
5v82_ligand,7.924457
5var_ligand,5.040396
5vb5_ligand,7.020616
5vb6_ligand,8.640638
5vb7_ligand,8.432573
5vc3_ligand,6.088937
5vc4_ligand,6.488475
5vcv_ligand,6.75401
5vcw_ligand,6.321342
5vcy_ligand,6.171276
5vcz_ligand,6.617537
5vd0_ligand,7.960638
5vd1_ligand,8.830205
5vd2_ligand,5.920279
5vd3_ligand,7.043321
5vh0_ligand,5.641613
5vih_ligand,5.949604
5vij_ligand,6.257845
5vja_ligand,5.068526
5vl2_ligand,7.426144
5vm0_ligand,7.292603
5vo1_ligand,6.082874
5vr8_ligand,7.385484
5vsj_ligand,5.19217
5vyy_ligand,6.122632
5w1e_ligand,4.255733
5w2s_ligand,4.349509
5w44_ligand,3.911371
5wa5_ligand,5.30099
5wa8_ligand,5.38478
5wa9_ligand,5.507038
5wal_ligand,5.785579
5wbm_ligand,4.847067
5wbo_ligand,4.330579
5we9_ligand,3.456928
5wij_ligand,4.401122
5win_ligand,5.673189
5wl0_ligand,8.618688
5wlo_ligand,8.266327
5wmg_ligand,6.338152
5wp5_ligand,6.092031
5wqc_ligand,6.28434
5wuk_ligand,6.425059
5wyx_ligand,8.269582
5wyz_ligand,9.468211
5x54_ligand,6.390565
5x62_ligand,6.267793
5x74_ligand,9.746356
5xg5_ligand,3.278035
5xmx_ligand,6.222544
5xo7_ligand,8.150154
5xpi_ligand,2.257361
5xsr_ligand,7.240352
5xva_ligand,5.758021
5xvg_ligand,6.168035
5y8y_ligand,4.608717
5y12_ligand,4.97404
5y13_ligand,4.662632
5y94_ligand,4.318798
5ya5_ligand,6.35566
5yas_ligand,3.81871
5yfs_ligand,6.598673
5yft_ligand,6.808343
5yh8_ligand,5.182243
5yhe_ligand,5.126598
5yhg_ligand,4.92401
5yj8_ligand,3.965411
5yl2_ligand,7.201928
5ymx_ligand,5.85684
5yqx_ligand,5.477185
5yyf_ligand,4.470528
5yz2_ligand,4.360931
5z5f_ligand,3.602852
5z7b_ligand,4.63632
5z7j_ligand,7.119949
5z66_ligand,8.177537
5z99_ligand,5.632977
5za7_ligand,6.310103
5za8_ligand,6.087243
5za9_ligand,1.327639
5zae_ligand,6.437412
5zaf_ligand,6.394025
5zag_ligand,6.19849
5zaj_ligand,6.272661
5zc5_ligand,7.410828
5zdb_ligand,7.393087
5zg1_ligand,6.839399
5zhl_ligand,5.08412
5zkc_ligand,6.456928
5znc_ligand,6.479348
5zni_ligand,5.974934
5zo8_ligand,6.606672
5zvw_ligand,6.061437
5zw6_ligand,6.096628
5zyg_ligand,6.14195
5zyl_ligand,7.52835
5zym_ligand,7.173783
6a87_ligand,3.190594
6abx_ligand,4.619391
6ajr_ligand,3.448556
6ajv_ligand,4.659978
6ajy_ligand,4.130543
6ajz_ligand,4.986767
6aox_ligand,4.273732
6aqs_ligand,4.739516
6arm_ligand,4.777346
6arn_ligand,4.419714
6aro_ligand,4.917713
6as8_ligand,5.035081
6ayi_ligand,6.572346
6ayo_ligand,6.779655
6ayq_ligand,6.685161
6ayr_ligand,6.609362
6ays_ligand,6.246562
6ayt_ligand,6.490066
6b1k_ligand,7.609655
6b4l_ligand,7.124274
6b4n_ligand,6.703878
6b4u_ligand,7.132441
6b5q_ligand,6.636386
6b7a_ligand,3.609223
6b7b_ligand,2.937119
6bbx_ligand,6.8961
6bdy_ligand,4.965616
6bhv_ligand,7.42849
6bm5_ligand,5.028101
6bm6_ligand,4.948094
6bs3_ligand,6.275587
6bs4_ligand,6.46195
6c0s_ligand,7.911312
6c2r_ligand,6.567383
6c7q_ligand,6.460323
6c9s_ligand,8.112632
6c9v_ligand,7.595381
6c85_ligand,2.186144
6cbf_ligand,6.518746
6cbg_ligand,5.569157
6cdj_ligand,7.313578
6cdl_ligand,7.184267
6cdo_ligand,5.359377
6cdp_ligand,5.065843
6cfc_ligand,5.002361
6chp_ligand,6.969927
6cjr_ligand,8.784934
6cjs_ligand,6.639604
6ckr_ligand,6.222823
6cks_ligand,5.396789
6ckw_ligand,7.18379
6cn5_ligand,10.354018
6cpw_ligand,9.334611
6cq1_ligand,4.654853
6cvf_ligand,4.193292
6cvv_ligand,3.554545
6cwh_ligand,5.838541
6cwn_ligand,6.288365
6czb_ligand,2.772353
6czc_ligand,4.409377
6cze_ligand,3.004993
6czf_ligand,4.945718
6d3q_ligand,5.186356
6d5e_ligand,7.092889
6d5g_ligand,8.000521
6d5h_ligand,7.919208
6d5j_ligand,6.737375
6d9s_ligand,5.564824
6d9x_ligand,4.365323
6d15_ligand,4.400579
6d16_ligand,4.859905
6d17_ligand,5.421048
6d18_ligand,5.529633
6d19_ligand,5.388812
6d50_ligand,3.789164
6d55_ligand,8.155103
6d56_ligand,8.34327
6d78_ligand,7.859186
6dai_ligand,5.318394
6dak_ligand,5.550073
6dar_ligand,5.747544
6det_ligand,4.800506
6dgl_ligand,6.079765
6dgq_ligand,3.22717
6dgr_ligand,4.06621
6dh1_ligand,5.890286
6dh2_ligand,5.936004
6dh6_ligand,6.18937
6dh7_ligand,6.068174
6dh8_ligand,6.06401
6dif_ligand,7.664428
6dil_ligand,7.313218
6dj1_ligand,7.245718
6dj2_ligand,7.501972
6dj5_ligand,5.708358
6dj7_ligand,5.193724
6dl2_ligand,5.68368
6dpt_ligand,5.219941
6dpx_ligand,5.232229
6dpy_ligand,4.544457
6dpz_ligand,4.656591
6dq4_ligand,5.806488
6dsp_ligand,4.960154
6dy7_ligand,4.217537
6dyn_ligand,2.045777
6dyr_ligand,3.180601
6dys_ligand,3.940051
6dyu_ligand,6.59132
6dyv_ligand,6.548622
6dyw_ligand,5.842654
6dyy_ligand,5.506833
6dyz_ligand,6.332346
6dz0_ligand,6.454267
6dz2_ligand,6.346393
6dz3_ligand,5.50912
6dzx_ligand,3.596804
6e1y_ligand,6.314597
6e1z_ligand,3.252434
6e4a_ligand,4.808101
6e5l_ligand,6.199362
6e5t_ligand,6.231158
6e6m_ligand,6.177625
6e7j_ligand,6.549076
6e7r_ligand,6.451173
6e7t_ligand,6.935682
6e7u_ligand,6.702317
6e9a_ligand,6.948057
6e22_ligand,5.476906
6e23_ligand,7.421356
6edr_ligand,4.193893
6ei5_ligand,8.55673
6eif_ligand,5.569765
6eij_ligand,5.701202
6eiq_ligand,5.75618
6eir_ligand,5.263218
6eis_ligand,8.473732
6eiz_ligand,3.647507
6ej2_ligand,7.783255
6ej3_ligand,7.954956
6ekq_ligand,4.359113
6el5_ligand,6.049413
6eln_ligand,6.009567
6elo_ligand,6.811422
6elp_ligand,7.104978
6eog_ligand,5.154619
6eol_ligand,5.470836
6ep4_ligand,2.813834
6epa_ligand,5.386004
6epy_ligand,7.184311
6epz_ligand,6.175572
6eq1_ligand,7.509135
6eq2_ligand,3.979106
6eq3_ligand,4.590345
6eq5_ligand,4.090982
6eq7_ligand,6.450638
6eq8_ligand,6.413768
6eqp_ligand,5.112823
6eqv_ligand,5.836774
6eqw_ligand,6.167163
6eqx_ligand,5.722669
6euc_ligand,4.1986
6euw_ligand,6.418358
6eux_ligand,5.729707
6evn_ligand,4.617955
6exi_ligand,6.063336
6exj_ligand,4.320191
6exs_ligand,3.048746
6ey8_ligand,7.172111
6ey9_ligand,7.315704
6eya_ligand,7.491782
6eyb_ligand,7.30305
6eyt_ligand,7.361818
6ezq_ligand,4.753922
6f1n_ligand,5.848431
6f05_ligand,3.327089
6f9g_ligand,2.298123
6f20_ligand,2.742287
6f90_ligand,4.724677
6f92_ligand,4.797221
6fa4_ligand,5.317749
6faa_ligand,4.843292
6fba_ligand,4.643087
6fcj_ligand,5.263226
6fgg_ligand,3.781554
6fh3_ligand,2.48989
6fhk_ligand,6.792405
6fmc_ligand,3.905535
6fmj_ligand,5.675103
6fnf_ligand,9.865389
6fng_ligand,9.924641
6fni_ligand,10.483446
6fnj_ligand,10.106166
6fnq_ligand,3.046518
6fnr_ligand,3.104062
6fo5_ligand,5.877507
6fs0_ligand,11.786598
6fs1_ligand,7.800506
6fsy_ligand,5.46835
6ftf_ligand,7.318123
6ftp_ligand,6.538996
6ftz_ligand,5.473673
6fuh_ligand,6.298299
6fui_ligand,6.913937
6fuj_ligand,4.910792
6fz4_ligand,5.376166
6g0z_ligand,6.514993
6g2b_ligand,5.241342
6g2c_ligand,5.216224
6g2e_ligand,4.949809
6g2f_ligand,6.770557
6g2l_ligand,6.39338
6g2m_ligand,6.968908
6g2o_ligand,6.792691
6g2r_ligand,6.107955
6g2s_ligand,6.213446
6g3a_ligand,5.823512
6g9i_ligand,4.539179
6g9x_ligand,2.252808
6g14_ligand,5.824773
6g24_ligand,4.018658
6g25_ligand,5.226723
6g27_ligand,6.03607
6g29_ligand,6.112588
6g34_ligand,5.56662
6g37_ligand,5.559971
6g38_ligand,5.273277
6g39_ligand,5.641701
6ge7_ligand,3.271694
6gf9_ligand,3.713996
6gfs_ligand,3.548695
6gfz_ligand,6.125044
6gg4_ligand,4.405865
6ghh_ligand,3.62555
6ghj_ligand,4.725667
6gj6_ligand,5.434172
6gj8_ligand,5.172801
6gji_ligand,3.976811
6gjj_ligand,4.109626
6gjl_ligand,4.200169
6gjm_ligand,4.127126
6gjn_ligand,5.850953
6gjr_ligand,4.460081
6gl8_ligand,8.488468
6gl9_ligand,5.612163
6gla_ligand,4.904413
6glb_ligand,5.551972
6gnm_ligand,4.319575
6gnp_ligand,2.649032
6gnr_ligand,4.615183
6gnw_ligand,3.612104
6gon_ligand,4.992837
6guc_ligand,5.866518
6gue_ligand,6.793585
6guh_ligand,6.753519
6guk_ligand,6.65882
6gvf_ligand,6.360015
6gvz_ligand,5.357236
6gw4_ligand,5.27871
6gwe_ligand,6.177265
6gwr_ligand,8.184062
6gxg_ligand,3.405792
6gzd_ligand,5.307309
6gzm_ligand,6.116356
6h1d_ligand,6.817683
6h1u_ligand,4.442625
6h2t_ligand,4.55607
6h8s_ligand,5.34022
6hai_ligand,10.306943
6hax_ligand,9.564399
6hay_ligand,8.781393
6hd6_ligand,5.545073
6hgf_ligand,7.2214
6hgg_ligand,7.103732
6hgi_ligand,6.792962
6hgj_ligand,6.059391
6hgr_ligand,4.80437
6hgs_ligand,6.017463
6hh3_ligand,5.597727
6hh5_ligand,5.295081
6hhr_ligand,5.665367
6hk3_ligand,6.013072
6hk4_ligand,5.812639
6hke_ligand,3.252617
6hly_ligand,4.945249
6hm1_ligand,5.767053
6hmg_ligand,4.200836
6hni_ligand,5.073314
6hoq_ligand,4.871525
6hpw_ligand,5.739875
6hq7_ligand,7.679516
6hr2_ligand,9.404465
6ht1_ligand,4.444377
6hza_ligand,7.446532
6hzb_ligand,6.914758
6hzy_ligand,4.120227
6i0z_ligand,5.72923
6i5g_ligand,4.021173
6i8m_ligand,7.432287
6i8t_ligand,7.209113
6i8y_ligand,5.20629
6i11_ligand,7.406246
6i12_ligand,7.606129
6i13_ligand,7.192229
6i14_ligand,7.911804
6i17_ligand,8.281569
6i18_ligand,7.963842
6i61_ligand,6.92923
6i62_ligand,5.642544
6i63_ligand,6.397346
6i64_ligand,6.042163
6i65_ligand,4.00096
6i66_ligand,4.06923
6i67_ligand,4.913094
6ibk_ligand,3.838805
6idb_ligand,3.835198
6idg_ligand,6.790161
6iez_ligand,6.342551
6if0_ligand,6.696019
6ift_ligand,6.652999
6iht_ligand,2.819883
6im4_ligand,6.056525
6ior_ligand,3.873534
6ios_ligand,4.174655
6iou_ligand,3.32379
6ixd_ligand,7.490359
6j0g_ligand,3.267478
6j0o_ligand,7.008739
6j1l_ligand,7.88937
6j3o_ligand,5.106686
6j3p_ligand,6.238167
6j7e_ligand,4.981312
6j9w_ligand,6.995403
6j9y_ligand,7.166246
6j72_ligand,7.411782
6jad_ligand,6.744406
6jag_ligand,6.755946
6jam_ligand,6.748666
6jan_ligand,6.942199
6jao_ligand,6.462317
6jap_ligand,6.368871
6jaq_ligand,4.646371
6jav_ligand,5.342573
6jaw_ligand,5.891782
6jay_ligand,5.353658
6jb0_ligand,6.452771
6jb4_ligand,6.480257
6jbb_ligand,6.133028
6jbe_ligand,4.41404
6jdi_ligand,5.778636
6jdl_ligand,5.514545
6jfk_ligand,7.190696
6jof_ligand,5.833065
6jon_ligand,4.739985
6jtc_ligand,3.320015
6k3l_ligand,6.395293
6k04_ligand,6.468394
6kjd_ligand,6.081745
6ma2_ligand,3.686195
6ma3_ligand,4.740623
6ma4_ligand,3.54676
6ma5_ligand,4.843798
6md0_ligand,3.010059
6md6_ligand,3.726657
6md8_ligand,4.655293
6mg5_ligand,6.397302
6mh1_ligand,6.262823
6mh7_ligand,6.200887
6mj4_ligand,6.198072
6mja_ligand,6.632991
6mjf_ligand,6.192595
6mji_ligand,6.229252
6mku_ligand,5.305132
6mkw_ligand,3.725645
6ml9_ligand,5.430565
6mla_ligand,4.358468
6mle_ligand,5.369956
6mlg_ligand,4.921818
6mli_ligand,3.690286
6mlj_ligand,4.962361
6mll_ligand,5.097031
6mln_ligand,5.329978
6mlo_ligand,4.993541
6mlp_ligand,3.798658
6mm2_ligand,8.38195
6mnc_ligand,5.599655
6mnv_ligand,5.176532
6mqc_ligand,6.634978
6mqe_ligand,6.715938
6msy_ligand,4.212515
6mu3_ligand,4.412705
6mub_ligand,2.92566
6mxc_ligand,6.468739
6n3v_ligand,4.931921
6n3w_ligand,4.77261
6n3x_ligand,5.301532
6n3y_ligand,5.231459
6n5x_ligand,1.18574
6n7a_ligand,6.533387
6n7b_ligand,6.684912
6n7d_ligand,6.636496
6n8x_ligand,5.344186
6n78_ligand,6.755183
6n79_ligand,6.251972
6ncn_ligand,4.069633
6nco_ligand,4.733893
6ndl_ligand,7.72566
6ne5_ligand,8.503871
6nfh_ligand,5.728827
6nfy_ligand,5.904457
6nmb_ligand,3.340762
6no9_ligand,7.108981
6np2_ligand,5.123116
6np3_ligand,5.111562
6np4_ligand,4.643893
6np5_ligand,4.663717
6nsv_ligand,5.150748
6nu1_ligand,2.767251
6nu5_ligand,2.7561
6nv7_ligand,8.00426
6nv9_ligand,7.739076
6nw3_ligand,8.339633
6nwk_ligand,8.543079
6nwl_ligand,8.007859
6nxz_ligand,1.052529
6ny0_ligand,-1.391774
6nyv_ligand,4.995264
6o0k_ligand,8.365902
6o0m_ligand,7.835587
6o0o_ligand,7.660389
6o0p_ligand,8.247434
6o5a_ligand,5.556488
6o5u_ligand,4.941745
6o5x_ligand,6.092544
6o9c_ligand,5.910755
6o48_ligand,5.723453
6o94_ligand,7.790726
6o95_ligand,7.186525
6oja_ligand,3.607375
6olx_ligand,5.282962
6om8_ligand,7.232867
6ooy_ligand,7.510872
6oqb_ligand,11.599252
6oqc_ligand,11.860227
6oqd_ligand,11.70871
6orr_ligand,9.772654
6otg_ligand,6.057947
6ouv_ligand,6.163468
6p3t_ligand,8.249106
6p3v_ligand,5.784846
6p5o_ligand,4.096584
6p8a_ligand,5.449677
6p9e_ligand,5.705924
6p83_ligand,7.374208
6p84_ligand,6.70195
6p85_ligand,5.712933
6p86_ligand,6.414318
6p87_ligand,5.117801
6p88_ligand,6.416232
6p89_ligand,6.277566
6pg3_ligand,3.022515
6pg4_ligand,2.815462
6pg5_ligand,4.014362
6pg6_ligand,3.825176
6pg7_ligand,4.318189
6pg8_ligand,4.218138
6pg9_ligand,4.268065
6pga_ligand,3.650975
6pgb_ligand,4.842595
6pgc_ligand,3.790257
6pge_ligand,3.48926
6phx_ligand,5.551312
6pi5_ligand,2.875828
6pi6_ligand,3.298116
6pl1_ligand,7.809531
6plf_ligand,5.183856
6poi_ligand,4.676327
6ppy_ligand,5.270623
6prf_ligand,6.956694
6pu3_ligand,4.607324
6pve_ligand,9.043622
6pvv_ligand,2.717199
6pvw_ligand,4.429868
6pvz_ligand,4.26467
6py0_ligand,4.43085
6q3q_ligand,3.444465
6q3y_ligand,5.177984
6q3z_ligand,5.451034
6q4e_ligand,3.482625
6q4g_ligand,4.473834
6qas_ligand,6.185139
6qau_ligand,6.05934
6qav_ligand,6.857742
6qe0_ligand,4.933585
6qe5_ligand,6.504069
6qge_ligand,4.975609
6qgf_ligand,4.6475
6qgg_ligand,7.089054
6qgh_ligand,8.267581
6qi4_ligand,3.677771
6qi7_ligand,3.515286
6qln_ligand,4.77904
6qlo_ligand,4.801957
6qlp_ligand,5.125821
6qlq_ligand,4.901386
6qlr_ligand,4.87849
6qls_ligand,4.286752
6qlt_ligand,4.482823
6qlu_ligand,4.88335
6qmj_ligand,7.288138
6qmk_ligand,7.985528
6qpl_ligand,4.854707
6qqq_ligand,5.676862
6qqu_ligand,6.5225
6qqv_ligand,6.98077
6qqw_ligand,6.919282
6qqz_ligand,7.467258
6qr0_ligand,7.234883
6qr1_ligand,6.563563
6qr2_ligand,7.900828
6qr3_ligand,7.136767
6qr4_ligand,7.578908
6qr7_ligand,7.63324
6qr9_ligand,7.082925
6qrc_ligand,6.927999
6quv_ligand,5.845154
6qz5_ligand,5.542786
6r1b_ligand,3.764509
6r4k_ligand,4.206327
6r8l_ligand,7.183336
6r8o_ligand,7.298893
6r8w_ligand,7.470029
6r9u_ligand,4.684714
6r9x_ligand,5.114003
6rih_ligand,5.090147
6rnt_ligand,3.108761
6rot_ligand,6.584824
6rtw_ligand,6.843167
6s4n_ligand,9.409509
6s4t_ligand,10.323094
6s5k_ligand,8.521679
6s56_ligand,5.271789
6s57_ligand,6.383409
6sbt_ligand,4.835711
6sge_ligand,8.753211
6ssy_ligand,3.405916
6st0_ligand,4.382097
6std_ligand,7.127742
6stl_ligand,3.705799
6szp_ligand,3.721906
6t1i_ligand,4.58393
6t1j_ligand,4.390425
6t1l_ligand,4.11055
6t1m_ligand,4.792317
6t1n_ligand,5.665469
6t1o_ligand,5.135073
6u5y_ligand,5.919795
6u6w_ligand,5.241657
6u8b_ligand,5.257793
6u8o_ligand,5.478013
6ud2_ligand,9.62838
6udi_ligand,10.064875
6udt_ligand,11.148952
6udu_ligand,11.103512
6udv_ligand,11.881921
6ueg_ligand,3.581268
6upj_ligand,5.633387
7std_ligand,7.171679
7upj_ligand,6.860227
8a3h_ligand,5.80437
10gs_ligand,4.926833
184l_ligand,4.891305
185l_ligand,4.53643
186l_ligand,4.466943
187l_ligand,3.98566
188l_ligand,4.250242
