ligand,pK(xscore)
1aaq_ligand,7.57
1adl_ligand,5.88
1a94_ligand,8.27
1a4w_ligand,6.8
1a9m_ligand,7.32
1a30_ligand,5.73
1a1e_ligand,5.84
1afl_ligand,5.07
1a28_ligand,7.54
1afk_ligand,5.25
1aid_ligand,6.36
1ajx_ligand,8.44
1ajv_ligand,8.73
1a4r_ligand,5.56
1alw_ligand,4.83
1aj7_ligand,5.46
1apv_ligand,7.28
1amk_ligand,4.68
1amw_ligand,5.09
1atr_ligand,6.41
1ax0_ligand,5.01
1a99_ligand,4.71
1a9q_ligand,4.62
1b0h_ligand,7.98
1b1h_ligand,7.34
1b2h_ligand,6.6
1ai7_ligand,5.02
1ai4_ligand,5.13
1ajp_ligand,5.05
1b3f_ligand,6.7
1ajq_ligand,4.92
1b3h_ligand,7.36
1b3g_ligand,6.9
1b3l_ligand,6.06
1b6j_ligand,8.59
1b6l_ligand,7.94
1b6k_ligand,8.82
1b4h_ligand,6.5
1b8n_ligand,5.96
1b8o_ligand,5.73
1b4z_ligand,6.56
1b38_ligand,6.18
1b5h_ligand,6.31
1b5i_ligand,6.44
1b5j_ligand,6.68
1b05_ligand,6.48
1bai_ligand,8.14
1b6h_ligand,6.78
1bdq_ligand,8.2
1b7h_ligand,6.96
1bhf_ligand,5.78
1bcu_ligand,5.33
1b9j_ligand,7.05
1b32_ligand,6.7
1a69_ligand,5.65
1b40_ligand,7.44
1bhx_ligand,6.66
1bju_ligand,6.03
1bjv_ligand,6.09
1b46_ligand,6.76
1bv7_ligand,9.98
1bma_ligand,7.07
1bv9_ligand,9.98
1bty_ligand,5.05
1bwa_ligand,9.76
1bgq_ligand,6.21
1b52_ligand,6.55
1br6_ligand,6.05
1bm7_ligand,6.22
1b51_ligand,6.26
1b58_ligand,7.36
1bwb_ligand,10.34
1bxo_ligand,8.28
1c5p_ligand,5.07
1c5q_ligand,5.48
1bxq_ligand,7.83
1bzj_ligand,6.54
1c4u_ligand,6.85
1c5o_ligand,4.9
1c5n_ligand,5.33
1ado_ligand,4.22
1c5s_ligand,5.22
1c70_ligand,9.15
1c5t_ligand,5.18
1c5c_ligand,6.45
1c5y_ligand,5.23
1c5x_ligand,5.57
1ceb_ligand,5.12
1c83_ligand,5.91
1c84_ligand,6.43
1bp0_ligand,5.32
1c86_ligand,5.89
1d4h_ligand,9.13
1c87_ligand,5.83
1d4i_ligand,9.4
1c88_ligand,6.05
1d3d_ligand,7.29
1d4l_ligand,8.31
1d4k_ligand,9.04
1d4j_ligand,8.97
1d3p_ligand,7.06
1d4y_ligand,8.2
1d7i_ligand,4.12
1d7j_ligand,4.27
1det_ligand,4.82
1d4p_ligand,6.95
1c3x_ligand,5.08
1dif_ligand,9.39
1d6w_ligand,6.84
1d9i_ligand,6.42
1dl7_ligand,5.01
1dmp_ligand,8.64
1dhi_ligand,6.1
1dhj_ligand,6.19
1dgm_ligand,4.83
1df8_ligand,6.01
1bq4_ligand,5.02
1bzy_ligand,6.73
1e3v_ligand,6.48
1e1v_ligand,5.61
1e1x_ligand,5.58
1dud_ligand,5.21
1e3g_ligand,7.44
1dqn_ligand,5.86
1ebw_ligand,8.6
1eby_ligand,9.39
1e4h_ligand,5.57
1eb2_ligand,7.16
1ebz_ligand,8.98
1e5j_ligand,5.68
1ec0_ligand,9.46
1ec1_ligand,9.29
1ec2_ligand,9.4
1ec3_ligand,8.83
1dar_ligand,5.57
1e2k_ligand,6.03
1e2l_ligand,6.07
1ejn_ligand,6.64
1ela_ligand,6.52
1ecv_ligand,6.17
1efy_ligand,5.91
1elb_ligand,6.12
1elc_ligand,6.68
1eld_ligand,6.5
1ele_ligand,6.4
1ex8_ligand,7.48
1epo_ligand,7.8
1ezq_ligand,7.96
1f0r_ligand,6.43
1f0t_ligand,6.06
1f0s_ligand,6.11
1ez9_ligand,5.4
1f0u_ligand,7.04
1drv_ligand,7.01
1duv_ligand,6.21
1f5k_ligand,5.02
1cet_ligand,5.39
1f5l_ligand,5.41
1f4x_ligand,5.16
1egh_ligand,4.82
1fao_ligand,5.28
1f4f_ligand,5.77
1f4g_ligand,6.34
1bxr_ligand,7.04
1f4e_ligand,5.53
1fcx_ligand,9.3
1fcy_ligand,9.48
1fcz_ligand,9.09
1fd0_ligand,9.52
1fch_ligand,6.59
1fiv_ligand,10.07
1e66_ligand,7.16
1fh7_ligand,5.61
1fh9_ligand,5.93
1fhd_ligand,5.85
1fkb_ligand,8.11
1fh8_ligand,5.56
1fkg_ligand,6.92
1fkh_ligand,7.0
1fkf_ligand,8.2
1fjs_ligand,6.88
1fki_ligand,6.98
1fl3_ligand,7.22
1fpc_ligand,6.8
1flr_ligand,7.53
1fkn_ligand,8.12
1fm9_ligand,9.7
1d2e_ligand,6.2
1fq5_ligand,9.75
1fo0_ligand,10.92
1fzk_ligand,8.83
1fzj_ligand,8.69
1fzm_ligand,8.84
1g2k_ligand,8.79
1fzq_ligand,5.92
1g3d_ligand,5.55
1g2l_ligand,7.28
1g3e_ligand,5.47
1fzo_ligand,9.02
1g7f_ligand,6.25
1g7g_ligand,6.49
1g7v_ligand,4.38
1g30_ligand,7.01
1g32_ligand,7.11
1g35_ligand,8.62
1g7q_ligand,7.14
1g74_ligand,5.84
1f73_ligand,5.34
1g36_ligand,6.58
1f74_ligand,5.33
1g85_ligand,5.16
1ghz_ligand,5.39
1ghv_ligand,5.6
1gfy_ligand,6.03
1gaf_ligand,5.91
1gar_ligand,7.06
1g2o_ligand,5.97
1gi7_ligand,5.32
1gj6_ligand,6.67
1gnm_ligand,7.03
1gnn_ligand,7.01
1gjc_ligand,6.24
1gno_ligand,6.96
1gai_ligand,7.03
1gyx_ligand,5.1
1gvw_ligand,7.58
1gyy_ligand,5.3
1gx8_ligand,6.52
1gvx_ligand,8.23
1gwv_ligand,4.97
1h0a_ligand,4.84
1h4w_ligand,5.12
1h6h_ligand,4.77
1h5v_ligand,6.3
1gpk_ligand,6.47
1gpn_ligand,6.47
1f8b_ligand,5.35
1hbv_ligand,7.66
1hi3_ligand,4.49
1hi4_ligand,5.19
1f8c_ligand,5.49
1hi5_ligand,4.79
1h1s_ligand,6.7
1hih_ligand,8.33
1hii_ligand,8.49
1hmr_ligand,5.91
1hms_ligand,5.93
1hmt_ligand,6.0
1h46_ligand,5.92
1f8d_ligand,5.37
1hos_ligand,8.52
1hn4_ligand,7.39
1hpo_ligand,7.49
1grp_ligand,4.79
1h22_ligand,7.55
1hps_ligand,8.6
1hpv_ligand,7.28
1hpx_ligand,7.78
1hsh_ligand,8.48
1h23_ligand,7.78
1hvh_ligand,7.82
1hvi_ligand,8.98
1hvj_ligand,8.86
1hvk_ligand,9.28
1hvl_ligand,8.9
1f8e_ligand,5.46
1hvr_ligand,9.81
1hvs_ligand,8.64
1hwr_ligand,7.13
1hxb_ligand,8.82
1hxw_ligand,8.1
1iiq_ligand,9.08
1ie9_ligand,8.67
1ec9_ligand,5.29
1hp5_ligand,5.85
1hk4_ligand,6.29
1ikt_ligand,6.42
1ecq_ligand,5.08
1ivp_ligand,8.62
1j4r_ligand,6.43
1izh_ligand,9.19
1i7z_ligand,6.5
1izi_ligand,8.45
1ii5_ligand,4.99
1j14_ligand,5.11
1g98_ligand,5.12
1i2s_ligand,4.48
1j16_ligand,5.11
1iih_ligand,4.8
1j17_ligand,7.02
1h2t_ligand,6.84
1j01_ligand,5.74
1jn4_ligand,6.27
1i5r_ligand,9.95
1jq8_ligand,6.95
1jvu_ligand,5.42
1jyq_ligand,7.28
1k1i_ligand,6.39
1k1j_ligand,6.82
1jgl_ligand,7.33
1k1l_ligand,6.7
1k1m_ligand,6.78
1jak_ligand,5.89
1k1n_ligand,6.24
1jqy_ligand,5.76
1jys_ligand,4.6
1k1o_ligand,6.13
1igj_ligand,6.97
1ik4_ligand,4.94
1jeu_ligand,6.61
1jet_ligand,6.41
1jev_ligand,7.64
1k6c_ligand,8.27
1k6p_ligand,8.38
1k6v_ligand,8.52
1k6t_ligand,8.42
1kjr_ligand,5.33
1k21_ligand,6.8
1k22_ligand,7.07
1jmg_ligand,5.32
1jmf_ligand,5.45
1kpm_ligand,7.34
1kdk_ligand,7.4
1kav_ligand,6.49
1kzk_ligand,8.94
1km3_ligand,5.48
1kel_ligand,5.94
1ksn_ligand,7.58
1kzn_ligand,7.22
1l83_ligand,5.06
1laf_ligand,5.57
1kv1_ligand,7.04
1l8g_ligand,6.34
1lah_ligand,5.18
1lbf_ligand,6.32
1lag_ligand,5.23
1kv5_ligand,4.67
1lgw_ligand,5.03
1li2_ligand,5.09
1li3_ligand,5.19
1lke_ligand,7.7
1li6_ligand,4.54
1jlr_ligand,5.27
1lkl_ligand,5.51
1lkk_ligand,6.15
1lhu_ligand,7.5
1lbk_ligand,5.05
1lf2_ligand,7.96
1lee_ligand,8.07
1lnm_ligand,7.67
1kyv_ligand,6.73
1k1y_ligand,6.55
1lpg_ligand,7.32
1lst_ligand,5.15
1lpk_ligand,7.21
1lpz_ligand,7.33
1lzq_ligand,8.33
1k27_ligand,5.96
1m0b_ligand,8.31
1lyb_ligand,7.93
1loq_ligand,5.78
1m2p_ligand,6.27
1m2q_ligand,6.18
1lyx_ligand,4.62
1m2r_ligand,6.37
1m48_ligand,6.72
1m7d_ligand,6.36
1m4h_ligand,8.78
1mai_ligand,5.01
1mes_ligand,8.57
1met_ligand,8.66
1m7i_ligand,6.9
1mfa_ligand,5.39
1mfi_ligand,5.82
1mfd_ligand,5.51
1mh5_ligand,6.87
1mjj_ligand,6.86
1koj_ligand,5.27
1mq5_ligand,7.43
1mq6_ligand,7.35
1m83_ligand,7.04
1k9s_ligand,5.9
1mrw_ligand,8.6
1mrx_ligand,8.62
1msm_ligand,9.13
1msn_ligand,9.0
1mrn_ligand,6.88
1mrs_ligand,5.99
1mtr_ligand,8.84
1n0s_ligand,7.14
1mu6_ligand,6.28
1mu8_ligand,6.49
1m7y_ligand,6.64
1mue_ligand,6.52
1n4h_ligand,7.28
1moq_ligand,5.51
1n4k_ligand,4.99
1m1b_ligand,4.78
1nfu_ligand,6.82
1n46_ligand,8.0
1nc1_ligand,6.31
1nc3_ligand,6.23
1nf8_ligand,6.12
1nfw_ligand,6.5
1nfx_ligand,6.62
1n3i_ligand,5.81
1nh0_ligand,8.73
1nfy_ligand,6.91
1nhz_ligand,7.87
1njs_ligand,7.33
1nki_ligand,4.52
1nhu_ligand,6.37
1nja_ligand,5.42
1njc_ligand,5.4
1nl9_ligand,6.93
1njd_ligand,5.54
1nli_ligand,4.83
1nje_ligand,5.34
1nm6_ligand,7.63
1nq7_ligand,8.14
1no6_ligand,6.61
1nny_ligand,8.08
1nt1_ligand,7.75
1nvq_ligand,7.86
1n5r_ligand,5.84
1nvr_ligand,7.67
1nvs_ligand,7.21
1o0h_ligand,5.26
1o0f_ligand,4.99
1nw5_ligand,6.23
1o0m_ligand,5.37
1nw7_ligand,5.57
1o0n_ligand,4.97
1nz7_ligand,7.1
1o2h_ligand,6.29
1o2n_ligand,6.54
1o2o_ligand,6.16
1o2q_ligand,6.59
1m0o_ligand,6.61
1o2z_ligand,6.02
1o3d_ligand,6.33
1o3i_ligand,5.96
1o3l_ligand,5.85
1o5a_ligand,6.13
1o30_ligand,6.21
1o5e_ligand,6.76
1o7o_ligand,6.33
1o33_ligand,5.55
1o38_ligand,6.19
1oar_ligand,6.67
1oau_ligand,5.57
1od8_ligand,5.67
1ocq_ligand,5.67
1oba_ligand,4.0
1lvu_ligand,5.66
1oe8_ligand,4.99
1ogx_ligand,6.52
1ogz_ligand,6.42
1ohr_ligand,8.34
1np0_ligand,5.5
1oif_ligand,5.21
1om1_ligand,6.54
1n1m_ligand,5.38
1ony_ligand,6.55
1onz_ligand,6.35
1m0q_ligand,6.45
1ork_ligand,7.06
1oss_ligand,4.99
1ogg_ligand,6.46
1owe_ligand,5.99
1oxr_ligand,4.96
1m0n_ligand,6.7
1nw4_ligand,5.59
1owh_ligand,5.94
1oyq_ligand,6.43
1oyt_ligand,6.96
1kc7_ligand,4.73
1p19_ligand,5.08
1os5_ligand,6.9
1odi_ligand,5.83
1pa9_ligand,5.49
1odj_ligand,5.71
1p1n_ligand,5.65
1p1o_ligand,5.43
1n51_ligand,7.0
1pb8_ligand,4.84
1pb9_ligand,4.87
1m5w_ligand,4.79
1ogd_ligand,4.94
1pph_ligand,6.42
1ppc_ligand,6.85
1pme_ligand,6.69
1pot_ligand,5.14
1pbq_ligand,5.97
1ppk_ligand,7.07
1pro_ligand,8.57
1ppl_ligand,7.91
1ppm_ligand,7.53
1pxn_ligand,6.51
1pyn_ligand,6.8
1pxp_ligand,6.69
1ppi_ligand,7.93
1pxo_ligand,6.24
1olu_ligand,6.38
1pzp_ligand,5.83
1q7a_ligand,6.3
1pz5_ligand,5.99
1ols_ligand,6.78
1pdz_ligand,4.12
1pzi_ligand,5.27
1q91_ligand,6.49
1olx_ligand,7.02
1q8t_ligand,5.81
1q8u_ligand,6.36
1pgp_ligand,4.77
1q8w_ligand,5.97
1q72_ligand,5.8
1qb1_ligand,6.35
1qan_ligand,6.31
1qb6_ligand,6.16
1qb9_ligand,6.94
1qbn_ligand,6.32
1phw_ligand,4.17
1qbr_ligand,9.95
1qbo_ligand,6.65
1qbs_ligand,8.6
1qbt_ligand,10.65
1qbu_ligand,8.55
1qft_ligand,4.74
1qhc_ligand,6.11
1q5k_ligand,5.41
1oz0_ligand,7.55
1qbv_ligand,6.56
1ql7_ligand,6.72
1ql9_ligand,7.01
1qaw_ligand,5.78
1qxk_ligand,6.34
1rbp_ligand,7.37
1r0p_ligand,8.08
1qyg_ligand,6.42
1pkx_ligand,6.73
1qkt_ligand,7.07
1rd4_ligand,7.11
1r9l_ligand,4.76
1rnt_ligand,5.33
1rnm_ligand,4.85
1rpf_ligand,5.18
1rjk_ligand,8.79
1qka_ligand,7.12
1qkb_ligand,6.9
1rtf_ligand,5.05
1s19_ligand,8.5
1sbg_ligand,8.22
1sdt_ligand,8.82
1sb1_ligand,7.09
1sdu_ligand,8.85
1sdv_ligand,8.61
1pr5_ligand,5.53
1sgu_ligand,8.35
1rql_ligand,4.54
1sh9_ligand,7.51
1siv_ligand,8.01
1qk3_ligand,5.74
1qk4_ligand,5.99
1sl3_ligand,7.25
1sqa_ligand,6.41
1sqo_ligand,6.01
1sqt_ligand,5.81
1sld_ligand,6.6
1sv3_ligand,4.81
1q84_ligand,9.69
1srg_ligand,6.73
1pvn_ligand,6.22
1sw2_ligand,4.72
1stc_ligand,8.0
1str_ligand,5.91
1sr7_ligand,8.51
1s5z_ligand,5.03
1swr_ligand,5.98
1rr6_ligand,5.59
1t4v_ligand,6.48
1t7j_ligand,7.04
1swg_ligand,5.54
1td7_ligand,5.69
1t7d_ligand,6.62
1q1g_ligand,5.85
1s89_ligand,4.78
1tcx_ligand,8.19
1t32_ligand,8.46
1ta6_ligand,7.32
1syh_ligand,6.22
1tnh_ligand,4.86
1tng_ligand,4.86
1tni_ligand,4.92
1syi_ligand,6.27
1u1b_ligand,5.86
1tom_ligand,6.78
1tx7_ligand,5.17
1trd_ligand,4.56
1u71_ligand,5.99
1tpw_ligand,4.9
1tq4_ligand,6.04
1ui0_ligand,4.85
1uj5_ligand,5.11
1u1w_ligand,5.73
1ua4_ligand,5.83
1u33_ligand,6.34
1tsy_ligand,5.45
1ugx_ligand,4.85
1utj_ligand,4.83
1utl_ligand,4.68
1t5f_ligand,4.66
1utm_ligand,4.61
1utn_ligand,4.89
1uto_ligand,4.69
1ucn_ligand,5.35
1uvt_ligand,6.8
1uwf_ligand,5.38
1usi_ligand,6.08
1uou_ligand,5.57
1upf_ligand,4.33
1tjp_ligand,6.17
1uz1_ligand,5.32
1uz8_ligand,6.06
1uz4_ligand,5.21
1v0k_ligand,5.46
1v0l_ligand,5.56
1ur9_ligand,7.45
1v2j_ligand,5.08
1u0g_ligand,5.02
1v2k_ligand,6.95
1ssq_ligand,4.44
1v2l_ligand,5.06
1uv6_ligand,4.43
1v2n_ligand,6.9
1thz_ligand,6.15
1v2r_ligand,5.37
1v2o_ligand,5.32
1v2s_ligand,5.07
1v2t_ligand,5.32
1v2u_ligand,5.08
1v2w_ligand,5.34
1vyf_ligand,5.79
1vyg_ligand,6.61
1uw6_ligand,5.56
1w0z_ligand,6.19
1vzq_ligand,7.17
1w4p_ligand,5.15
1w4o_ligand,5.31
1w3k_ligand,5.62
1w3l_ligand,6.01
1w4q_ligand,5.28
1rp7_ligand,6.65
1vso_ligand,5.65
1w5v_ligand,9.51
1w5w_ligand,9.49
1w5x_ligand,9.45
1w5y_ligand,9.35
1w3j_ligand,5.14
1w7g_ligand,5.97
1w13_ligand,6.56
1w11_ligand,6.41
1usk_ligand,5.48
1tkb_ligand,6.74
1wdn_ligand,5.36
1w9u_ligand,6.67
1w9v_ligand,6.44
1wc1_ligand,5.66
1wm1_ligand,6.03
1x1z_ligand,6.36
1ws4_ligand,4.72
1w96_ligand,7.93
1x8t_ligand,6.78
1wvj_ligand,6.37
1xap_ligand,8.89
1wcq_ligand,5.56
1xbo_ligand,7.01
1wht_ligand,5.76
1xgi_ligand,5.55
1x8j_ligand,6.7
1x38_ligand,6.5
1xh4_ligand,8.39
1xff_ligand,5.21
1xh5_ligand,8.6
1xk5_ligand,5.1
1xh9_ligand,8.49
1xd0_ligand,7.89
1xk9_ligand,5.86
1x39_ligand,6.27
1xjd_ligand,7.81
1xka_ligand,6.67
1xkk_ligand,8.1
1xow_ligand,7.42
1xt8_ligand,4.81
1xws_ligand,6.77
1xhy_ligand,5.95
1y1z_ligand,5.38
1xr9_ligand,10.29
1y3v_ligand,6.76
1v1m_ligand,6.56
1y3x_ligand,6.71
1y0l_ligand,6.09
1yc1_ligand,6.51
1yc4_ligand,5.97
1y20_ligand,5.16
1y6q_ligand,6.21
1yet_ligand,6.6
1y6r_ligand,6.32
1ydk_ligand,5.49
1v1j_ligand,5.59
1ydr_ligand,6.18
1y3n_ligand,5.8
1yds_ligand,5.7
1yp9_ligand,6.5
1y3p_ligand,6.99
1ydt_ligand,6.69
1z6s_ligand,5.07
1ype_ligand,7.32
1v16_ligand,6.55
1z1h_ligand,8.07
1ypg_ligand,7.32
1ypj_ligand,7.36
1z4o_ligand,5.67
1v11_ligand,6.52
1z6e_ligand,7.4
1z95_ligand,7.38
1z71_ligand,7.24
1yqj_ligand,8.3
1zp8_ligand,7.75
1zgi_ligand,6.63
1zsf_ligand,8.58
1zea_ligand,5.79
1yfz_ligand,4.85
1zc9_ligand,4.89
2a5s_ligand,4.96
1zhy_ligand,8.01
2a14_ligand,6.77
2a5b_ligand,5.24
2a5c_ligand,5.19
1yq7_ligand,5.43
2a8g_ligand,5.24
2aac_ligand,5.51
2ans_ligand,6.28
2aoc_ligand,8.48
2aod_ligand,8.41
2aoe_ligand,8.31
2arm_ligand,5.08
2aqu_ligand,8.8
2aog_ligand,8.36
2avm_ligand,8.49
2am4_ligand,6.56
2avo_ligand,8.58
1zoe_ligand,5.79
1zog_ligand,5.81
2avq_ligand,8.42
2avs_ligand,8.68
2a4m_ligand,4.81
2al5_ligand,5.67
1zoh_ligand,5.89
2ayr_ligand,8.63
2b4l_ligand,4.79
2ax9_ligand,6.46
2azr_ligand,5.46
2b07_ligand,6.37
2bes_ligand,5.12
2b9a_ligand,5.75
1uwt_ligand,5.42
2bfq_ligand,6.8
2baj_ligand,8.14
2bak_ligand,8.03
2bfr_ligand,5.85
2bet_ligand,4.73
2bal_ligand,6.73
2b7d_ligand,6.74
2bpv_ligand,8.19
2bpy_ligand,8.3
2bqv_ligand,8.57
2bok_ligand,6.36
2boh_ligand,7.16
2bmk_ligand,5.46
2boj_ligand,4.96
2bq7_ligand,6.74
2br1_ligand,6.28
2bt9_ligand,5.22
2brb_ligand,6.45
1uwu_ligand,5.41
2brm_ligand,6.13
2bvd_ligand,5.64
2bvr_ligand,5.63
2bvs_ligand,5.63
2bza_ligand,4.83
2bz6_ligand,6.35
2c3i_ligand,6.72
2c3l_ligand,5.69
2c1p_ligand,6.46
2c80_ligand,5.89
2ca8_ligand,5.08
2cbz_ligand,5.16
2c92_ligand,6.8
2c94_ligand,6.64
2cbu_ligand,5.75
2c97_ligand,5.61
2cbv_ligand,5.7
2ccb_ligand,5.14
2cej_ligand,9.43
2cen_ligand,9.65
2cbj_ligand,6.11
2cc7_ligand,5.39
2cf8_ligand,7.55
2ccc_ligand,5.42
2cf9_ligand,7.31
2bys_ligand,7.9
2ces_ligand,5.6
2ceq_ligand,5.6
2cer_ligand,6.48
2cet_ligand,6.58
2byr_ligand,7.77
2cgr_ligand,6.67
2cgf_ligand,6.17
2ce9_ligand,6.01
2d0k_ligand,5.96
2b1i_ligand,6.87
2b1g_ligand,6.21
2cn0_ligand,7.07
2drc_ligand,6.29
2e9u_ligand,6.49
2e2r_ligand,6.91
2csn_ligand,5.39
2e27_ligand,6.03
2e7f_ligand,6.07
2e2p_ligand,5.44
2d3u_ligand,6.72
2d3z_ligand,6.56
2aj8_ligand,6.25
2dw7_ligand,4.93
2ewa_ligand,7.12
2erz_ligand,6.11
2f1g_ligand,6.18
2e91_ligand,4.84
2ews_ligand,6.47
2e92_ligand,5.59
2exm_ligand,5.09
2f6t_ligand,6.56
2f8g_ligand,7.72
2e94_ligand,7.1
2f7i_ligand,6.07
2f34_ligand,5.64
2f80_ligand,7.64
2f81_ligand,7.61
2fgu_ligand,9.03
2f35_ligand,5.63
2fgv_ligand,9.07
2fle_ligand,9.29
2fmb_ligand,9.07
2bo4_ligand,4.47
2fdp_ligand,8.74
2fqw_ligand,5.85
2fqx_ligand,5.96
2fqy_ligand,5.86
2fvd_ligand,6.4
2fx6_ligand,4.98
2fxs_ligand,5.57
2cle_ligand,5.8
2flr_ligand,7.06
2clh_ligand,6.72
2gj5_ligand,6.44
2cht_ligand,5.51
2fxv_ligand,5.94
2g5u_ligand,6.26
2fxu_ligand,7.89
2cli_ligand,6.14
2gh9_ligand,6.74
2g94_ligand,8.44
2clk_ligand,4.81
2gv6_ligand,6.36
2gv7_ligand,7.45
2gss_ligand,5.14
2gvv_ligand,5.65
2gst_ligand,7.19
2h4g_ligand,5.83
2h4k_ligand,5.88
2hah_ligand,6.68
2hb3_ligand,7.91
2hhn_ligand,6.84
2h21_ligand,6.1
2fpz_ligand,5.03
2hb1_ligand,5.16
2hnx_ligand,5.66
2hs1_ligand,7.75
2glp_ligand,6.49
2gz2_ligand,5.2
2hkf_ligand,6.76
2haw_ligand,4.99
2hxm_ligand,5.73
2i0a_ligand,7.8
2gl0_ligand,5.36
2i4d_ligand,7.61
2i4u_ligand,7.66
2fw6_ligand,5.29
2i4v_ligand,7.62
2i4w_ligand,7.92
2i4x_ligand,7.97
2idw_ligand,7.5
2epn_ligand,5.69
2i6b_ligand,6.28
2i4j_ligand,7.87
2hzl_ligand,4.69
2ihq_ligand,7.14
2hjb_ligand,5.1
2i4z_ligand,7.76
2iwx_ligand,6.22
2ihj_ligand,7.23
2j2u_ligand,6.48
2iuz_ligand,5.73
2izl_ligand,5.94
2j4i_ligand,6.92
2hmu_ligand,5.73
2ha2_ligand,4.75
2ha3_ligand,4.31
2ha6_ligand,4.81
2hmv_ligand,5.56
2i19_ligand,5.31
2j34_ligand,6.38
2j7b_ligand,5.56
2i2c_ligand,6.47
2j7d_ligand,5.76
2j7e_ligand,5.83
2j7f_ligand,5.85
2j7g_ligand,5.79
2j27_ligand,4.6
2j7h_ligand,5.12
2j4g_ligand,6.09
2j75_ligand,5.49
2j94_ligand,6.28
2j95_ligand,6.4
2jdm_ligand,4.99
2j77_ligand,5.33
2jdp_ligand,5.0
2jdu_ligand,5.15
2j78_ligand,5.48
2jds_ligand,6.89
2j47_ligand,6.67
2j79_ligand,5.41
2jh0_ligand,6.33
2jgs_ligand,5.77
2gyi_ligand,4.96
2jh5_ligand,6.18
2jh6_ligand,6.05
2jfz_ligand,7.26
2jkh_ligand,6.32
2nmz_ligand,8.65
2jxr_ligand,7.66
2jg0_ligand,7.32
2o4j_ligand,8.65
2nt7_ligand,7.14
2nta_ligand,6.37
2o4k_ligand,9.22
2o4l_ligand,8.34
2o4n_ligand,8.55
2o0u_ligand,7.59
2o4r_ligand,8.55
2oax_ligand,8.17
2oiq_ligand,8.38
2jiw_ligand,5.9
2ojg_ligand,6.19
2ogy_ligand,5.96
2ojj_ligand,7.24
2oi2_ligand,5.17
2jkp_ligand,5.47
2oxn_ligand,5.28
2oxd_ligand,5.68
2olb_ligand,6.8
2j62_ligand,7.45
2oxx_ligand,5.66
2p3a_ligand,9.32
2p3b_ligand,9.17
2jjb_ligand,6.82
2oxy_ligand,5.49
2p3c_ligand,9.73
2p3i_ligand,4.8
2oym_ligand,6.05
2p7a_ligand,5.45
2p2a_ligand,7.31
2p7g_ligand,6.91
2on6_ligand,5.43
2nsj_ligand,5.93
2nsl_ligand,5.91
2p4j_ligand,9.42
2mas_ligand,6.11
2p7z_ligand,7.72
2p4y_ligand,8.09
2pk5_ligand,9.59
2pk6_ligand,9.36
2p16_ligand,7.54
2p95_ligand,7.4
2pql_ligand,5.57
2pcp_ligand,6.91
2p15_ligand,9.01
2pqz_ligand,8.24
2psu_ligand,7.27
2pbw_ligand,6.19
2psv_ligand,6.94
2pv1_ligand,6.68
2pog_ligand,7.19
2pq9_ligand,7.17
2pqb_ligand,6.63
2pqc_ligand,6.47
2p4s_ligand,5.83
2pu2_ligand,5.87
2pvu_ligand,5.34
2pvh_ligand,6.55
2pvj_ligand,6.66
2pwc_ligand,8.21
2pvl_ligand,6.52
2pvk_ligand,6.84
2pwr_ligand,9.04
2pvm_ligand,6.11
2pyn_ligand,8.43
2q5k_ligand,8.7
2jke_ligand,5.06
2q2a_ligand,5.78
2py4_ligand,7.36
2q54_ligand,8.36
2q55_ligand,8.71
2q63_ligand,8.43
2q64_ligand,8.48
2ot1_ligand,5.38
2pgz_ligand,6.38
2pwd_ligand,5.17
2qbp_ligand,7.02
2qbq_ligand,6.97
2qbr_ligand,6.52
2q6f_ligand,7.51
2pyy_ligand,4.97
2qbs_ligand,6.64
2pwg_ligand,5.44
2qbw_ligand,8.74
2qci_ligand,7.82
2qd6_ligand,7.61
2iko_ligand,6.67
2qd7_ligand,7.64
2qd8_ligand,7.6
2qhy_ligand,7.52
2qhz_ligand,7.48
2qg2_ligand,6.53
2qi1_ligand,7.92
2qi0_ligand,7.94
2qi3_ligand,7.38
2qi4_ligand,8.04
2qi5_ligand,8.02
2qbu_ligand,6.61
2qi6_ligand,7.97
2q8z_ligand,6.35
2qi7_ligand,7.24
2qnn_ligand,9.23
2qnp_ligand,8.8
2qnq_ligand,8.17
2qm9_ligand,7.27
2qg0_ligand,5.91
2qe4_ligand,7.01
2qpq_ligand,4.8
2qmg_ligand,8.46
2qu6_ligand,7.97
2qw1_ligand,4.09
2qtn_ligand,5.06
2q7q_ligand,5.24
2qrk_ligand,5.12
2qrl_ligand,4.39
2oag_ligand,6.7
2qpu_ligand,4.74
2qtt_ligand,5.88
2r3t_ligand,8.7
2qtg_ligand,5.9
2r3w_ligand,8.11
2r2w_ligand,5.97
2r2m_ligand,6.55
2r5a_ligand,4.09
2r5p_ligand,8.8
2r38_ligand,8.64
2r43_ligand,8.15
2r0z_ligand,6.8
2r58_ligand,4.13
2r9w_ligand,6.38
2r9x_ligand,6.15
2ra0_ligand,7.4
2ole_ligand,5.86
2rcb_ligand,4.86
2r75_ligand,6.67
2r0h_ligand,5.1
2reg_ligand,4.66
2rin_ligand,4.76
2rkf_ligand,8.16
2rkg_ligand,8.16
2ri9_ligand,4.56
2sim_ligand,5.41
2tpi_ligand,5.96
2rkm_ligand,5.63
2rk8_ligand,4.41
2rka_ligand,4.21
2rkd_ligand,4.35
2std_ligand,6.96
2rke_ligand,4.37
2uwl_ligand,6.18
2uxz_ligand,9.29
2uy0_ligand,9.63
2uwo_ligand,6.52
2rio_ligand,5.66
2uwp_ligand,6.08
2uwd_ligand,6.83
2uxi_ligand,5.63
2uy3_ligand,5.16
2uy4_ligand,4.83
2uy5_ligand,5.47
2uyq_ligand,5.1
2uyn_ligand,4.79
2v00_ligand,5.44
2v3u_ligand,4.86
2v2q_ligand,5.27
2v2v_ligand,5.36
2v7a_ligand,6.84
2v2c_ligand,4.67
2v8w_ligand,5.03
2v57_ligand,5.78
2v54_ligand,6.11
2v3d_ligand,5.59
2v95_ligand,7.04
2v58_ligand,6.61
2vfk_ligand,4.79
2v2h_ligand,4.72
2v59_ligand,6.04
2qwb_ligand,5.29
2vh0_ligand,6.82
2vh6_ligand,7.5
2vk2_ligand,5.66
2qwe_ligand,5.71
2vkm_ligand,8.82
2vb8_ligand,5.91
2vk6_ligand,5.78
2vmc_ligand,4.57
2vba_ligand,6.11
2vnt_ligand,6.32
2qwc_ligand,5.34
2vo4_ligand,4.66
2vpn_ligand,5.37
2qwf_ligand,5.74
2vpo_ligand,5.31
2vvc_ligand,7.41
2vt3_ligand,5.22
2qwd_ligand,5.36
2vrj_ligand,6.12
2vvu_ligand,7.35
2vjx_ligand,5.31
2vc9_ligand,5.47
2vvv_ligand,7.45
2vw5_ligand,7.07
2vl4_ligand,5.39
2vwc_ligand,6.67
2vwl_ligand,7.42
2vwn_ligand,7.43
2vwm_ligand,7.63
2vmf_ligand,5.56
2vzr_ligand,4.79
2vwo_ligand,7.43
2vvs_ligand,6.33
2vvn_ligand,6.02
2vyt_ligand,4.04
2w5g_ligand,4.79
2w9h_ligand,5.4
2vot_ligand,6.45
2w8y_ligand,8.34
2vo5_ligand,6.44
2w47_ligand,4.75
2vxn_ligand,4.81
2qta_ligand,6.68
2w26_ligand,6.86
2vw1_ligand,5.63
2vw2_ligand,5.1
2vqt_ligand,5.54
2we3_ligand,5.68
2w4x_ligand,5.29
2wc3_ligand,6.16
2wc4_ligand,6.34
2w8j_ligand,6.07
2w8w_ligand,5.89
2wf5_ligand,5.54
2wb5_ligand,6.39
2web_ligand,7.71
2weq_ligand,6.88
2wer_ligand,6.32
2w66_ligand,5.81
2wgj_ligand,7.09
2wjg_ligand,5.56
2w67_ligand,5.69
2wca_ligand,5.94
2wec_ligand,7.26
2w08_ligand,4.41
2wkz_ligand,9.71
2wl0_ligand,9.45
2wed_ligand,7.5
2wtv_ligand,7.67
2vhj_ligand,5.47
2wbg_ligand,6.26
2wyf_ligand,4.86
2wky_ligand,5.97
2whp_ligand,5.49
2wyg_ligand,6.74
2wlz_ligand,6.22
2wly_ligand,6.09
2wm0_ligand,7.06
2wyj_ligand,6.71
2wzm_ligand,6.57
2x4z_ligand,6.85
2wr8_ligand,7.16
2xab_ligand,6.74
2wk6_ligand,5.05
2wzf_ligand,6.25
2xb7_ligand,6.88
2xbv_ligand,7.66
2xbp_ligand,6.95
2xbw_ligand,8.07
2wvt_ligand,5.22
2wnc_ligand,6.07
2wn9_ligand,5.93
2xbx_ligand,7.93
2xc0_ligand,7.72
2xde_ligand,6.68
2xc4_ligand,7.88
2wnj_ligand,6.61
2wvz_ligand,5.49
2xdk_ligand,5.09
2xdx_ligand,5.5
2xht_ligand,6.28
2wzs_ligand,5.26
2rd6_ligand,5.94
2xdl_ligand,5.52
2xj1_ligand,7.1
2xj2_ligand,6.64
2xjj_ligand,6.85
2xjg_ligand,6.52
2x00_ligand,8.19
2x2r_ligand,6.76
2xib_ligand,5.36
2xjx_ligand,6.52
2xg9_ligand,5.37
2xii_ligand,6.6
2xog_ligand,5.46
2xp7_ligand,5.75
2xmy_ligand,6.47
2xnb_ligand,6.79
2xn3_ligand,6.48
2xn5_ligand,6.06
2xye_ligand,9.14
2xyf_ligand,8.7
2xxr_ligand,5.0
2xxt_ligand,5.78
2xxx_ligand,5.02
2y5f_ligand,6.64
2x0y_ligand,5.4
2y5g_ligand,6.5
2y5h_ligand,6.27
2xm2_ligand,5.68
2y7x_ligand,7.18
2y7z_ligand,7.29
2xm1_ligand,5.75
2y8c_ligand,6.46
2y80_ligand,7.28
2y81_ligand,7.41
2y82_ligand,7.36
2ya6_ligand,5.76
2ya7_ligand,5.97
2ydt_ligand,5.41
2ya8_ligand,5.8
2yay_ligand,6.89
2yaz_ligand,6.02
2ydw_ligand,6.89
2yek_ligand,6.46
2yb0_ligand,5.77
2yel_ligand,6.92
2yge_ligand,6.39
2ygf_ligand,6.84
2yfe_ligand,6.68
2yfx_ligand,6.49
2xys_ligand,6.84
2xyt_ligand,7.16
2yki_ligand,8.7
2yi0_ligand,6.21
2yi7_ligand,6.31
2yix_ligand,7.59
2yk1_ligand,5.64
2ylc_ligand,5.0
2yxj_ligand,8.49
2z4o_ligand,7.8
2zc9_ligand,7.02
2ypi_ligand,4.42
2zcq_ligand,6.6
2zb1_ligand,7.72
2xpk_ligand,7.1
2xb8_ligand,6.8
2zcr_ligand,7.38
2zdl_ligand,6.43
2zdk_ligand,6.67
2zdm_ligand,6.62
2zdn_ligand,6.56
2zda_ligand,7.01
2zcs_ligand,6.96
2zfp_ligand,6.25
2zfs_ligand,6.63
2zft_ligand,6.48
2zgx_ligand,6.41
2zq2_ligand,7.0
2zmm_ligand,6.7
2zjw_ligand,5.83
2zn7_ligand,6.99
2x6x_ligand,5.67
2zy1_ligand,6.48
2za5_ligand,7.42
2yme_ligand,6.12
2xj7_ligand,6.07
2zz1_ligand,6.44
2zkj_ligand,6.03
2zym_ligand,7.46
2zz2_ligand,6.23
3a2o_ligand,8.01
3a6t_ligand,5.87
2xda_ligand,6.95
3a1c_ligand,6.25
3a1d_ligand,5.84
3aau_ligand,5.98
3a1e_ligand,6.08
3aaq_ligand,6.25
3acw_ligand,7.13
3acx_ligand,7.24
3aid_ligand,7.8
3ag9_ligand,5.56
3ai8_ligand,5.14
3a5y_ligand,6.74
3agl_ligand,7.08
3ap4_ligand,4.68
2xd9_ligand,6.73
3b1m_ligand,7.9
3alt_ligand,4.51
3axz_ligand,5.94
3arp_ligand,6.78
3arq_ligand,6.69
3arw_ligand,5.82
3arx_ligand,5.36
3b4p_ligand,6.37
3b3x_ligand,4.47
3b5r_ligand,7.5
3b24_ligand,4.91
3b25_ligand,5.96
3b26_ligand,6.09
3b27_ligand,5.65
3b65_ligand,7.54
3b66_ligand,7.56
3b67_ligand,7.12
3b68_ligand,7.96
3be9_ligand,7.34
3bgb_ligand,7.23
3bfu_ligand,5.37
3bex_ligand,5.3
3b2q_ligand,5.54
2zq0_ligand,7.03
3bgc_ligand,8.13
3b7j_ligand,5.1
3bgq_ligand,6.81
3brn_ligand,5.4
3bgz_ligand,7.05
3bu1_ligand,4.57
3bqc_ligand,6.38
3bra_ligand,4.62
2ypo_ligand,5.63
3bbb_ligand,4.97
3bbf_ligand,5.36
3bva_ligand,8.4
3bvb_ligand,7.75
3buf_ligand,4.82
3bug_ligand,4.97
3bv9_ligand,6.95
3buh_ligand,5.34
3bwj_ligand,6.79
3bzf_ligand,8.92
3bxe_ligand,4.62
3bxf_ligand,5.67
3bxg_ligand,5.72
3bxh_ligand,5.63
3bgs_ligand,5.52
3c4h_ligand,5.41
3c39_ligand,4.79
3c84_ligand,5.97
3c2f_ligand,4.59
3c2r_ligand,5.14
3ccz_ligand,6.83
3ccw_ligand,6.97
3cct_ligand,7.92
2ymd_ligand,5.76
3c2o_ligand,5.0
3cfn_ligand,6.4
3cft_ligand,5.61
3cd0_ligand,6.92
3ckb_ligand,4.96
3cf8_ligand,5.85
3cj5_ligand,6.33
3ckp_ligand,7.11
3cd5_ligand,7.98
3cow_ligand,7.34
3cs7_ligand,7.43
3coy_ligand,7.26
3coz_ligand,6.94
3cyw_ligand,7.7
3cyx_ligand,9.06
3cyz_ligand,5.14
3cz1_ligand,5.56
3cke_ligand,5.21
3d0b_ligand,7.19
3d1x_ligand,9.09
3d1y_ligand,9.16
3d1z_ligand,7.74
3d6o_ligand,4.86
3cda_ligand,8.0
3d6p_ligand,4.76
3cd7_ligand,7.87
3d8z_ligand,4.86
3d78_ligand,5.54
3d7z_ligand,8.03
3d83_ligand,8.32
3d0e_ligand,7.27
3d91_ligand,8.51
3cdb_ligand,7.67
3djk_ligand,7.54
3da9_ligand,6.87
3djo_ligand,4.86
3djp_ligand,4.8
3djq_ligand,4.66
3dk1_ligand,7.81
3djv_ligand,5.07
3djx_ligand,4.95
3ctt_ligand,5.39
3dnd_ligand,5.19
3dne_ligand,5.81
3dp9_ligand,6.78
3dsz_ligand,6.28
3e3c_ligand,5.29
3dzt_ligand,6.81
3drg_ligand,9.31
3cl0_ligand,5.84
3e6y_ligand,5.83
3dri_ligand,4.75
3drf_ligand,7.22
3e92_ligand,8.27
3e93_ligand,8.86
3eax_ligand,5.32
3eb1_ligand,4.99
3ebl_ligand,7.02
3eeb_ligand,5.56
3eko_ligand,5.5
3ekp_ligand,7.33
3ckz_ligand,5.91
3ekr_ligand,6.34
3ekt_ligand,7.67
3ekv_ligand,7.53
3ekw_ligand,9.01
3ekx_ligand,8.37
3el1_ligand,8.77
3el4_ligand,8.88
3el5_ligand,8.19
3el9_ligand,8.87
3ery_ligand,9.22
3eqr_ligand,8.16
3evd_ligand,5.11
3ed0_ligand,5.85
3egt_ligand,6.35
3f3d_ligand,5.06
3f3c_ligand,5.79
3f8c_ligand,7.24
3f8f_ligand,7.02
3f3e_ligand,5.48
3f68_ligand,7.12
3f78_ligand,4.56
3exe_ligand,6.68
3exh_ligand,6.52
3fas_ligand,5.15
3f70_ligand,4.08
3fat_ligand,5.67
3ffg_ligand,8.65
3fhb_ligand,5.23
3fj7_ligand,4.91
3fjg_ligand,4.62
3f80_ligand,4.7
3f48_ligand,4.82
3fqe_ligand,6.87
3fl5_ligand,6.64
3fur_ligand,7.91
3fuz_ligand,5.07
3fv1_ligand,6.47
3fv2_ligand,6.36
3fvh_ligand,5.69
3fv3_ligand,7.57
3fql_ligand,7.67
3fvk_ligand,6.21
3fvn_ligand,6.21
3fzy_ligand,5.94
3fuc_ligand,6.35
3g0e_ligand,6.5
3g0w_ligand,7.04
3ebp_ligand,6.5
3g2y_ligand,4.91
3g1d_ligand,6.24
3g19_ligand,5.76
3g1v_ligand,6.12
3g3r_ligand,5.08
3g30_ligand,5.04
3g31_ligand,4.62
3g34_ligand,4.54
3g35_ligand,5.91
3ga5_ligand,6.06
3gba_ligand,6.48
3gbb_ligand,6.04
3g0i_ligand,5.42
3ebo_ligand,6.23
3ggu_ligand,7.26
3gcp_ligand,7.2
3gcs_ligand,7.65
3gi4_ligand,7.77
3gi5_ligand,7.83
3gi6_ligand,7.68
3gdt_ligand,4.57
3gk1_ligand,4.92
3gkz_ligand,5.85
3gbe_ligand,5.17
3gjw_ligand,5.74
3gm0_ligand,5.78
3gcu_ligand,9.22
3gqz_ligand,5.16
3gr2_ligand,4.81
3gs6_ligand,5.28
3gsm_ligand,4.82
3gss_ligand,6.28
3gvu_ligand,8.73
3gv9_ligand,4.84
3gnw_ligand,7.87
3gvb_ligand,5.76
3gst_ligand,7.18
3gy2_ligand,6.1
3d7k_ligand,8.27
3h1x_ligand,5.22
3gy3_ligand,6.18
3gy4_ligand,5.14
3gy7_ligand,5.09
3h5b_ligand,7.69
3gx0_ligand,5.4
3h8b_ligand,8.02
3h89_ligand,7.92
3hcm_ligand,4.82
3hk1_ligand,5.55
3h30_ligand,5.5
3hit_ligand,6.07
3hek_ligand,6.78
3hb4_ligand,8.21
3hl7_ligand,6.62
3h78_ligand,5.28
3hll_ligand,7.0
3hmo_ligand,7.2
3hmp_ligand,5.58
3hkw_ligand,7.18
3hky_ligand,7.06
3hl8_ligand,5.77
3hv8_ligand,6.94
3hub_ligand,7.66
3hvi_ligand,8.65
3hvj_ligand,8.65
3huc_ligand,7.15
3hp9_ligand,5.94
3i6o_ligand,8.48
3i7e_ligand,7.45
3i5z_ligand,7.38
3f6e_ligand,8.35
3i60_ligand,7.46
3i9g_ligand,6.45
3i25_ligand,9.73
3c2u_ligand,5.45
3ikd_ligand,6.03
3ikg_ligand,6.24
3ies_ligand,8.38
3ifl_ligand,6.55
3ijh_ligand,5.24
3i4b_ligand,7.45
3imc_ligand,5.07
3ip5_ligand,4.89
3ime_ligand,5.32
3ip8_ligand,5.42
3iob_ligand,5.81
3ioc_ligand,6.9
3ioe_ligand,6.28
3ip6_ligand,5.15
3ip9_ligand,4.63
3isj_ligand,5.6
3iph_ligand,7.55
3ipq_ligand,9.49
3iqu_ligand,5.5
3ipu_ligand,7.27
3iss_ligand,6.35
3hww_ligand,4.22
3iub_ligand,6.25
3iue_ligand,6.6
3fzn_ligand,8.51
3iw5_ligand,7.65
3ivc_ligand,6.85
3ivg_ligand,6.9
3jrs_ligand,6.02
3iw6_ligand,6.95
3ivx_ligand,7.17
3juo_ligand,5.79
3jup_ligand,6.13
3jvr_ligand,5.88
3jvs_ligand,6.84
3jy0_ligand,5.89
3jya_ligand,5.64
3jyr_ligand,7.54
3jrx_ligand,8.03
3jzh_ligand,5.17
3jzj_ligand,7.99
3k00_ligand,7.63
3k02_ligand,7.98
2zxd_ligand,5.65
3jdw_ligand,4.34
3k5v_ligand,6.52
3k4q_ligand,5.04
3k97_ligand,6.41
3k99_ligand,6.19
3k8c_ligand,4.96
3kdb_ligand,9.04
3kdc_ligand,8.99
3kdd_ligand,8.74
3kgp_ligand,4.79
3kiv_ligand,4.42
3kdm_ligand,7.25
3kgt_ligand,6.08
3kgu_ligand,5.93
3kku_ligand,5.43
3k8o_ligand,5.46
3kjd_ligand,5.95
3k8q_ligand,5.16
3kyq_ligand,4.9
3l3m_ligand,6.7
3kmy_ligand,5.53
3kmx_ligand,5.53
3kv2_ligand,4.83
3kqr_ligand,4.12
3l4u_ligand,5.18
3k37_ligand,6.24
3l4v_ligand,5.28
3l59_ligand,5.47
2zx6_ligand,6.42
3ldp_ligand,6.0
3l4x_ligand,5.21
3l4w_ligand,5.16
3ljo_ligand,5.99
3ldq_ligand,5.52
3liw_ligand,7.26
3lgs_ligand,5.67
3l4y_ligand,5.35
3l4z_ligand,5.24
3lpi_ligand,8.39
3lpk_ligand,8.84
3lmk_ligand,5.08
3lp7_ligand,4.71
3iae_ligand,8.76
3lp4_ligand,4.38
3lzs_ligand,7.56
3lzu_ligand,7.44
3lxk_ligand,6.22
3lzz_ligand,4.6
3m35_ligand,7.04
3m3c_ligand,5.06
3m36_ligand,8.05
2zx8_ligand,6.7
3m37_ligand,7.95
3mam_ligand,4.29
3mhw_ligand,4.89
3miy_ligand,6.36
3m8u_ligand,7.04
3lvw_ligand,5.19
3ms9_ligand,5.29
3lpp_ligand,5.55
3mxd_ligand,8.03
3mxe_ligand,7.94
3mss_ligand,5.58
3n3g_ligand,5.54
3myg_ligand,6.26
3n7o_ligand,7.1
3mof_ligand,4.3
3mfv_ligand,4.92
3mfw_ligand,4.58
3n35_ligand,4.88
3mjl_ligand,4.01
3nee_ligand,6.29
3neo_ligand,6.77
3mf5_ligand,7.25
3nes_ligand,6.28
3nex_ligand,6.71
3nhi_ligand,6.94
3ng4_ligand,4.69
3n1c_ligand,5.27
3nkk_ligand,5.33
3nht_ligand,6.54
3nq3_ligand,5.25
3nq9_ligand,4.52
3nu3_ligand,7.63
3npc_ligand,9.38
3nu4_ligand,7.55
3nu5_ligand,7.49
3nu6_ligand,7.58
3nu9_ligand,7.34
3nuj_ligand,7.56
3nuo_ligand,7.57
3nw3_ligand,6.35
3nyd_ligand,5.2
3nyx_ligand,7.28
3n8k_ligand,5.42
3n86_ligand,7.21
3o5x_ligand,5.72
3o9a_ligand,7.79
3n7a_ligand,5.5
3o9d_ligand,7.93
3o9e_ligand,8.05
3lq2_ligand,6.28
3o8p_ligand,7.13
3o9i_ligand,8.11
3o4k_ligand,7.7
3o99_ligand,7.89
3o5n_ligand,6.42
3lpl_ligand,4.56
3oaf_ligand,6.21
3ocp_ligand,5.76
3oe4_ligand,7.31
3ok9_ligand,7.69
3ov1_ligand,5.9
3oe5_ligand,7.3
3ove_ligand,6.32
3o84_ligand,6.34
3n76_ligand,7.06
3oy8_ligand,4.58
3ocz_ligand,5.65
3oyw_ligand,4.72
3nsn_ligand,6.42
3own_ligand,9.19
3ozj_ligand,6.13
3owj_ligand,6.02
3ozr_ligand,5.98
3ozs_ligand,7.22
3ozt_ligand,7.26
3p5o_ligand,6.53
3p2e_ligand,6.16
3old_ligand,8.08
3p8n_ligand,7.84
3p8o_ligand,7.37
3p8p_ligand,5.52
3p3t_ligand,5.8
3p8z_ligand,7.09
3p17_ligand,6.5
3p9m_ligand,8.81
3p9l_ligand,8.93
3pe1_ligand,7.28
3pe2_ligand,6.98
3p7i_ligand,4.69
3pd9_ligand,5.59
3po1_ligand,5.75
3pn1_ligand,5.98
3ppp_ligand,4.42
3pju_ligand,7.54
3ozg_ligand,5.9
3ppq_ligand,4.32
3ppr_ligand,5.02
3nox_ligand,6.41
3prs_ligand,7.98
3pwm_ligand,7.69
2zx7_ligand,6.26
3pyy_ligand,6.61
3q7q_ligand,5.63
3q6z_ligand,5.96
3pww_ligand,8.78
3qaa_ligand,7.53
3qbc_ligand,4.99
3q71_ligand,6.74
3q6w_ligand,7.88
3qdd_ligand,5.93
3k4d_ligand,5.12
2zwz_ligand,5.58
3qgw_ligand,6.44
3qgy_ligand,6.65
3qkd_ligand,8.82
3q2j_ligand,5.71
3qfd_ligand,8.09
3qox_ligand,6.66
3pwk_ligand,4.8
3qto_ligand,6.7
3qqs_ligand,6.23
3qps_ligand,6.83
3qx9_ligand,4.97
3qxt_ligand,6.63
3qtv_ligand,6.71
3qxv_ligand,6.7
3r1v_ligand,6.52
3q1x_ligand,4.41
3qwc_ligand,6.68
3qx5_ligand,7.0
3ozp_ligand,6.54
3r4m_ligand,5.48
3rdo_ligand,5.61
3r4n_ligand,5.82
3r4p_ligand,6.53
3rdq_ligand,5.58
3r6u_ligand,4.42
3rlb_ligand,6.11
3r5t_ligand,7.06
3r7o_ligand,7.84
3qt6_ligand,5.78
3rlp_ligand,5.8
3re4_ligand,5.47
3rlq_ligand,6.11
3rlr_ligand,6.45
3rux_ligand,8.29
3s0b_ligand,6.95
3roc_ligand,6.69
3rm9_ligand,5.57
3ppm_ligand,7.19
3rsx_ligand,5.7
3rwp_ligand,6.84
3s0e_ligand,5.47
3s8l_ligand,6.04
3s8n_ligand,6.08
3s8o_ligand,6.27
3ru1_ligand,5.77
3r88_ligand,4.93
3rv8_ligand,5.49
3s43_ligand,7.5
3s54_ligand,7.41
3sha_ligand,6.59
3shc_ligand,6.8
3si3_ligand,6.5
3si4_ligand,6.59
3s2v_ligand,6.0
3slz_ligand,10.62
3sk2_ligand,5.99
3sm2_ligand,7.32
3spf_ligand,5.75
3s9e_ligand,5.07
3st5_ligand,7.82
3sr4_ligand,6.74
3std_ligand,8.09
3rv4_ligand,6.37
3sus_ligand,5.85
3sut_ligand,6.46
3sur_ligand,5.84
3suu_ligand,6.33
3sv2_ligand,6.56
3t0x_ligand,8.08
3t1m_ligand,5.62
3suv_ligand,5.46
3t2w_ligand,5.62
3t3c_ligand,7.49
3suw_ligand,5.76
3sxf_ligand,7.49
3sio_ligand,7.55
3sfg_ligand,4.59
3t60_ligand,6.66
3ta0_ligand,6.27
3t3u_ligand,7.33
3t64_ligand,6.41
3ta1_ligand,6.63
3t70_ligand,6.45
3tf6_ligand,4.84
3td4_ligand,4.79
3th9_ligand,7.73
3tao_ligand,4.75
3tfp_ligand,7.54
3tkw_ligand,7.58
3tb6_ligand,4.99
3pfp_ligand,5.7
3tcg_ligand,5.78
3s6t_ligand,6.14
3ttp_ligand,7.46
3t6b_ligand,8.31
3tif_ligand,6.11
3u5j_ligand,6.39
3ttm_ligand,4.74
3tmk_ligand,8.21
3u5l_ligand,6.5
3tu7_ligand,7.2
3tzm_ligand,7.13
3u6i_ligand,8.77
3t1a_ligand,7.97
3u6h_ligand,8.33
3tza_ligand,6.02
3u9q_ligand,5.52
3tfu_ligand,6.19
3u81_ligand,6.19
3tz0_ligand,5.19
3ubd_ligand,7.06
3ueu_ligand,5.35
3uev_ligand,5.6
3uew_ligand,5.68
3uex_ligand,5.98
3uj9_ligand,4.96
3qfy_ligand,4.88
3ujc_ligand,4.95
3ujd_ligand,4.96
3qfz_ligand,5.03
3uo4_ligand,7.41
3uod_ligand,6.88
3u10_ligand,6.4
3up2_ligand,6.91
3upv_ligand,5.94
3ug2_ligand,5.82
3uil_ligand,4.13
3u8k_ligand,5.66
3u8l_ligand,6.23
3u8j_ligand,5.61
3utu_ligand,7.56
3uri_ligand,7.31
3uxd_ligand,5.29
3u8n_ligand,6.16
3uu1_ligand,5.32
3upk_ligand,6.43
3umq_ligand,3.98
3uug_ligand,5.71
3v2n_ligand,5.87
3uz5_ligand,5.31
3v2p_ligand,6.49
3uzj_ligand,4.98
3v2q_ligand,6.13
3uyr_ligand,5.83
3vf5_ligand,7.76
3vf7_ligand,7.93
3usx_ligand,4.45
3vfa_ligand,7.68
3v78_ligand,8.21
3vfb_ligand,7.89
3vha_ligand,6.7
3vhc_ligand,6.95
3vhd_ligand,6.68
3v5p_ligand,6.79
3v5t_ligand,7.47
3veh_ligand,5.73
3vhk_ligand,6.81
3uxk_ligand,5.38
3v51_ligand,8.62
3uxl_ligand,5.32
3vje_ligand,9.24
3w9r_ligand,6.11
3w9k_ligand,5.92
3wha_ligand,6.37
3sww_ligand,5.95
3vvy_ligand,7.19
3vw1_ligand,7.16
3wgg_ligand,7.06
3w07_ligand,6.2
3wtj_ligand,5.98
3wtl_ligand,5.87
3vx3_ligand,6.41
3wvm_ligand,6.08
3wtm_ligand,5.81
3wto_ligand,5.67
3wz7_ligand,7.06
3wjw_ligand,6.54
3wz8_ligand,7.23
3wmc_ligand,5.82
3wz6_ligand,7.04
3wzn_ligand,5.86
3x00_ligand,5.55
3zbx_ligand,7.25
3vtr_ligand,6.08
3hu3_ligand,6.54
3zc5_ligand,7.41
3zcl_ligand,6.88
3zi8_ligand,5.1
3zk6_ligand,7.21
3zdv_ligand,5.35
3zln_ligand,8.09
3zj6_ligand,6.25
3zpu_ligand,9.11
3zlr_ligand,8.76
3zqe_ligand,5.71
3zm9_ligand,6.77
3zso_ligand,6.92
3zsq_ligand,6.75
3zsx_ligand,6.44
3vjc_ligand,8.77
3zi0_ligand,5.54
3zt2_ligand,6.48
3zt3_ligand,6.54
3zyu_ligand,6.27
3zsy_ligand,6.52
3zhx_ligand,5.92
3zq9_ligand,5.2
3zyf_ligand,4.95
3zxz_ligand,6.86
4a4q_ligand,9.16
4a6b_ligand,9.17
4a6c_ligand,8.86
3w37_ligand,6.48
3zze_ligand,7.08
4a4v_ligand,6.38
4a4w_ligand,7.44
4a6s_ligand,5.37
3zdh_ligand,5.17
3zdg_ligand,4.99
4ab9_ligand,5.09
4a7i_ligand,6.54
4aba_ligand,4.85
4abb_ligand,4.94
4abd_ligand,5.21
4abe_ligand,5.09
4abf_ligand,5.18
4abg_ligand,5.11
4abh_ligand,5.25
4ad6_ligand,5.13
4a95_ligand,6.26
4aci_ligand,5.21
4ad2_ligand,5.3
4ad3_ligand,5.38
4ag8_ligand,7.72
4ahr_ligand,5.32
4agc_ligand,7.8
4ahs_ligand,5.48
3w5n_ligand,5.47
4ahu_ligand,5.12
4aoi_ligand,6.85
3zll_ligand,5.0
4ap7_ligand,6.88
4acc_ligand,6.16
4aqh_ligand,6.76
4a6l_ligand,7.32
4asd_ligand,7.98
4ase_ligand,7.77
4att_ligand,5.6
4auj_ligand,5.73
4av4_ligand,5.54
4av5_ligand,6.34
3zv7_ligand,5.57
3v4t_ligand,6.44
4ax9_ligand,7.17
4afg_ligand,6.06
4asj_ligand,6.59
4alx_ligand,6.36
4ayp_ligand,6.04
4ayq_ligand,5.09
4avs_ligand,4.61
4az6_ligand,6.67
4ayu_ligand,4.68
4azc_ligand,5.58
4azg_ligand,6.51
4azi_ligand,6.68
4b0b_ligand,5.8
4b2i_ligand,4.86
4b2l_ligand,4.84
4arw_ligand,5.84
4b3b_ligand,5.91
4arb_ligand,6.45
4b3c_ligand,4.64
4b3d_ligand,4.8
4ara_ligand,6.34
4aje_ligand,5.58
4aj4_ligand,5.21
4aji_ligand,5.5
4b7p_ligand,6.91
4az5_ligand,5.72
4azb_ligand,6.35
4b1j_ligand,6.91
4b6r_ligand,6.59
4ajl_ligand,5.92
4b33_ligand,5.4
4b32_ligand,5.35
4b9k_ligand,7.1
4b34_ligand,4.92
4b8y_ligand,6.38
4b35_ligand,5.09
4bak_ligand,7.28
4bah_ligand,7.09
4bam_ligand,7.19
4ban_ligand,7.14
4baq_ligand,7.32
4bao_ligand,7.24
4bc5_ligand,4.54
4b5d_ligand,5.72
4bcm_ligand,6.68
4bck_ligand,5.97
4bb9_ligand,5.47
4b9z_ligand,6.61
4bcs_ligand,6.12
4bcn_ligand,6.4
4bj8_ligand,6.15
4bco_ligand,7.17
4bi6_ligand,4.61
4bcp_ligand,6.76
4bi7_ligand,4.63
4bks_ligand,6.1
4bqg_ligand,6.01
4bqs_ligand,5.51
4bkt_ligand,5.3
4buq_ligand,5.33
4bs0_ligand,5.22
4btk_ligand,6.21
4c2v_ligand,7.24
4c1t_ligand,7.03
4c1u_ligand,6.34
4bqh_ligand,6.82
4c1y_ligand,4.82
4c9x_ligand,6.94
4c52_ligand,7.19
4c5d_ligand,7.78
4cc5_ligand,4.91
4cd0_ligand,6.73
4b76_ligand,5.56
4cd4_ligand,5.63
4cfl_ligand,6.34
4br3_ligand,6.61
4cd5_ligand,5.85
4b73_ligand,6.51
4ceb_ligand,6.61
3k1j_ligand,6.28
4cig_ligand,6.38
4cg9_ligand,6.78
4b74_ligand,6.96
4cj4_ligand,6.22
4cgi_ligand,6.51
4cjp_ligand,6.15
4cjq_ligand,6.26
4cjr_ligand,6.24
4b6o_ligand,6.36
4ck3_ligand,5.9
4cl6_ligand,6.62
4cp7_ligand,8.85
4cpr_ligand,8.44
4clj_ligand,6.73
4cps_ligand,9.01
4cmo_ligand,6.16
4b7j_ligand,5.71
4cg8_ligand,7.78
4cpw_ligand,8.99
4cp5_ligand,4.79
4cga_ligand,6.65
4cpt_ligand,9.19
4cra_ligand,7.38
4crb_ligand,7.61
4crf_ligand,7.64
4css_ligand,6.15
4csd_ligand,5.23
4cst_ligand,6.44
4b6p_ligand,6.66
4cr5_ligand,5.41
4cr9_ligand,5.27
4c6u_ligand,6.05
4cwo_ligand,6.47
4cwp_ligand,6.39
4cwq_ligand,6.51
4cwr_ligand,6.31
4cwn_ligand,6.32
4cwf_ligand,5.87
4cws_ligand,6.5
4cwt_ligand,6.45
4b7r_ligand,5.77
4crl_ligand,7.15
4d3h_ligand,6.9
4cpy_ligand,5.76
4cpz_ligand,5.85
4d7b_ligand,6.17
4d1j_ligand,4.9
4czs_ligand,6.46
4de0_ligand,6.01
4d8z_ligand,5.18
4dcs_ligand,5.91
4daf_ligand,5.18
4ciw_ligand,5.72
4db7_ligand,5.08
4cu7_ligand,5.19
4cu8_ligand,5.27
4ddh_ligand,5.37
4ddk_ligand,5.24
4dfg_ligand,7.9
4djo_ligand,7.57
4djp_ligand,7.46
4ddm_ligand,4.89
4djq_ligand,7.3
4djr_ligand,7.42
4der_ligand,5.71
4det_ligand,5.63
4des_ligand,6.02
4deu_ligand,5.9
4b6s_ligand,6.56
4dew_ligand,5.72
4da5_ligand,6.08
4de5_ligand,5.22
4dju_ligand,6.08
4djv_ligand,7.02
4djw_ligand,6.66
4dko_ligand,6.45
4djx_ligand,6.46
4dkp_ligand,6.12
4dkq_ligand,6.38
4dst_ligand,4.84
4djy_ligand,6.68
4dkr_ligand,6.29
4dsu_ligand,4.72
4duh_ligand,6.46
4dld_ligand,6.13
4e4l_ligand,6.12
4e4n_ligand,6.43
4e6q_ligand,6.15
4dbm_ligand,6.15
4e67_ligand,7.24
4e7r_ligand,7.85
4dmw_ligand,5.26
4egk_ligand,6.59
4dq2_ligand,7.64
4ehz_ligand,5.76
4e5w_ligand,6.66
4ej8_ligand,4.43
4e6d_ligand,5.94
4dzy_ligand,5.75
4ejl_ligand,4.51
4ei4_ligand,6.0
4do5_ligand,5.07
4elf_ligand,7.82
4elg_ligand,7.94
4elh_ligand,7.56
4ef6_ligand,5.34
4efk_ligand,4.46
4emf_ligand,5.51
4emr_ligand,5.65
4epy_ligand,5.7
4ek9_ligand,5.84
4erf_ligand,6.85
4e70_ligand,5.65
4er1_ligand,9.19
4er2_ligand,7.48
4etz_ligand,5.69
4eu0_ligand,5.6
4ew2_ligand,6.33
4euo_ligand,4.75
4ewn_ligand,5.29
4eb8_ligand,5.87
4ezx_ligand,6.5
4e0x_ligand,5.73
4dy6_ligand,6.36
4eor_ligand,6.62
4f1l_ligand,6.2
4en4_ligand,4.78
4f0c_ligand,6.12
4eoh_ligand,4.54
4eo8_ligand,6.62
4eo6_ligand,6.82
4f7v_ligand,7.76
4fcq_ligand,6.5
4f2w_ligand,6.21
4f3c_ligand,6.82
4f5y_ligand,6.88
4f6u_ligand,7.66
4fht_ligand,5.7
4f09_ligand,5.65
4fev_ligand,6.48
4f3k_ligand,6.44
4f6w_ligand,9.6
4f9y_ligand,7.02
4flp_ligand,6.71
4fk6_ligand,6.2
4g0p_ligand,4.77
4ffs_ligand,6.84
4g0q_ligand,4.85
4g0y_ligand,4.83
4fl1_ligand,5.29
4g0z_ligand,4.79
4fxp_ligand,6.05
4fsl_ligand,7.35
4g8v_ligand,5.14
4g4p_ligand,5.32
4ezr_ligand,7.23
4g8y_ligand,5.18
4g90_ligand,5.05
4g8m_ligand,5.68
4ezz_ligand,7.68
4g95_ligand,6.26
4fxq_ligand,6.23
4ggz_ligand,6.12
4fzj_ligand,4.34
4ge1_ligand,5.12
4e1k_ligand,6.94
4ghi_ligand,6.66
4gfo_ligand,5.96
4gg7_ligand,7.05
4gfm_ligand,5.98
4gah_ligand,6.31
4fl2_ligand,6.1
4g5f_ligand,5.22
4g8n_ligand,5.59
4gih_ligand,6.63
4gii_ligand,6.69
4gqp_ligand,5.85
4gj2_ligand,6.57
4gj3_ligand,6.66
4gny_ligand,5.49
4gid_ligand,9.47
4fs4_ligand,6.54
4gu9_ligand,5.34
4gkm_ligand,6.43
4gue_ligand,7.01
4gq4_ligand,6.27
4h42_ligand,5.05
4h3f_ligand,7.07
4h3g_ligand,7.02
4gu6_ligand,6.73
4gqq_ligand,5.03
4gqr_ligand,5.63
4h3j_ligand,7.21
4h75_ligand,6.18
4hbm_ligand,7.11
4hdb_ligand,7.84
4hdf_ligand,7.62
4hdp_ligand,7.86
4heg_ligand,7.76
4hp0_ligand,6.44
4hla_ligand,7.58
4hfp_ligand,6.67
4ha5_ligand,5.96
4hpi_ligand,5.89
4hge_ligand,6.58
4h7q_ligand,5.06
4hw3_ligand,7.17
4i7j_ligand,5.1
4hj2_ligand,6.43
4h81_ligand,5.71
4fys_ligand,7.51
4i7k_ligand,5.36
4hy1_ligand,6.62
4hzm_ligand,5.05
4i7l_ligand,5.15
4h85_ligand,5.23
4i5c_ligand,6.01
4hym_ligand,6.29
4i7p_ligand,4.57
4i7m_ligand,5.62
4i8w_ligand,7.58
4ibb_ligand,6.4
4ibc_ligand,6.73
4i8z_ligand,7.61
4ibd_ligand,6.32
4ibe_ligand,6.41
4ibf_ligand,6.11
4ibi_ligand,6.9
4ibg_ligand,6.84
4ibj_ligand,6.87
4i8n_ligand,6.5
4ibk_ligand,6.56
4i3z_ligand,5.63
4i54_ligand,6.61
4ieh_ligand,8.72
4ih5_ligand,5.61
4ih6_ligand,6.55
4ij1_ligand,6.16
4io2_ligand,5.1
4ido_ligand,6.7
4idn_ligand,7.26
4io3_ligand,5.0
4io5_ligand,4.86
4io6_ligand,4.95
4gzw_ligand,4.97
4io4_ligand,4.83
4gzx_ligand,4.93
4gzp_ligand,5.61
4io7_ligand,5.57
4ish_ligand,7.3
4isi_ligand,7.13
4i9u_ligand,5.52
4iva_ligand,6.15
4ivb_ligand,6.38
4ivc_ligand,6.53
4isu_ligand,5.28
4j7d_ligand,7.43
4iuo_ligand,5.58
4ipi_ligand,4.56
4j7e_ligand,6.25
4i9h_ligand,7.58
4ipj_ligand,4.56
4j93_ligand,5.96
4jfk_ligand,6.81
4gzt_ligand,5.42
4jfm_ligand,5.59
4jkw_ligand,4.37
4ivd_ligand,6.46
4jal_ligand,6.17
4jwk_ligand,4.89
4jn2_ligand,7.32
4jx9_ligand,4.78
4jxs_ligand,5.72
4jia_ligand,6.9
4jyt_ligand,7.56
4i8x_ligand,5.41
4j28_ligand,5.54
4jz1_ligand,7.64
4jzi_ligand,7.03
4jym_ligand,5.04
4jfs_ligand,5.49
4k7i_ligand,4.66
4k3h_ligand,7.7
4k4j_ligand,7.68
4k7n_ligand,4.93
4k6i_ligand,8.7
4k0y_ligand,6.58
4k55_ligand,4.13
4k9y_ligand,8.84
4kb9_ligand,8.09
4ipn_ligand,5.46
4kcx_ligand,5.74
4k18_ligand,6.99
4kao_ligand,8.35
4k77_ligand,5.7
4kax_ligand,6.66
4jyb_ligand,5.87
4jyc_ligand,5.61
4km0_ligand,5.98
4km2_ligand,5.31
4kfq_ligand,5.77
4kmz_ligand,7.33
4kn0_ligand,7.13
4kow_ligand,5.98
4kn1_ligand,7.0
4kqp_ligand,5.28
4kxn_ligand,6.23
4kz3_ligand,4.76
4ksy_ligand,7.53
4kz4_ligand,5.47
4kz6_ligand,5.17
4kz7_ligand,5.14
4l4z_ligand,5.08
4l50_ligand,5.7
4lar_ligand,5.65
4kiu_ligand,6.59
4l9i_ligand,5.76
4l51_ligand,5.19
4l4v_ligand,6.24
4lhv_ligand,5.92
4lj5_ligand,5.58
4lj8_ligand,5.87
4ljh_ligand,5.34
4lk7_ligand,5.43
4lhm_ligand,5.26
4ll3_ligand,7.57
4loh_ligand,7.62
4iic_ligand,5.14
4loi_ligand,7.68
4lov_ligand,5.48
4loo_ligand,6.59
4iid_ligand,5.26
4luz_ligand,7.14
4loy_ligand,7.2
4lyw_ligand,5.88
4lvt_ligand,8.99
4lxd_ligand,7.6
4lzr_ligand,5.63
4lzs_ligand,5.38
4m0y_ligand,5.98
4iif_ligand,5.65
4kwf_ligand,6.67
4m8e_ligand,7.84
4m8h_ligand,7.86
4m7j_ligand,5.45
4m8x_ligand,7.43
4m0r_ligand,6.83
4m8y_ligand,7.49
4m12_ligand,7.65
4mc1_ligand,8.05
4m13_ligand,7.92
4m14_ligand,6.07
4mc2_ligand,7.94
4mc6_ligand,8.21
4mc9_ligand,7.74
4mdn_ligand,7.69
4kwg_ligand,5.82
4ly9_ligand,7.55
4mhz_ligand,5.26
4mmm_ligand,5.22
4mgd_ligand,6.87
4mn3_ligand,7.84
4mmp_ligand,5.81
4mnp_ligand,5.64
4mjp_ligand,6.27
4mr3_ligand,5.67
4mre_ligand,4.54
4mr6_ligand,5.67
4mrg_ligand,4.76
4mo4_ligand,5.16
4mq6_ligand,6.91
4muv_ligand,6.46
4mpn_ligand,5.71
4mme_ligand,6.9
4myd_ligand,5.71
4muf_ligand,7.32
4mul_ligand,7.42
4mss_ligand,5.47
4n6g_ligand,5.11
4n7u_ligand,4.03
4n6z_ligand,6.15
4ks1_ligand,5.97
4ks4_ligand,6.14
4n5d_ligand,4.88
4n8q_ligand,4.98
4na9_ligand,7.26
4m0e_ligand,6.81
4ndu_ligand,4.77
4n7m_ligand,5.76
4nbk_ligand,5.95
4nbl_ligand,6.21
4n9a_ligand,5.17
4ncn_ligand,7.14
4nh8_ligand,7.39
4nnr_ligand,7.58
4nh7_ligand,7.81
4np2_ligand,4.82
4non_ligand,5.23
4np3_ligand,4.92
4nra_ligand,5.31
4lkk_ligand,5.02
4np9_ligand,4.54
4jh0_ligand,6.14
4nuc_ligand,6.29
4nue_ligand,6.21
4nkt_ligand,5.34
4n9c_ligand,4.93
4nl1_ligand,4.82
4o0a_ligand,7.54
4nwc_ligand,5.63
4nbn_ligand,6.67
4nku_ligand,5.2
4nxu_ligand,5.31
4nxv_ligand,5.25
4o0b_ligand,8.09
4o04_ligand,7.2
4o0x_ligand,7.47
4o0y_ligand,6.91
4o2p_ligand,7.05
4o05_ligand,7.98
4o6w_ligand,7.59
4o07_ligand,8.07
4o2c_ligand,8.66
4o9v_ligand,7.38
4o09_ligand,7.87
4o3f_ligand,5.95
4o9w_ligand,5.94
4o61_ligand,4.69
4o97_ligand,6.92
4oct_ligand,4.5
4ogj_ligand,6.49
4nvp_ligand,6.58
4ocq_ligand,5.53
4omj_ligand,8.84
4or4_ligand,5.27
4oiv_ligand,8.2
4omk_ligand,8.84
4og4_ligand,6.63
4og3_ligand,6.59
4or6_ligand,5.14
4oag_ligand,5.46
4p3h_ligand,6.35
4ozj_ligand,6.19
4omc_ligand,7.36
4p5z_ligand,8.46
4p5d_ligand,7.54
4oks_ligand,6.25
4p6c_ligand,5.11
4lko_ligand,5.89
4owv_ligand,4.83
4owm_ligand,4.72
4ovf_ligand,5.57
4p6w_ligand,8.33
4p58_ligand,5.42
4p6x_ligand,7.39
4ovg_ligand,5.47
4ovh_ligand,5.52
4pin_ligand,4.84
4pg9_ligand,9.11
4pcs_ligand,5.77
4pee_ligand,5.93
4phu_ligand,7.34
4pmm_ligand,8.28
4poh_ligand,7.72
4pop_ligand,6.17
4poj_ligand,7.81
4pft_ligand,6.68
4pow_ligand,6.53
4pfu_ligand,5.95
4pox_ligand,6.45
4pp3_ligand,7.91
4pp0_ligand,6.35
4psb_ligand,6.63
4pp5_ligand,7.86
4q0k_ligand,6.73
4q1x_ligand,7.79
4q1w_ligand,7.77
4pf5_ligand,4.9
4q1y_ligand,7.75
4q46_ligand,5.13
4pnu_ligand,6.2
4pzv_ligand,7.24
4qb3_ligand,5.85
4q9o_ligand,8.04
4q19_ligand,6.59
4pb2_ligand,5.2
4pvx_ligand,6.99
4pvy_ligand,7.14
4qem_ligand,5.16
4qer_ligand,5.96
4oma_ligand,6.26
4qev_ligand,6.44
4qew_ligand,6.67
4qf7_ligand,6.05
4qf8_ligand,4.39
4qdk_ligand,6.77
4qgd_ligand,4.98
4qgi_ligand,9.02
4q93_ligand,5.77
4qf9_ligand,5.53
4fp1_ligand,4.61
4ql1_ligand,7.11
4qfl_ligand,6.41
4qfn_ligand,5.4
4q3u_ligand,4.7
4q3t_ligand,4.78
4qfo_ligand,6.03
4qfp_ligand,5.89
4qp2_ligand,5.12
4qsv_ligand,4.8
4qpd_ligand,6.27
4qsu_ligand,4.49
4r4i_ligand,7.44
4r4c_ligand,7.58
4r4o_ligand,6.99
4qac_ligand,7.56
4qrh_ligand,6.9
4r4t_ligand,7.31
4qxo_ligand,6.31
4qyy_ligand,7.9
4r73_ligand,5.93
4r74_ligand,5.59
4r75_ligand,6.04
4m6u_ligand,4.5
4rdn_ligand,5.61
4r06_ligand,8.63
4rak_ligand,8.35
4rd0_ligand,6.0
4rd3_ligand,6.04
4r3w_ligand,5.34
4ra1_ligand,5.64
4rfr_ligand,6.82
4rfm_ligand,7.48
4rd6_ligand,5.92
4rj8_ligand,6.85
4o2b_ligand,6.83
4re2_ligand,5.5
4re4_ligand,5.11
4rqk_ligand,5.87
4rpn_ligand,5.81
4rr6_ligand,6.31
4rlu_ligand,6.36
4rpo_ligand,5.56
4rlt_ligand,6.32
4rlw_ligand,6.22
4qnb_ligand,7.52
4rra_ligand,6.38
4rhx_ligand,5.81
4rqv_ligand,6.25
4rvr_ligand,5.92
4rrf_ligand,6.21
4rrg_ligand,5.98
4rww_ligand,7.17
4tjz_ligand,5.2
4tkb_ligand,5.34
4rsk_ligand,5.08
4tkh_ligand,5.59
4rwj_ligand,7.5
4sga_ligand,6.54
4tkj_ligand,5.86
4s1g_ligand,7.35
4tqn_ligand,6.19
4tpw_ligand,5.88
4tt2_ligand,4.54
4tu4_ligand,5.99
4tte_ligand,5.41
4tun_ligand,4.56
4tmk_ligand,7.58
4tz2_ligand,6.05
4ryd_ligand,7.53
4ty6_ligand,7.07
4trc_ligand,4.62
4ty7_ligand,7.38
4u8w_ligand,7.72
4u0w_ligand,6.23
4u5n_ligand,6.11
4std_ligand,6.86
4u5o_ligand,4.94
4u5s_ligand,5.33
4ua8_ligand,6.66
4tim_ligand,4.77
4u54_ligand,4.77
4uac_ligand,7.3
4ucc_ligand,5.25
4u43_ligand,5.65
4uin_ligand,5.94
4uj1_ligand,6.76
4ts1_ligand,5.23
4uj2_ligand,6.92
4qij_ligand,8.56
4uc5_ligand,5.79
4uja_ligand,6.76
4u0f_ligand,6.14
4ujb_ligand,6.86
4ufi_ligand,5.11
4ufk_ligand,4.93
4ufj_ligand,5.31
4ufm_ligand,5.28
4ufl_ligand,5.48
4ual_ligand,6.39
4r0a_ligand,5.57
4und_ligand,6.74
4unp_ligand,6.0
4uye_ligand,5.9
4uyf_ligand,7.09
4w9c_ligand,6.4
4uof_ligand,5.18
4v01_ligand,8.51
4w9d_ligand,6.59
4w9f_ligand,6.64
4v27_ligand,5.33
4v24_ligand,8.31
4us3_ligand,6.17
4w9o_ligand,6.69
4w9p_ligand,6.79
4w9h_ligand,6.96
4w9i_ligand,6.58
4w52_ligand,5.1
4w9k_ligand,7.41
4w9l_ligand,7.48
4wiv_ligand,6.48
4ury_ligand,5.86
4urz_ligand,5.99
4wk1_ligand,6.74
4w9j_ligand,7.34
4wa9_ligand,7.36
4uoh_ligand,5.32
4wn5_ligand,6.65
4w97_ligand,8.12
4wt2_ligand,8.48
4x5p_ligand,6.37
4wov_ligand,5.89
4wkb_ligand,6.25
4wrb_ligand,6.76
4wkn_ligand,6.31
4x5q_ligand,6.52
4x5r_ligand,6.19
4wko_ligand,6.58
4wkp_ligand,6.26
4wop_ligand,5.43
4x6m_ligand,7.5
4x6n_ligand,7.91
4x50_ligand,6.25
4x8o_ligand,9.42
4x6o_ligand,7.86
4x8u_ligand,5.29
4x8v_ligand,7.32
4xip_ligand,7.03
4x5y_ligand,6.83
4xiq_ligand,7.14
4x24_ligand,6.26
4xir_ligand,7.56
4xit_ligand,7.57
4x5z_ligand,6.25
4umc_ligand,4.89
4umb_ligand,4.94
4xaq_ligand,5.98
4xo8_ligand,5.41
4xoc_ligand,5.51
4uma_ligand,4.97
4xt2_ligand,7.48
4xmb_ligand,7.34
4xoe_ligand,5.66
4xas_ligand,6.2
4xk9_ligand,9.41
4xtv_ligand,8.15
4xtw_ligand,7.81
4xy8_ligand,5.75
4xtx_ligand,8.01
4xtz_ligand,7.79
4xty_ligand,8.09
4xya_ligand,5.84
4xu1_ligand,7.94
4xu0_ligand,8.12
4xmr_ligand,5.37
4y0a_ligand,5.3
4xu3_ligand,7.44
4xu2_ligand,7.96
4xar_ligand,5.97
4y8x_ligand,8.07
4y3j_ligand,4.43
4y4j_ligand,4.83
4y3y_ligand,4.55
4y79_ligand,6.25
4xxh_ligand,6.47
4yc0_ligand,5.51
4ybk_ligand,7.92
4y5d_ligand,6.77
4yes_ligand,6.86
4yk0_ligand,5.31
4y59_ligand,6.63
4ynl_ligand,5.71
4ymx_ligand,5.64
4yhm_ligand,6.77
4yho_ligand,6.87
4yb5_ligand,5.29
4ymq_ligand,7.65
4y2q_ligand,5.59
4yml_ligand,6.24
4ymg_ligand,6.58
4ymh_ligand,6.48
4ykj_ligand,4.98
4ymb_ligand,6.15
4ynb_ligand,6.68
4ytc_ligand,6.81
4z0k_ligand,7.07
4yzu_ligand,6.53
4ykk_ligand,4.89
4yth_ligand,6.24
4z93_ligand,6.61
4zbf_ligand,7.68
4zbi_ligand,7.75
4zae_ligand,7.5
4z83_ligand,6.71
4zcs_ligand,6.4
4z84_ligand,6.68
4zgk_ligand,6.3
4z2b_ligand,7.36
4z07_ligand,6.08
4zip_ligand,8.72
4zb8_ligand,6.04
4zb6_ligand,6.02
4ysl_ligand,5.13
4zls_ligand,8.33
4zba_ligand,5.78
4zji_ligand,7.09
4zyf_ligand,7.86
4zt8_ligand,4.61
4zv2_ligand,5.19
4zv1_ligand,5.6
4zzd_ligand,5.98
4zeb_ligand,6.55
4zow_ligand,5.65
5a5q_ligand,5.39
4zl4_ligand,7.94
4zec_ligand,6.55
5a2i_ligand,5.31
4zvi_ligand,5.89
4zei_ligand,5.31
4zek_ligand,5.73
5a81_ligand,6.07
4zzx_ligand,5.66
4zzy_ligand,6.89
5acy_ligand,7.17
5aan_ligand,6.02
5a6x_ligand,5.08
5ant_ligand,6.32
5ahw_ligand,6.15
5anu_ligand,7.02
5aa9_ligand,6.73
5anv_ligand,7.01
5am7_ligand,6.21
5am6_ligand,6.22
5alb_ligand,7.68
5aut_ligand,6.39
5bry_ligand,7.49
5aqz_ligand,5.52
5ayt_ligand,6.72
5bs4_ligand,7.66
5b5f_ligand,6.76
5btx_ligand,5.22
5avf_ligand,4.72
5b5g_ligand,5.74
4zzz_ligand,5.61
5ave_ligand,4.91
5btv_ligand,4.86
5boj_ligand,5.92
5bw4_ligand,6.19
5afv_ligand,5.48
5bwc_ligand,5.95
5caq_ligand,6.67
5cbr_ligand,6.63
5cap_ligand,6.66
5cc2_ligand,5.9
5cep_ligand,6.43
5cau_ligand,6.71
5c8n_ligand,6.65
5bv3_ligand,6.57
5cbs_ligand,6.18
5c1m_ligand,7.43
5cas_ligand,6.76
5b2d_ligand,5.36
5cqt_ligand,6.25
5cp5_ligand,6.49
5cj6_ligand,6.82
5cso_ligand,5.37
5ceq_ligand,6.29
5cst_ligand,5.59
5cs3_ligand,4.37
5cp9_ligand,4.58
5cs6_ligand,4.72
5cqu_ligand,5.81
5csp_ligand,5.41
5cy9_ligand,6.13
5chk_ligand,6.46
5d0c_ligand,6.17
5d3h_ligand,6.07
5d3j_ligand,6.08
5ct2_ligand,4.83
5d3l_ligand,5.91
5d3n_ligand,6.0
5d3x_ligand,4.59
5d3t_ligand,6.05
5d3p_ligand,6.06
5cu4_ligand,8.42
5d24_ligand,6.22
5d25_ligand,6.05
5d45_ligand,7.59
5d26_ligand,5.94
5d47_ligand,7.32
5dbm_ligand,6.2
5d48_ligand,8.09
5d21_ligand,5.15
5cks_ligand,5.19
5dgw_ligand,7.73
5dkn_ligand,5.68
5dlx_ligand,6.47
5dit_ligand,7.32
5d0r_ligand,6.57
5dey_ligand,7.72
5dgu_ligand,7.68
5a6k_ligand,5.69
5dfp_ligand,7.43
5dq8_ligand,6.37
5dnu_ligand,5.22
5duw_ligand,4.65
5dx4_ligand,6.23
5dqe_ligand,6.37
5dus_ligand,6.73
5dwr_ligand,7.55
5dhu_ligand,6.21
5e6o_ligand,6.3
5dex_ligand,6.0
5dqc_ligand,9.43
5e7n_ligand,6.38
5e2o_ligand,7.43
5e1s_ligand,6.69
5e2p_ligand,7.7
5e13_ligand,5.13
5e8f_ligand,5.83
5e73_ligand,6.19
5e74_ligand,6.58
5dyo_ligand,7.0
5e89_ligand,5.76
5edc_ligand,7.28
5edb_ligand,6.75
5d6j_ligand,6.76
5edl_ligand,5.86
5efa_ligand,5.23
5egu_ligand,6.32
5efc_ligand,4.8
5ect_ligand,6.21
5eis_ligand,5.76
5egm_ligand,7.56
5edd_ligand,5.89
5ei3_ligand,5.43
5eng_ligand,5.87
5dqf_ligand,5.78
5epl_ligand,8.71
5ep7_ligand,5.5
5eq1_ligand,5.18
5er4_ligand,5.32
5etb_ligand,5.38
5eu1_ligand,5.94
5el9_ligand,5.37
5ehr_ligand,7.01
5elw_ligand,5.4
5en3_ligand,6.25
5ehq_ligand,9.63
5ewk_ligand,5.92
5ewy_ligand,5.63
5er2_ligand,8.84
5exm_ligand,7.35
5exn_ligand,8.08
5e2l_ligand,5.54
5evz_ligand,6.25
5f1h_ligand,6.06
5er1_ligand,6.47
5exw_ligand,6.83
5eqp_ligand,5.68
5eqe_ligand,5.55
5f2p_ligand,5.11
5eyr_ligand,7.3
5f0f_ligand,7.33
5ey4_ligand,4.92
5f1v_ligand,4.28
5f5z_ligand,7.46
5f2u_ligand,8.55
5dxt_ligand,6.65
5ey0_ligand,5.57
4ko8_ligand,6.53
5f25_ligand,5.85
5eqy_ligand,6.48
5f1r_ligand,7.36
5f60_ligand,7.0
5f8y_ligand,4.75
5f61_ligand,7.46
5f1x_ligand,6.59
5f62_ligand,7.01
5f63_ligand,7.2
5etj_ligand,5.96
5fe6_ligand,5.24
5fe7_ligand,5.31
5f2r_ligand,6.8
5f08_ligand,7.37
5fe9_ligand,5.61
5fbi_ligand,5.1
5fh7_ligand,6.21
5f74_ligand,5.05
5fh8_ligand,6.45
5fnf_ligand,5.65
5fck_ligand,7.39
5fot_ligand,6.12
5fnr_ligand,6.03
5fou_ligand,5.86
5fns_ligand,6.45
5fnt_ligand,7.12
5fnu_ligand,7.47
5f9b_ligand,8.08
5fnd_ligand,5.39
5fog_ligand,5.88
5fnc_ligand,5.87
5fox_ligand,5.83
5fov_ligand,5.56
5fsn_ligand,5.23
5fso_ligand,4.91
5fho_ligand,7.41
5fpk_ligand,6.19
5fs5_ligand,5.26
5g2g_ligand,6.52
5fsy_ligand,6.79
5fhn_ligand,7.65
5fto_ligand,7.83
5fsx_ligand,5.73
5fol_ligand,6.34
5fyx_ligand,5.82
5g46_ligand,4.96
5fut_ligand,6.87
5g45_ligand,5.47
5g1z_ligand,5.94
5g5f_ligand,4.83
5h85_ligand,5.32
5fsc_ligand,4.4
5h9r_ligand,5.45
5h5f_ligand,6.9
5ha1_ligand,7.23
5hbn_ligand,4.59
5hrv_ligand,6.14
5hbs_ligand,7.38
5h8g_ligand,7.0
5h8e_ligand,7.09
5hrw_ligand,6.11
5gsa_ligand,6.34
5hcv_ligand,8.09
5hrx_ligand,6.15
5hjq_ligand,4.26
5hct_ligand,6.48
5hcy_ligand,7.75
5ftg_ligand,6.71
5hz5_ligand,7.54
5hz6_ligand,7.58
5hu9_ligand,9.1
5g60_ligand,5.7
5hz8_ligand,7.48
5hvs_ligand,7.23
5gs9_ligand,5.47
5hwu_ligand,5.75
5hz9_ligand,6.65
5i1q_ligand,6.48
5i2e_ligand,6.87
5i2f_ligand,5.88
5htz_ligand,6.57
5i7x_ligand,5.91
5i7y_ligand,6.37
5hvt_ligand,6.65
5i29_ligand,6.19
5i80_ligand,5.82
5i88_ligand,6.3
5i9x_ligand,6.71
5i9z_ligand,6.65
5i9y_ligand,7.28
5ia0_ligand,6.89
5i3v_ligand,7.18
5ia1_ligand,6.9
5i3x_ligand,8.39
5i3w_ligand,7.62
5i3y_ligand,8.73
5ia2_ligand,7.09
5igm_ligand,6.51
5ia3_ligand,7.37
5ii2_ligand,6.3
5ia4_ligand,8.32
5ijr_ligand,4.67
5ia5_ligand,8.64
5ipc_ligand,6.53
5ikb_ligand,5.68
5ih9_ligand,6.64
5ime_ligand,7.12
5ie1_ligand,6.99
5g5z_ligand,5.89
5ihh_ligand,6.11
5ioz_ligand,6.44
5ito_ligand,6.05
5itp_ligand,6.18
5ipj_ligand,7.03
5iyy_ligand,5.03
5j0d_ligand,6.26
5ive_ligand,6.03
5ivc_ligand,6.2
5j1x_ligand,5.2
5ivv_ligand,5.86
5j2x_ligand,6.33
5ivy_ligand,5.84
5izj_ligand,5.95
5izf_ligand,6.78
5j1r_ligand,5.73
5j3l_ligand,6.28
5j7q_ligand,5.98
5j6l_ligand,6.87
5j6n_ligand,6.67
5j6m_ligand,6.8
5j20_ligand,6.85
5j27_ligand,6.64
5j8m_ligand,6.25
5j8u_ligand,6.03
5j9x_ligand,6.79
5jfp_ligand,8.15
5jfu_ligand,8.51
5jg1_ligand,8.34
5j41_ligand,6.0
5jgi_ligand,4.83
5j64_ligand,6.09
5jgq_ligand,5.06
5j82_ligand,6.71
5ji8_ligand,5.1
5jhk_ligand,5.16
5j86_ligand,7.03
5j7w_ligand,6.07
5j6a_ligand,6.0
5jsg_ligand,7.31
5isz_ligand,11.54
5jsj_ligand,7.88
5k8s_ligand,6.27
5jq5_ligand,7.02
5jsq_ligand,5.66
5k0h_ligand,7.28
5k03_ligand,5.8
5k9w_ligand,5.96
5ka1_ligand,5.99
5k0m_ligand,6.75
5kax_ligand,7.35
5kat_ligand,6.72
5jy3_ligand,8.52
5ka9_ligand,5.52
5ka7_ligand,6.02
5ja0_ligand,6.3
5kab_ligand,5.4
5jox_ligand,4.82
5kad_ligand,5.93
5kcb_ligand,6.74
5km9_ligand,4.98
5kly_ligand,6.47
5kma_ligand,6.04
5kqx_ligand,9.02
5khm_ligand,7.18
5kqy_ligand,7.65
5kr0_ligand,7.38
5kr1_ligand,7.58
5ko1_ligand,6.42
5kej_ligand,5.26
5kr2_ligand,8.81
5l2s_ligand,7.0
5kz0_ligand,6.53
5l7e_ligand,7.0
5l3a_ligand,5.1
5l8a_ligand,6.51
5l7g_ligand,7.59
5l4i_ligand,6.1
5l4j_ligand,5.39
5l4m_ligand,5.11
5l7h_ligand,7.74
5l9o_ligand,5.98
5ldm_ligand,4.75
5ldp_ligand,5.0
5l30_ligand,8.04
5l9g_ligand,6.04
5lne_ligand,5.09
5l9i_ligand,6.32
5l9l_ligand,6.13
5kva_ligand,6.47
5lli_ligand,6.96
5lso_ligand,6.63
5lsh_ligand,5.35
5lny_ligand,7.24
5lvq_ligand,5.54
5lud_ligand,4.33
5lom_ligand,6.35
5ko5_ligand,4.67
5lsg_ligand,8.7
5lvr_ligand,5.17
5jhb_ligand,6.24
5ltn_ligand,4.18
5lvl_ligand,6.07
5lwm_ligand,6.42
5kby_ligand,6.37
5lyr_ligand,5.48
5lz4_ligand,6.22
5m5d_ligand,5.28
5lz5_ligand,6.66
5lz7_ligand,6.71
5m04_ligand,5.76
5m23_ligand,6.8
5m17_ligand,5.35
5mge_ligand,4.84
5m25_ligand,6.59
5mg2_ligand,6.24
5gmh_ligand,6.65
5mgf_ligand,4.44
5mgj_ligand,4.86
5mgk_ligand,4.55
5ld8_ligand,5.8
5m28_ligand,6.06
5mlj_ligand,6.02
5mme_ligand,6.1
5mmg_ligand,6.08
5mek_ligand,6.94
5mn1_ligand,4.63
5mpk_ligand,6.42
5mnn_ligand,5.0
5mpz_ligand,4.78
5mpn_ligand,6.1
5mqe_ligand,4.74
5meh_ligand,4.86
5mwh_ligand,6.06
5mks_ligand,5.53
5mkr_ligand,5.9
5mes_ligand,7.86
5mo8_ligand,8.25
5mod_ligand,5.42
5mwp_ligand,7.28
5mrb_ligand,7.72
5mwy_ligand,7.81
5n17_ligand,6.08
5n18_ligand,6.7
5n1z_ligand,6.72
5my8_ligand,7.64
5n84_ligand,6.73
5n93_ligand,7.02
5n9r_ligand,7.82
5m7s_ligand,5.82
5n99_ligand,6.5
5ngz_ligand,4.78
5n6s_ligand,5.93
5m7u_ligand,6.3
5nbw_ligand,7.49
5neb_ligand,5.6
5nih_ligand,5.56
5njz_ligand,7.43
5mxf_ligand,4.92
5mby_ligand,4.77
5nk3_ligand,7.33
5nau_ligand,6.84
5nap_ligand,6.78
5nk4_ligand,7.47
5nk7_ligand,7.36
5ne5_ligand,5.24
5nk6_ligand,7.49
5nk8_ligand,7.9
5ndf_ligand,5.19
5nk2_ligand,7.41
5nk9_ligand,7.53
5nka_ligand,7.55
5nlk_ligand,6.87
5nkb_ligand,7.4
5nkc_ligand,7.55
5nvv_ligand,6.8
5nki_ligand,7.23
5nvw_ligand,7.14
5nvx_ligand,7.13
5nkd_ligand,7.49
5nkg_ligand,7.5
5nkh_ligand,7.81
5nw0_ligand,6.98
5nw2_ligand,6.81
5nw1_ligand,7.08
5o5a_ligand,5.95
5o2d_ligand,7.76
5mz8_ligand,4.57
5nwe_ligand,5.76
5nyh_ligand,7.06
5nz4_ligand,5.83
5nze_ligand,5.91
5nwi_ligand,5.91
5nzf_ligand,5.75
5nzn_ligand,5.82
5o58_ligand,6.69
5ogb_ligand,7.4
5o9o_ligand,6.8
5odx_ligand,7.09
5o9p_ligand,6.42
5o9q_ligand,6.46
5o9r_ligand,5.99
5o87_ligand,5.57
5oei_ligand,5.01
5o9y_ligand,6.6
5oaj_ligand,4.89
5obg_ligand,6.87
5oa6_ligand,6.92
5oku_ligand,4.96
5oot_ligand,6.62
5op4_ligand,6.0
5op5_ligand,6.18
5oq8_ligand,6.72
5om2_ligand,6.9
5om3_ligand,6.76
5om7_ligand,7.32
5orv_ligand,4.41
5orw_ligand,4.9
5orh_ligand,5.74
5os2_ligand,5.12
5os4_ligand,5.61
5os5_ligand,5.45
5nn5_ligand,5.14
5nn6_ligand,5.22
5org_ligand,6.36
5os7_ligand,7.25
5ose_ligand,4.32
5ot8_ligand,6.15
5os8_ligand,5.29
5ot9_ligand,5.78
5ota_ligand,5.8
5otc_ligand,5.37
5osl_ligand,5.2
5oht_ligand,5.29
5ohy_ligand,5.16
5ovc_ligand,6.72
5ovp_ligand,6.83
5ovv_ligand,6.7
5oqu_ligand,6.42
5ov8_ligand,6.13
5otr_ligand,6.6
5ork_ligand,6.54
5orj_ligand,6.83
5ovr_ligand,6.04
5otz_ligand,6.99
5qal_ligand,5.31
5qa8_ligand,5.26
5ovx_ligand,6.02
5qqp_ligand,7.76
5qtt_ligand,8.26
5sym_ligand,7.01
5t7s_ligand,4.75
5qay_ligand,5.0
5owl_ligand,5.73
5t9u_ligand,6.7
5sxm_ligand,6.9
5t9w_ligand,6.69
5t9z_ligand,6.82
5oxk_ligand,5.17
5ta2_ligand,7.02
5tb6_ligand,5.58
5ta4_ligand,6.94
5t8o_ligand,6.81
5t8p_ligand,5.75
5t19_ligand,6.9
5tbm_ligand,7.02
5tpx_ligand,6.9
5tbe_ligand,8.76
5tmp_ligand,7.44
5twj_ligand,6.07
5tkj_ligand,6.92
5tkk_ligand,7.68
5tcj_ligand,6.43
5oss_ligand,5.57
5ttw_ligand,5.92
5u4b_ligand,6.13
5std_ligand,7.72
5u28_ligand,6.06
5u6j_ligand,7.66
5u4d_ligand,6.36
5u0w_ligand,5.01
5u0z_ligand,5.65
5ueu_ligand,6.33
5ost_ligand,5.48
5uc4_ligand,6.76
5uez_ligand,5.79
5uf0_ligand,5.33
5ucj_ligand,6.72
5u0y_ligand,5.09
5ufc_ligand,5.7
5u11_ligand,5.28
5ula_ligand,6.03
5uff_ligand,5.05
5ufp_ligand,7.12
5ufr_ligand,7.88
5u13_ligand,5.86
5tef_ligand,5.3
5u12_ligand,5.72
5u8c_ligand,7.1
5u14_ligand,6.26
5ufs_ligand,7.99
5ulp_ligand,6.3
5uoo_ligand,6.86
5ult_ligand,7.75
5umy_ligand,7.96
5uov_ligand,8.7
5umx_ligand,5.95
5upz_ligand,8.49
5upj_ligand,6.89
5ut6_ligand,6.3
5var_ligand,5.53
5v7a_ligand,5.26
5v79_ligand,5.92
5uxf_ligand,7.05
5v82_ligand,6.85
5vb6_ligand,8.89
5vb5_ligand,8.78
5v0n_ligand,9.26
5vb7_ligand,8.31
5vc3_ligand,6.74
5vc4_ligand,6.87
5vcv_ligand,7.09
5vh0_ligand,7.01
5vcw_ligand,6.92
5vcy_ligand,6.67
5vcz_ligand,6.82
5vd2_ligand,6.73
5vd0_ligand,7.8
5vd1_ligand,7.4
5vd3_ligand,6.76
5vm0_ligand,7.11
5uv2_ligand,5.46
5vja_ligand,5.9
5vo1_ligand,6.25
5vyy_ligand,6.53
5wa5_ligand,6.26
5w44_ligand,5.89
5vl2_ligand,7.15
5wa8_ligand,6.07
5wa9_ligand,6.01
5vih_ligand,6.13
5vij_ligand,6.27
5we9_ligand,5.41
5wal_ligand,6.46
5wij_ligand,6.55
5wmg_ligand,6.81
5wlo_ligand,8.44
5w1e_ligand,5.48
5win_ligand,6.43
5upe_ligand,7.77
5upf_ligand,8.03
5wbo_ligand,5.42
5wbm_ligand,5.55
5x74_ligand,9.28
5x54_ligand,6.72
5xg5_ligand,4.74
5wl0_ligand,7.32
5w2s_ligand,5.83
5wuk_ligand,6.35
5wp5_ligand,6.13
5xpi_ligand,4.5
5y8y_ligand,5.64
5y12_ligand,5.87
5y13_ligand,6.04
5wqc_ligand,6.67
5y94_ligand,5.79
5vr8_ligand,6.73
5xsr_ligand,6.37
5uk8_ligand,7.15
5xmx_ligand,7.83
5yj8_ligand,5.05
5ya5_ligand,6.62
5xo7_ligand,7.63
5yfs_ligand,6.12
5yas_ligand,4.64
5yft_ligand,6.24
5ymx_ligand,5.96
5xva_ligand,6.77
5x62_ligand,6.39
5yqx_ligand,6.1
5yyf_ligand,6.74
5yz2_ligand,5.18
5yh8_ligand,5.87
5yhe_ligand,5.73
5yhg_ligand,5.93
5z7b_ligand,5.56
5za7_ligand,6.01
5za8_ligand,6.09
5zae_ligand,6.33
5zaf_ligand,6.1
5zag_ligand,6.11
5z7j_ligand,7.35
5zaj_ligand,6.14
5zc5_ligand,6.55
5zdb_ligand,6.93
5z66_ligand,7.34
5z99_ligand,6.06
5zhl_ligand,6.0
5zyg_ligand,7.17
5zyl_ligand,7.66
5vsj_ligand,6.2
5zkc_ligand,6.71
5zo8_ligand,7.11
5yl2_ligand,7.57
5zg1_ligand,6.52
5zvw_ligand,7.05
5zni_ligand,6.19
6a87_ligand,4.96
5znc_ligand,6.67
6ajy_ligand,5.61
6ajv_ligand,5.7
6aox_ligand,5.09
6ajz_ligand,5.6
5zym_ligand,7.58
6ajr_ligand,4.93
6arm_ligand,5.39
6arn_ligand,5.32
6aro_ligand,5.48
6as8_ligand,6.08
6b4l_ligand,7.15
6ayi_ligand,6.36
6b1k_ligand,6.97
6b4u_ligand,7.93
6aqs_ligand,5.41
6ayq_ligand,6.29
6b5q_ligand,8.43
6ayo_ligand,6.6
6ays_ligand,6.84
6ayr_ligand,6.79
6ayt_ligand,6.56
6bbx_ligand,7.28
6b7a_ligand,5.29
5z5f_ligand,5.02
6bdy_ligand,5.65
6bhv_ligand,7.17
6c7q_ligand,6.67
5zw6_ligand,6.86
6c0s_ligand,8.29
6b7b_ligand,4.81
6bm5_ligand,5.58
6bm6_ligand,5.52
6cdj_ligand,8.44
6abx_ligand,5.17
6cdl_ligand,8.42
6cbf_ligand,6.53
6cbg_ligand,6.04
6ckr_ligand,6.63
6cjr_ligand,8.07
6c2r_ligand,6.9
6cdo_ligand,7.23
6cdp_ligand,7.33
6cks_ligand,6.71
6bs4_ligand,6.05
6c9s_ligand,7.8
6bs3_ligand,5.77
6cjs_ligand,7.11
6cq1_ligand,6.02
6cn5_ligand,8.8
6c9v_ligand,7.12
5wyz_ligand,7.39
6cwh_ligand,5.95
6cwn_ligand,6.08
6c85_ligand,4.37
6cpw_ligand,9.04
6cvf_ligand,5.4
6cfc_ligand,5.66
6cvv_ligand,4.6
5wyx_ligand,6.92
6czb_ligand,4.48
6cze_ligand,4.62
6czc_ligand,5.33
6d15_ligand,5.23
6d16_ligand,5.38
6d9x_ligand,5.94
6chp_ligand,7.04
6d17_ligand,5.48
6d19_ligand,5.84
6d18_ligand,5.82
6ckw_ligand,7.36
6dai_ligand,5.89
6d9s_ligand,5.58
6det_ligand,5.4
6dak_ligand,6.82
6dar_ligand,7.18
6dh1_ligand,7.75
6dh2_ligand,7.94
6dh6_ligand,7.7
6dgl_ligand,7.54
6d5e_ligand,7.15
6d5g_ligand,7.24
6d5h_ligand,7.64
6d3q_ligand,5.6
6d5j_ligand,6.9
6dh7_ligand,7.81
6dh8_ligand,7.96
6dif_ligand,8.47
6dil_ligand,8.34
6dj1_ligand,8.9
6dj2_ligand,8.77
6dj7_ligand,7.68
6dj5_ligand,7.7
6dl2_ligand,5.95
6dgr_ligand,6.15
6d78_ligand,10.14
6d55_ligand,7.34
6dyn_ligand,4.1
6dyr_ligand,4.73
6d56_ligand,7.7
6dys_ligand,5.4
6czf_ligand,5.31
6dy7_ligand,5.54
6dq4_ligand,6.16
6dpt_ligand,6.02
6dpz_ligand,5.72
6dpx_ligand,6.05
6dpy_ligand,5.74
6e4a_ligand,6.24
6e5t_ligand,6.54
6e5l_ligand,6.92
6dyu_ligand,6.28
6dzx_ligand,4.79
6dyv_ligand,6.57
6e1y_ligand,6.99
6dyw_ligand,6.93
6e1z_ligand,5.08
6dyy_ligand,6.81
6e7j_ligand,8.11
6e6m_ligand,6.61
6e9a_ligand,7.84
6ei5_ligand,7.34
6edr_ligand,5.17
6e22_ligand,6.41
6d50_ligand,5.35
6e23_ligand,7.89
6eiz_ligand,5.74
6eif_ligand,6.24
6ekq_ligand,5.52
6eiq_ligand,6.64
6eij_ligand,6.72
6el5_ligand,5.84
6dyz_ligand,5.96
6eis_ligand,7.07
6dz0_ligand,6.31
6eln_ligand,6.25
6elo_ligand,6.7
6dz2_ligand,6.8
6eog_ligand,5.7
6ej2_ligand,6.99
6elp_ligand,6.94
6dz3_ligand,6.31
6ej3_ligand,7.02
6e7t_ligand,7.44
6eol_ligand,5.78
6e7r_ligand,7.01
6epa_ligand,6.56
6eq2_ligand,5.06
6eq3_ligand,5.53
6eq7_ligand,5.92
6eq5_ligand,5.17
6euw_ligand,6.68
6evn_ligand,5.99
6exj_ligand,6.87
6eux_ligand,6.5
6ey8_ligand,7.01
6eir_ligand,6.58
6ey9_ligand,7.12
6eya_ligand,7.04
6eyb_ligand,7.27
6eqv_ligand,6.96
6eqw_ligand,7.24
6ep4_ligand,5.21
6f05_ligand,4.95
6eqx_ligand,7.33
6exs_ligand,5.47
6f1n_ligand,6.42
6f20_ligand,5.33
6eyt_ligand,6.38
6f9g_ligand,4.55
6fa4_ligand,5.85
6fgg_ligand,4.93
6eqp_ligand,6.15
6fcj_ligand,6.13
6fmc_ligand,5.57
6epz_ligand,6.04
6eq1_ligand,7.65
6eq8_ligand,6.24
6fmj_ligand,6.47
6fnf_ligand,8.94
6fng_ligand,8.83
6ezq_ligand,6.51
6fhk_ligand,6.43
6fni_ligand,9.07
6fnj_ligand,8.79
6fo5_ligand,6.29
6fsy_ligand,6.12
6fs1_ligand,7.7
6fnq_ligand,4.86
6fnr_ligand,4.73
6ftz_ligand,5.97
6fuh_ligand,7.01
6fba_ligand,5.67
6ftf_ligand,6.46
6exi_ligand,5.86
6fui_ligand,7.01
6g2b_ligand,5.85
6fuj_ligand,6.04
6ftp_ligand,7.09
6g2c_ligand,5.88
6g2e_ligand,5.97
6g2f_ligand,6.46
6g2o_ligand,6.65
6faa_ligand,5.53
6g0z_ligand,5.89
6g2r_ligand,6.35
6g2s_ligand,6.07
6fh3_ligand,4.82
6f90_ligand,5.4
6g24_ligand,5.35
6g25_ligand,5.87
6g27_ligand,6.32
6fs0_ligand,8.83
6g2l_ligand,6.82
6g29_ligand,5.97
6fz4_ligand,5.76
6g3a_ligand,5.91
6g2m_ligand,6.96
6g9i_ligand,5.93
6g14_ligand,5.68
6g9x_ligand,5.13
6ge7_ligand,5.88
6gf9_ligand,5.82
6gfs_ligand,5.62
6ghh_ligand,5.44
6gj6_ligand,6.01
6gfz_ligand,6.92
6g34_ligand,5.91
6g37_ligand,5.59
6g38_ligand,5.57
6gj8_ligand,6.09
6gji_ligand,5.04
6gjj_ligand,5.09
6g39_ligand,5.9
6gjm_ligand,5.14
6gjl_ligand,5.2
6gjn_ligand,6.65
6gjr_ligand,5.34
6gl8_ligand,8.32
6gla_ligand,6.55
6glb_ligand,6.32
6gl9_ligand,6.74
6ghj_ligand,5.66
6gnp_ligand,4.75
6gnm_ligand,5.75
6gnr_ligand,5.9
6gnw_ligand,5.26
6guh_ligand,6.93
6gon_ligand,4.79
6guk_ligand,6.8
6gg4_ligand,5.27
6gxg_ligand,5.21
6gvz_ligand,6.32
6gw4_ligand,6.31
6guc_ligand,5.72
6h1d_ligand,6.55
6gzd_ligand,6.07
6gue_ligand,6.94
6h1u_ligand,5.17
6h2t_ligand,5.26
6h8s_ligand,5.42
6hai_ligand,11.36
6gwe_ligand,7.31
6hhr_ligand,6.03
6hgr_ligand,5.75
6hax_ligand,10.32
6hgs_ligand,5.95
6hay_ligand,10.12
6gwr_ligand,8.28
6hgf_ligand,6.8
6hh3_ligand,6.37
6hh5_ligand,6.06
6hgg_ligand,6.7
6hgi_ligand,6.71
6gzm_ligand,6.36
6hpw_ligand,6.95
6ht1_ligand,6.55
6hni_ligand,5.89
6hly_ligand,5.6
6hk3_ligand,6.53
6hk4_ligand,6.36
6hoq_ligand,5.58
6hmg_ligand,5.48
6hm1_ligand,6.21
6hr2_ligand,10.53
6i8y_ligand,5.64
6i5g_ligand,6.12
6i8t_ligand,6.91
6i8m_ligand,7.05
6hza_ligand,7.66
6hzb_ligand,7.53
6i0z_ligand,5.93
6i12_ligand,6.94
6i11_ligand,6.86
6i13_ligand,6.94
6i14_ligand,7.12
6hq7_ligand,6.29
6i61_ligand,7.12
6i62_ligand,7.03
6f92_ligand,5.34
6i63_ligand,6.71
6i17_ligand,7.4
6i64_ligand,6.54
6i65_ligand,5.67
6i18_ligand,7.22
6gvf_ligand,6.47
6iez_ligand,7.4
6if0_ligand,7.77
6iht_ligand,4.8
6idb_ligand,4.99
6ift_ligand,7.07
6i67_ligand,5.88
6ixd_ligand,9.22
6i66_ligand,5.82
6iou_ligand,4.79
6idg_ligand,6.66
6j0g_ligand,4.88
6j3o_ligand,5.42
6j3p_ligand,5.96
6j0o_ligand,7.07
6hzy_ligand,5.76
6j1l_ligand,8.27
6im4_ligand,6.79
6j7e_ligand,6.12
6ior_ligand,4.86
6ios_ligand,5.23
6j9y_ligand,6.69
6j9w_ligand,6.67
6jad_ligand,6.67
6jag_ligand,6.64
6jan_ligand,6.52
6jam_ligand,6.47
6jao_ligand,6.42
6jap_ligand,6.43
6jaq_ligand,5.27
6jav_ligand,5.86
6jaw_ligand,5.92
6jay_ligand,6.11
6ibk_ligand,5.33
6jb0_ligand,6.26
6k04_ligand,6.74
6jdi_ligand,6.28
6jdl_ligand,6.15
6jon_ligand,6.09
6j72_ligand,6.4
6jb4_ligand,6.33
6jbb_ligand,6.24
6jof_ligand,6.28
6jbe_ligand,5.22
6md0_ligand,6.15
6k3l_ligand,6.79
6mh1_ligand,6.96
6jfk_ligand,6.22
6mh7_ligand,7.02
6kjd_ligand,7.24
6mku_ligand,5.55
6mkw_ligand,5.23
6ml9_ligand,5.64
6mla_ligand,5.54
6mle_ligand,5.64
6mlg_ligand,5.4
6mg5_ligand,6.43
6mli_ligand,4.99
6mlj_ligand,5.6
6mlp_ligand,5.09
6mln_ligand,5.55
6mlo_ligand,5.31
6mm2_ligand,7.51
6mll_ligand,6.18
6md6_ligand,4.9
6jtc_ligand,5.12
6ma2_ligand,5.83
6mqc_ligand,8.69
6ma3_ligand,6.12
6mnv_ligand,5.36
6mjf_ligand,6.58
6n3v_ligand,5.8
6mnc_ligand,6.65
6msy_ligand,5.53
6ma5_ligand,6.05
6ma4_ligand,6.27
6mqe_ligand,8.93
6n3w_ligand,5.92
6mxc_ligand,6.0
6n3y_ligand,6.28
6n3x_ligand,6.15
6ncn_ligand,5.34
6nco_ligand,6.14
6n5x_ligand,3.91
6n8x_ligand,5.76
6ne5_ligand,9.02
6n7a_ligand,6.41
6n7d_ligand,6.3
6n78_ligand,6.48
6n79_ligand,6.53
6n7b_ligand,6.29
6nfh_ligand,6.55
6nsv_ligand,6.95
6ndl_ligand,7.5
6nmb_ligand,4.82
6np2_ligand,5.97
6np3_ligand,6.06
6no9_ligand,6.94
6mu3_ligand,5.74
6nxz_ligand,4.14
6ny0_ligand,3.67
6o0k_ligand,8.72
6mub_ligand,4.96
6o0m_ligand,8.54
6nwl_ligand,7.61
6nwk_ligand,7.77
6nyv_ligand,6.59
6nv7_ligand,8.56
6o0o_ligand,8.11
6nv9_ligand,8.9
6o0p_ligand,8.63
6o5a_ligand,8.56
6nfy_ligand,6.45
6nw3_ligand,8.9
6o5x_ligand,8.86
6o48_ligand,8.57
6o5u_ligand,5.95
6nu1_ligand,4.53
6olx_ligand,5.73
6oqb_ligand,8.85
6nu5_ligand,4.56
6oqc_ligand,8.83
6oja_ligand,4.85
6o94_ligand,7.3
6oqd_ligand,8.8
6otg_ligand,7.53
6ooy_ligand,6.88
6orr_ligand,8.95
6o9c_ligand,8.47
6p9e_ligand,6.66
6o95_ligand,6.93
6om8_ligand,6.78
6pg3_ligand,5.04
6pg4_ligand,4.79
6pg6_ligand,5.31
6pg5_ligand,5.82
6pg7_ligand,5.5
6p5o_ligand,5.16
6p3v_ligand,6.19
6pg9_ligand,5.95
6pg8_ligand,5.56
6pga_ligand,5.14
6pgb_ligand,5.94
6pi6_ligand,6.0
6p83_ligand,6.88
6p84_ligand,6.47
6pge_ligand,5.06
6p86_ligand,6.99
6p87_ligand,5.82
6p8a_ligand,6.15
6p89_ligand,6.14
6pi5_ligand,5.03
6p85_ligand,6.19
6pgc_ligand,5.82
6p88_ligand,6.45
6pvv_ligand,4.62
6pvw_ligand,5.23
6prf_ligand,8.06
6poi_ligand,5.68
6pvz_ligand,5.87
6p3t_ligand,7.39
6q3q_ligand,5.3
6py0_ligand,6.63
6q3y_ligand,6.27
6q3z_ligand,6.37
6ouv_ligand,7.33
6pve_ligand,8.68
6pl1_ligand,7.71
6qge_ligand,5.69
6qgf_ligand,5.59
6q4e_ligand,4.96
6qas_ligand,6.82
6q4g_ligand,5.81
6qe0_ligand,6.08
6qgg_ligand,8.73
6qe5_ligand,6.72
6qgh_ligand,9.18
6phx_ligand,6.41
6plf_ligand,6.17
6qln_ligand,5.46
6qlp_ligand,5.53
6qi4_ligand,5.29
6qlq_ligand,5.55
6qlo_ligand,5.51
6qlr_ligand,5.46
6qi7_ligand,5.58
6qls_ligand,5.38
6qlt_ligand,5.45
6pu3_ligand,5.58
6qlu_ligand,5.59
6qpl_ligand,5.64
6qau_ligand,6.74
6ppy_ligand,6.03
6qav_ligand,7.02
6qmk_ligand,7.27
6qmj_ligand,7.01
6qqq_ligand,6.14
6qqw_ligand,6.49
6qqv_ligand,6.57
6qqu_ligand,5.92
6qqz_ligand,6.45
6qz5_ligand,6.6
6qr0_ligand,6.47
6qr1_ligand,6.72
6qr2_ligand,6.74
6qr3_ligand,6.6
6qr4_ligand,6.57
6qr7_ligand,6.74
6quv_ligand,6.04
6qr9_ligand,6.63
6r8l_ligand,7.11
6qrc_ligand,6.51
6r8o_ligand,7.07
6r9u_ligand,5.41
6r8w_ligand,6.86
6r9x_ligand,5.73
6rnt_ligand,4.95
6s56_ligand,5.98
6rot_ligand,7.03
6s57_ligand,6.93
6s4n_ligand,8.68
6s5k_ligand,8.72
6s4t_ligand,9.35
6r1b_ligand,4.94
6sge_ligand,7.22
6ssy_ligand,4.77
6rtw_ligand,8.13
6st0_ligand,4.95
6t1j_ligand,5.94
6t1l_ligand,5.83
6t1i_ligand,5.93
6t1m_ligand,6.62
6t1n_ligand,6.66
6t1o_ligand,6.87
6szp_ligand,4.72
6udi_ligand,8.63
6ud2_ligand,8.71
6rih_ligand,5.96
6udt_ligand,8.69
6sbt_ligand,5.88
6udu_ligand,8.59
6stl_ligand,4.74
6u6w_ligand,5.96
6u5y_ligand,6.67
6u8b_ligand,6.13
6udv_ligand,8.93
6u8o_ligand,6.27
6upj_ligand,6.57
7upj_ligand,7.42
184l_ligand,5.81
187l_ligand,5.52
185l_ligand,5.14
188l_ligand,5.47
186l_ligand,5.76
8a3h_ligand,6.02
6std_ligand,6.87
6ueg_ligand,5.43
10gs_ligand,6.47
6r4k_ligand,5.44
7std_ligand,7.05
